10701	19018	1	1370	340
10701	19018	2	990	380
10701	19018	3	590	420
10701	19018	4	1490	460
10801	33001	1	590	540
10801	33002	2	870	440
10801	33002	3	950	460
10801	15009	4	1430	660
10801	33003	5	310	580
10801	33003	6	230	600
10801	38210	7	1190	640
10801	38211	8	1170	720
10801	38212	9	1330	660
10801	38212	10	1310	720
10802	33001	1	590	540
10802	33002	2	870	440
10802	33002	3	950	460
10802	15009	4	1430	660
10802	33003	5	310	580
10802	33003	6	230	600
10802	38210	7	1190	640
10802	38211	8	1170	740
10802	38212	9	1330	680
10802	38212	10	1290	740
10803	33001	1	590	540
10803	33002	2	870	440
10803	33002	3	950	460
10803	15009	4	1430	660
10803	33003	5	310	580
10803	33003	6	230	600
10803	38210	7	1190	620
10803	38211	8	1150	700
10803	38212	9	1350	660
10803	38212	10	1310	720
10804	33001	1	590	540
10804	33002	2	870	440
10804	33002	3	950	460
10804	15009	4	1430	660
10804	33003	5	310	580
10804	33003	6	230	600
10804	38210	7	1190	620
10804	38211	8	1150	680
10804	38212	9	1350	660
10804	38212	10	1310	720
10805	33001	1	590	540
10805	33002	2	870	440
10805	33002	3	950	460
10805	15009	4	1430	660
10805	33003	5	310	580
10805	33003	6	230	600
10805	38210	7	1210	620
10805	38211	8	1170	680
10805	38212	9	1350	660
10805	38212	10	1310	720
10806	33001	1	590	540
10806	33002	2	870	440
10806	33002	3	950	460
10806	15009	4	1430	660
10806	33003	5	310	580
10806	33003	6	230	600
10806	38210	7	1210	620
10806	38211	8	1150	680
10806	38212	9	1350	680
10806	38212	10	1290	740
10807	33001	1	590	540
10807	33002	2	870	440
10807	33002	3	950	460
10807	15009	4	1430	660
10807	33003	5	310	580
10807	33003	6	230	600
10807	38210	7	1210	600
10807	38211	8	1150	660
10807	38212	9	1350	680
10807	38212	10	1290	740
10808	33001	1	590	540
10808	33002	2	870	440
10808	33002	3	950	460
10808	15009	4	1430	660
10808	33003	5	310	580
10808	33003	6	230	600
10808	38210	7	1210	600
10808	38211	8	1170	660
10808	38212	9	1350	660
10808	38212	10	1290	720
10809	33001	1	590	540
10809	33002	2	870	440
10809	33002	3	950	460
10809	15009	4	1430	660
10809	33003	5	310	580
10809	33003	6	230	600
10809	38210	7	1190	600
10809	38211	8	1130	660
10809	38212	9	1350	680
10809	38212	10	1290	740
10810	33001	1	590	540
10810	33002	2	870	440
10810	33002	3	950	460
10810	15009	4	1430	660
10810	33003	5	310	580
10810	33003	6	230	600
10810	38210	7	1190	620
10810	38211	8	1130	680
10810	38212	9	1350	680
10810	38212	10	1290	740
10811	33001	1	590	540
10811	33002	2	870	440
10811	33002	3	950	460
10811	15009	4	1430	660
10811	33003	5	310	580
10811	33003	6	230	600
10811	38210	7	1210	600
10811	38211	8	1150	660
10811	38212	9	1350	680
10811	38212	10	1290	740
10812	33001	1	590	540
10812	33002	2	870	440
10812	33002	3	950	460
10812	15009	4	1430	660
10812	33003	5	310	580
10812	33003	6	230	600
10812	38210	7	1210	620
10812	38211	8	1150	680
10812	38212	9	1350	700
10812	38212	10	1270	740
10813	33001	1	590	540
10813	33002	2	870	440
10813	33002	3	950	460
10813	15009	4	1430	660
10813	33003	5	310	580
10813	33003	6	230	600
10813	38210	7	1190	620
10813	38211	8	1130	660
10813	38212	9	1350	700
10813	38212	10	1270	740
10814	33001	1	590	540
10814	33002	2	870	440
10814	33002	3	950	460
10814	15009	4	1430	660
10814	33003	5	310	580
10814	33003	6	230	600
10814	38210	7	1210	620
10814	38211	8	1150	680
10814	38212	9	1350	680
10814	38212	10	1270	740
10815	33001	1	590	540
10815	33002	2	870	440
10815	33002	3	950	460
10815	15009	4	1430	660
10815	33003	5	310	580
10815	33003	6	230	600
10815	38210	7	1210	600
10815	38211	8	1150	660
10815	38212	9	1370	680
10815	38212	10	1290	740
10816	33001	1	590	540
10816	33002	2	870	440
10816	33002	3	950	460
10816	15009	4	1430	660
10816	33003	5	310	580
10816	33003	6	230	600
10816	38210	7	1210	600
10816	38211	8	1150	660
10816	38212	9	1370	700
10816	38212	10	1290	740
10817	33001	1	590	540
10817	33002	2	870	440
10817	33002	3	950	460
10817	15009	4	1430	660
10817	33003	5	310	580
10817	33003	6	230	600
10817	38210	7	1230	620
10817	38211	8	1150	660
10817	38212	9	1350	700
10817	38212	10	1270	760
10818	33001	1	590	540
10818	33002	2	870	440
10818	33002	3	950	460
10818	15009	4	1430	660
10818	33003	5	310	580
10818	33003	6	230	600
10818	38210	7	1210	600
10818	38211	8	1130	660
10818	38212	9	1350	700
10818	38212	10	1270	740
10819	33001	1	590	540
10819	33002	2	870	440
10819	33002	3	950	460
10819	15009	4	1430	660
10819	33003	5	310	580
10819	33003	6	230	600
10819	38210	7	1210	620
10819	38211	8	1150	660
10819	38212	9	1370	700
10819	38212	10	1290	740
10820	33001	1	590	540
10820	33002	2	870	440
10820	33002	3	950	460
10820	15009	4	1430	660
10820	33003	5	310	580
10820	33003	6	230	600
10820	38210	7	1230	620
10820	38211	8	1150	660
10820	38212	9	1330	700
10820	38212	10	1230	760
10851	15049	1	1030	280
10851	15050	2	1190	200
10851	45300	3	810	500
10851	45294	4	1010	560
10851	45307	5	870	460
10851	45299	6	1010	480
10851	45295	7	950	460
10851	15465	8	1390	300
10851	15466	9	1310	380
10851	38210	10	750	540
10851	38211	11	970	620
10852	15049	1	1030	280
10852	15050	2	1190	200
10852	45300	3	810	500
10852	45294	4	1010	560
10852	45307	5	870	460
10852	45299	6	1010	480
10852	45295	7	950	460
10852	15465	8	1390	320
10852	15466	9	1310	400
10852	38210	10	750	560
10852	38211	11	950	620
10853	15049	1	1030	280
10853	15050	2	1190	200
10853	45300	3	810	500
10853	45294	4	1010	560
10853	45307	5	870	460
10853	45299	6	1010	480
10853	45295	7	950	460
10853	15465	8	1370	320
10853	15466	9	1310	400
10853	38210	10	750	540
10853	38211	11	950	620
10854	15049	1	1030	280
10854	15050	2	1190	200
10854	45300	3	810	500
10854	45294	4	1010	560
10854	45307	5	870	460
10854	45299	6	1010	480
10854	45295	7	950	460
10854	15465	8	1370	320
10854	15466	9	1290	420
10854	38210	10	750	540
10854	38211	11	950	620
10855	15049	1	1030	280
10855	15050	2	1190	200
10855	45300	3	810	500
10855	45294	4	1010	560
10855	45307	5	870	460
10855	45299	6	1010	480
10855	45295	7	950	460
10855	15465	8	1390	320
10855	15466	9	1310	400
10855	38210	10	750	540
10855	38211	11	950	620
10856	15049	1	1030	280
10856	15050	2	1190	200
10856	45300	3	810	500
10856	45294	4	1010	560
10856	45307	5	870	460
10856	45299	6	1010	480
10856	45295	7	950	460
10856	15465	8	1390	320
10856	15466	9	1330	420
10856	38210	10	730	540
10856	38211	11	930	620
10857	15049	1	1030	280
10857	15050	2	1190	200
10857	45300	3	810	500
10857	45294	4	1010	560
10857	45307	5	870	460
10857	45299	6	1010	480
10857	45295	7	950	460
10857	15465	8	1370	320
10857	15466	9	1290	400
10857	38210	10	750	540
10857	38211	11	930	620
10858	15049	1	1030	280
10858	15050	2	1190	200
10858	45300	3	810	500
10858	45294	4	1010	560
10858	45307	5	870	460
10858	45299	6	1010	480
10858	45295	7	950	460
10858	15465	8	1370	340
10858	15466	9	1270	420
10858	38210	10	750	540
10858	38211	11	970	620
10859	15049	1	1030	280
10859	15050	2	1190	200
10859	45300	3	810	500
10859	45294	4	1010	560
10859	45307	5	870	460
10859	45299	6	1010	480
10859	45295	7	950	460
10859	15465	8	1390	320
10859	15466	9	1310	400
10859	38210	10	730	520
10859	38211	11	950	620
10860	15049	1	1030	280
10860	15050	2	1190	200
10860	45300	3	810	500
10860	45294	4	1010	560
10860	45307	5	870	460
10860	45299	6	1010	480
10860	45295	7	950	460
10860	15465	8	1370	320
10860	15466	9	1310	400
10860	38210	10	750	540
10860	38211	11	930	620
10861	15049	1	1030	280
10861	15050	2	1190	200
10861	45300	3	810	500
10861	45294	4	1010	560
10861	45307	5	870	460
10861	45299	6	1010	480
10861	45295	7	950	460
10861	15465	8	1370	320
10861	15466	9	1310	420
10861	38210	10	750	540
10861	38211	11	930	620
10862	15049	1	1030	280
10862	15050	2	1190	200
10862	45300	3	810	500
10862	45294	4	1010	560
10862	45307	5	870	460
10862	45299	6	1010	480
10862	45295	7	950	460
10862	15465	8	1370	320
10862	15466	9	1310	420
10862	38210	10	730	540
10862	38211	11	950	620
10863	15049	1	1030	280
10863	15050	2	1190	200
10863	45300	3	810	500
10863	45294	4	1010	560
10863	45307	5	870	460
10863	45299	6	1010	480
10863	45295	7	950	460
10863	15465	8	1370	300
10863	15466	9	1310	400
10863	38210	10	750	540
10863	38211	11	930	620
10864	15049	1	1030	280
10864	15050	2	1190	200
10864	45300	3	810	500
10864	45294	4	1010	560
10864	45307	5	870	460
10864	45299	6	1010	480
10864	45295	7	950	460
10864	15465	8	1390	300
10864	15466	9	1310	400
10864	38210	10	750	540
10864	38211	11	950	620
10865	15049	1	1030	280
10865	15050	2	1190	200
10865	45300	3	810	500
10865	45294	4	1010	560
10865	45307	5	870	460
10865	45299	6	1010	480
10865	45295	7	950	460
10865	15465	8	1370	320
10865	15466	9	1330	400
10865	38210	10	730	540
10865	38211	11	930	620
10866	15049	1	1030	280
10866	15050	2	1190	200
10866	45300	3	810	500
10866	45294	4	1010	560
10866	45307	5	870	460
10866	45299	6	1010	480
10866	45295	7	950	460
10866	15465	8	1390	320
10866	15466	9	1330	400
10866	38210	10	730	540
10866	38211	11	930	620
10867	15049	1	1030	280
10867	15050	2	1190	200
10867	45300	3	810	500
10867	45294	4	1010	560
10867	45307	5	870	460
10867	45299	6	1010	480
10867	45295	7	950	460
10867	15465	8	1390	320
10867	15466	9	1290	420
10867	38210	10	730	540
10867	38211	11	930	620
10868	15049	1	1030	280
10868	15050	2	1190	200
10868	45300	3	810	500
10868	45294	4	1010	560
10868	45307	5	870	460
10868	45299	6	1010	480
10868	45295	7	950	460
10868	15465	8	1390	300
10868	15466	9	1310	400
10868	38210	10	730	540
10868	38211	11	950	620
10869	15049	1	1030	280
10869	15050	2	1190	200
10869	45300	3	810	500
10869	45294	4	1010	560
10869	45307	5	870	460
10869	45299	6	1010	480
10869	45295	7	950	460
10869	15465	8	1390	320
10869	15466	9	1330	420
10869	38210	10	730	540
10869	38211	11	950	620
10870	15049	1	1030	280
10870	15050	2	1190	200
10870	45300	3	810	500
10870	45294	4	1010	560
10870	45307	5	870	460
10870	45299	6	1010	480
10870	45295	7	950	460
10870	15465	8	1370	300
10870	15466	9	1310	400
10870	38210	10	730	540
10870	38211	11	930	620
10901	16009	1	810	220
10901	16015	2	330	320
10901	16008	3	1090	320
10902	16009	1	810	220
10902	16015	2	330	320
10902	16008	3	1090	320
10903	16009	1	810	220
10903	16015	2	310	360
10903	16008	3	1090	320
10904	16009	1	810	220
10904	16015	2	310	360
10904	16008	3	1090	320
10905	16009	1	810	220
10905	16015	2	310	360
10905	16008	3	1090	320
10906	16009	1	810	220
10906	16015	2	310	360
10906	16008	3	1090	320
10907	16009	1	810	220
10907	16015	2	310	360
10907	16008	3	1090	320
10908	16009	1	810	220
10908	16015	2	310	360
10908	16008	3	1090	320
10909	16009	1	810	220
10909	16015	2	310	360
10909	16008	3	1090	320
10910	16009	1	810	220
10910	16015	2	310	360
10910	16008	3	1090	320
10911	16009	1	810	220
10911	16015	2	310	360
10911	16008	3	1090	320
10912	16009	1	810	220
10912	16015	2	310	360
10912	16008	3	1090	320
10913	16009	1	810	220
10913	16015	2	310	360
10913	16008	3	1090	320
10914	16009	1	810	220
10914	16015	2	310	360
10914	16008	3	1090	320
10915	16009	1	810	220
10915	16015	2	310	360
10915	16008	3	1090	320
10916	16009	1	810	220
10916	16015	2	310	360
10916	16008	3	1090	320
10917	16009	1	810	220
10917	16015	2	310	360
10917	16008	3	1090	320
10918	16009	1	810	220
10918	16015	2	310	360
10918	16008	3	1090	320
10919	16009	1	810	220
10919	16015	2	310	360
10919	16008	3	1090	320
10920	16009	1	810	220
10920	16015	2	310	360
10920	16008	3	1090	320
10951	23001	1	1270	260
10951	24002	2	1270	640
10951	10039	3	1110	1100
10951	15052	4	1230	1040
10951	17021	5	1090	540
10951	35001	6	970	700
10951	35002	7	830	620
10951	35001	8	910	840
10951	30002	9	1130	900
10951	35003	10	530	520
10951	35004	11	670	540
10951	22002	12	630	1020
10951	22003	13	770	1020
10951	22004	14	890	1020
10951	22005	15	970	1020
10951	34005	16	410	700
10951	34006	17	470	700
10951	34007	18	530	700
10951	34008	19	590	700
10951	34009	20	650	700
10951	34010	21	490	840
10951	34010	22	570	840
10951	11018	23	1190	800
10951	22040	24	350	400
10951	22012	25	430	360
10951	35027	26	1310	420
10951	35028	27	1390	460
10951	20002	28	450	960
10961	40003	1	1030	520
10961	40004	2	1090	480
10961	40005	3	1150	440
10961	40006	4	1210	400
10961	40007	5	1290	380
10961	40008	6	1370	400
10961	40009	7	1450	440
10961	40010	8	1510	480
10961	40011	9	1570	520
10961	40012	10	1150	540
10961	40013	11	1210	580
10961	40014	12	1290	620
10961	40015	13	1370	580
10961	40016	14	1450	540
10961	40017	15	1190	660
10961	40018	16	1290	720
10961	40019	17	1410	680
10961	10018	18	2210	400
10963	38003	1	230	500
10963	38004	2	2230	1760
10963	38001	3	1550	760
10963	38001	4	870	2000
10963	38002	5	870	740
10964	38003	1	250	1760
10964	38004	2	3110	1780
10964	38001	3	1830	1000
10964	38002	4	970	640
10964	38002	5	870	1940
10964	38002	6	2470	1960
10965	38062	1	830	860
10965	38062	2	1030	1280
10965	38062	3	830	1740
10965	38062	4	1050	2360
10965	38062	5	1730	2580
10965	38062	6	1630	2000
10965	38062	7	1470	600
10965	38062	8	1990	580
10965	38062	9	2490	1040
10965	38062	10	2310	1660
10965	38062	11	2650	1480
10965	38062	12	1930	2120
10965	38063	13	2690	440
10965	38064	14	2830	340
10965	38033	15	2530	2200
10965	38063	16	270	300
10965	38032	17	3050	740
10965	18021	18	3030	2680
10965	38065	19	3030	2680
10966	38062	1	830	860
10966	38062	2	1030	1280
10966	38062	3	830	1740
10966	38062	4	1050	2360
10966	38062	5	1730	2580
10966	38062	6	1630	2000
10966	38062	7	1470	600
10966	38062	8	1990	580
10966	38062	9	2490	1040
10966	38062	10	2310	1660
10966	38062	11	2650	1480
10966	38062	12	1930	2120
10966	38063	13	2690	440
10966	38064	14	2830	340
10966	38033	15	2530	2200
10966	38063	16	270	300
10966	38032	17	3050	740
10966	18021	18	3030	2680
10966	38065	19	3030	2680
10982	27022	1	2730	260
10982	27023	2	2810	200
10982	38022	3	2110	1580
10982	38022	4	1270	1580
10982	38022	5	430	2160
10982	38022	6	2890	940
10982	38022	7	2090	2200
10983	38022	1	450	920
10983	38022	2	2050	960
10983	38022	3	2090	380
10983	38022	4	2950	2300
10983	38022	5	3750	2800
10984	38022	1	2050	940
10984	38022	2	2890	1000
10984	38022	3	3710	2300
10984	38022	4	1250	2820
10985	38022	1	1250	940
10985	38022	2	2930	1520
10985	38022	3	1270	2140
10985	38022	4	1230	1560
10986	38027	1	90	1080
10986	38030	2	670	320
10986	38030	3	830	340
10987	38029	1	2410	320
10988	38028	1	4090	1620
10989	38023	1	3090	940
10991	15163	1	1070	120
10991	15088	2	470	180
10991	15226	3	990	260
10991	15243	4	990	260
10991	15244	5	990	260
10991	24009	6	1110	580
10991	15291	7	990	260
10992	38003	1	650	1640
10992	24001	2	230	1640
10992	38004	3	2330	360
10992	38001	4	1070	880
10992	38002	5	1730	520
10992	38002	6	670	460
10992	38002	7	730	1180
10992	38002	8	1650	1360
10992	38005	9	1230	280
10992	38005	10	2250	1520
10992	38002	11	1290	840
10992	10122	12	330	720
10993	38013	1	230	2920
10993	38013	2	470	3100
10993	38013	3	310	2900
10993	38013	4	390	2880
10993	38013	5	550	3080
10993	38013	6	630	3040
10993	15280	7	590	2880
10994	15229	1	990	260
10994	15088	2	470	160
10994	15168	3	290	200
10994	14366	4	1270	620
10994	11091	5	1330	640
10994	14024	6	1210	600
10994	15172	7	1150	580
10994	13038	8	910	500
10994	11057	9	970	520
10994	11067	10	1090	560
10994	14256	11	1030	540
10995	27007	1	530	280
10995	15285	2	470	240
10995	27007	3	550	280
10995	22058	4	270	460
10996	27007	1	530	280
10996	15285	2	330	380
10997	38074	1	630	260
10997	38075	2	1050	180
10997	38076	3	1030	540
10997	38077	4	1490	340
10997	38074	5	1650	780
10997	38075	6	2130	640
10997	38076	7	2010	1000
10997	38077	8	1410	1540
10997	38076	9	970	1520
10997	38075	10	550	1540
10997	38074	11	190	1260
10997	38073	12	870	1040
10997	38072	13	950	1100
11000	15013	1	30	80
11000	39004	2	1790	1740
11000	39002	3	1630	600
11001	17002	1	430	480
11001	17002	2	570	520
11001	16005	3	310	420
11001	17002	4	210	560
11001	17002	5	350	620
11001	10107	6	290	580
11001	10103	7	510	460
11001	15158	8	910	720
11002	17018	1	390	240
11002	17018	2	470	360
11003	15103	1	1210	1200
11003	17123	2	1350	420
11003	11034	3	1290	360
11003	14054	4	1390	360
11003	14183	5	1450	440
11011	12037	1	570	660
11011	14073	2	370	500
11011	13002	3	90	780
11011	16005	4	610	600
11011	17177	5	550	520
11011	17177	6	410	480
11011	10042	7	210	640
11011	10042	8	130	640
11011	10042	9	170	620
11011	10042	10	90	620
11011	10042	11	170	580
11011	10042	12	290	600
11011	10042	13	130	600
11011	10042	14	250	580
11011	10017	15	290	640
11011	10042	16	210	560
11011	10042	17	250	660
11011	10042	18	210	680
11011	10042	19	250	620
11011	10042	20	170	660
11011	10042	21	210	600
11011	17019	22	690	620
11011	15136	23	270	440
11011	12043	24	730	640
11011	12033	25	770	740
11011	16021	26	630	760
11011	14049	27	330	460
11011	19023	28	430	720
11012	11002	1	590	520
11012	17019	2	510	560
11012	12037	3	850	380
11012	15093	4	190	420
11012	15092	5	690	120
11012	17003	6	330	440
11012	13002	7	810	420
11012	12033	8	810	320
11012	15070	9	710	380
11012	15158	10	370	360
11012	16023	11	50	340
11012	38010	12	250	340
11012	38196	13	510	200
11013	10144	1	950	500
11013	10144	2	1270	500
11013	10144	3	1250	940
11013	10144	4	490	500
11013	10144	5	450	800
11013	10144	6	590	1020
11013	17177	7	50	1240
11013	17177	8	130	1280
11013	14227	9	130	1220
11013	12037	10	230	160
11021	15100	1	710	300
11021	14236	2	1190	420
11021	15158	3	50	520
11021	15165	4	1010	500
11021	16023	5	1170	500
11021	16013	6	1150	360
11021	15153	7	190	180
11021	16041	8	70	440
11031	22012	1	1130	1320
11031	22012	2	1290	1420
11031	22012	3	1450	1500
11031	17013	4	390	1280
11031	17013	5	110	1440
11031	17227	6	50	1240
11031	21001	7	610	740
11031	21001	8	690	700
11031	24006	9	90	620
11031	24005	10	1470	1020
11031	18001	11	1190	140
11031	18001	12	750	240
11031	24007	13	1030	240
11031	24008	14	730	1480
11031	19028	15	110	1200
11031	15158	16	750	1580
11031	24010	17	710	1060
11031	23002	18	150	260
11031	19042	19	690	1520
11031	19043	20	510	820
11031	38080	21	1070	620
11031	19044	22	70	880
11032	16005	1	1130	340
11033	16005	1	1130	340
11034	16005	1	1190	320
11041	24005	1	1490	1060
11041	24006	2	130	600
11041	22012	3	1130	1320
11041	22012	4	1290	1420
11041	22012	5	1450	1500
11041	17013	6	390	1280
11041	17013	7	90	1440
11041	17227	8	50	1240
11041	21001	9	610	720
11041	21001	10	670	700
11041	18001	11	730	240
11041	18001	12	1210	140
11041	24007	13	1030	220
11041	24008	14	730	1480
11041	19028	15	110	1200
11041	15158	16	750	1580
11041	24010	17	710	1060
11041	23002	18	150	260
11041	19042	19	690	1520
11041	19043	20	510	820
11041	38080	21	1050	620
11041	19044	22	70	880
11042	16005	1	1130	340
11043	16005	1	1130	340
11044	16005	1	1190	320
11101	15083	1	290	340
11131	15103	1	310	360
11131	20001	2	590	320
11131	14054	3	490	280
11132	15096	1	490	300
11132	15070	2	550	320
11133	14295	1	330	380
11171	15018	1	490	400
11171	15020	2	550	400
11171	20001	3	450	320
11172	15046	1	450	320
11172	13002	2	250	400
11173	20001	1	450	340
11173	15164	2	550	380
11174	13002	1	490	380
11174	20001	2	630	440
11201	16003	1	330	320
11202	16003	1	570	380
11202	16021	2	290	340
11202	15131	3	330	300
11203	16003	1	590	380
11203	16021	2	270	340
11203	15131	3	330	300
11221	16002	1	290	300
11222	16002	1	290	340
11223	16002	1	290	340
11241	16001	1	490	400
11241	15102	2	690	540
11242	16001	1	350	400
11242	15069	2	530	420
11242	15070	3	250	220
11242	15078	4	710	480
11242	14128	5	150	540
11242	15085	6	230	540
11242	14128	7	290	500
11243	16018	1	510	400
11244	16018	1	510	400
11261	16004	1	410	240
11262	16011	1	410	240
11263	16011	1	410	240
11264	19029	1	390	300
11265	19029	1	390	300
11301	17002	1	330	300
11301	17002	2	270	340
11301	17002	3	190	380
11301	17002	4	610	460
11301	17002	5	530	500
11301	17002	6	430	540
11301	17001	7	450	320
11301	14216	8	470	380
11301	11047	9	430	360
11301	10099	10	510	380
11302	14054	1	450	380
11303	19027	1	650	180
11303	19026	2	170	380
11304	19027	1	650	180
11304	19026	2	170	380
11305	19027	1	650	180
11305	19026	2	170	380
11306	19027	1	650	180
11306	19026	2	170	380
11307	11047	1	570	320
11307	11026	2	650	400
11307	11020	3	330	320
11307	11021	4	250	360
11307	11018	5	590	440
11307	11001	6	510	480
11307	11040	7	150	400
11307	11036	8	410	520
11307	11060	9	450	320
11307	11051	10	350	440
11401	15009	1	190	720
11401	15166	2	850	240
11401	14189	3	1230	800
11401	14267	4	750	540
11401	15173	5	1170	340
11401	14183	6	1350	480
11401	11034	7	1410	460
11401	14009	8	1410	500
11411	14171	1	210	340
11411	14170	2	190	380
11411	15158	3	930	360
11411	15173	4	610	460
11411	14052	5	330	260
11411	14180	6	410	280
11411	14033	7	350	280
11411	11031	8	450	300
11411	11030	9	510	300
11411	11015	10	550	320
11411	14506	11	150	400
11411	17047	12	530	480
11423	15166	1	410	260
11423	17326	2	210	640
11423	17326	3	170	560
11423	10095	4	270	560
11423	15052	5	390	380
11424	15052	1	230	280
11424	40002	2	310	200
11431	15381	1	290	1000
11431	11144	2	550	880
11431	17195	3	610	820
11431	17195	4	650	840
11432	15052	1	510	520
11432	15126	2	510	520
11432	14229	3	550	560
11432	14229	4	450	500
11432	14228	5	570	500
11501	20002	1	1090	300
11501	20001	2	2290	2460
11501	20001	3	2310	920
11501	20001	4	3970	540
11501	24001	5	1310	1040
11501	24001	6	3050	1740
11501	20002	7	1010	2420
11501	25038	8	3950	300
11501	25038	9	3570	500
11501	25038	10	3650	260
11501	25038	11	2170	580
11501	25038	12	1990	2200
11501	25038	13	1930	2460
11501	25038	14	2290	2360
11501	25038	15	1110	2460
11501	25038	16	1930	900
11501	25038	17	1890	1060
11501	11070	18	3870	260
11502	20001	1	1050	2480
11502	20001	2	3970	1800
11502	20001	3	3150	540
11502	20002	4	1850	360
11502	20002	5	2990	1200
11502	20002	6	2650	2360
11502	24001	7	2190	1140
11502	24001	8	2010	1720
11502	25038	9	1490	2280
11502	25038	10	1470	2460
11502	25038	11	1230	2500
11502	25038	12	2810	280
11502	25038	13	2770	540
11502	25038	14	3110	260
11502	25038	15	3050	520
11502	25038	16	3690	1800
11502	25038	17	3650	1580
11502	25038	18	3890	1580
11502	25038	19	2730	2480
11502	17102	20	3110	320
11502	14009	21	3070	280
11502	14220	22	2870	280
11502	14221	23	3130	460
11502	11016	24	1150	2460
11502	11047	25	1210	2400
11502	11018	26	1150	2380
11502	11034	27	1230	2280
11502	14009	28	1270	2320
11502	17463	29	1130	2280
11502	17463	30	1070	2340
11502	17463	31	1310	2360
11502	17463	32	1310	2460
11503	20001	1	210	1200
11503	20001	2	1150	240
11503	20002	3	2330	1600
11503	11014	4	1450	260
11503	11047	5	1350	360
11503	11018	6	1370	380
11503	14183	7	1270	300
11503	11072	8	1330	260
11503	17013	9	1490	300
11504	20002	1	150	1780
11505	20001	1	230	560
11505	20001	2	2330	3100
11505	20002	3	1470	1480
11505	24001	4	2090	360
11505	11072	5	290	280
11505	15161	6	530	260
11508	20001	1	210	1080
11508	24001	2	1250	360
11509	20001	1	1470	260
11509	20002	2	150	1060
11509	20002	3	1290	1700
11509	14310	4	1150	240
11509	11047	5	1290	360
11509	11018	6	1250	320
11509	17013	7	1290	400
11509	17013	8	1350	380
11509	14092	9	1110	280
11509	14314	10	1210	240
11509	14320	11	1090	380
11509	14321	12	1290	240
11509	14313	13	1170	460
11509	14012	14	1390	280
11515	20001	1	430	360
11516	20001	1	630	340
11516	20002	2	370	180
11517	20002	1	410	520
11518	20001	1	230	180
11519	20001	1	210	460
11520	20001	1	390	420
11521	20002	1	630	500
11521	10016	2	270	280
11521	10174	3	270	220
11521	10174	4	330	240
11521	10174	5	230	240
11521	10174	6	350	280
11521	14325	7	590	260
11522	20001	1	630	340
11522	20002	2	170	340
11523	20002	1	630	240
11524	20001	1	390	180
11525	11090	1	190	360
11525	11072	2	590	220
11526	20001	1	190	200
11527	20001	1	170	280
11528	20001	1	430	420
11529	10013	1	510	380
11529	10175	2	550	440
11529	10175	3	550	300
11529	10175	4	630	460
11529	10175	5	610	280
11531	24001	1	1270	340
11532	20001	1	1110	980
11532	24001	2	1390	1000
11532	25032	3	1310	620
11532	25032	4	590	1060
11533	20002	1	1170	1080
11533	25032	2	1170	780
11533	25032	3	1310	1280
11535	20002	1	1330	580
11535	25032	2	1170	740
11535	25032	3	1690	400
11536	20001	1	1130	1000
11536	24001	2	1390	1000
11536	25032	3	1310	1280
11536	25032	4	1330	460
11536	25032	5	530	1080
11537	20002	1	410	180
11538	20001	1	430	420
11540	20002	1	630	500
11541	24001	1	230	480
11541	14033	2	570	240
11541	17087	3	510	200
11541	17087	4	610	200
11542	20002	1	150	340
11542	17059	2	310	200
11542	17059	3	230	260
11542	14271	4	290	240
11543	20002	1	610	240
11543	24001	2	390	520
11543	25032	3	530	240
11543	25032	4	630	520
11544	20001	1	210	460
11544	25032	2	130	420
11551	20001	1	1210	1680
11552	20002	1	1190	740
11552	19023	2	110	340
11554	20002	1	290	900
11555	20002	1	1550	280
11556	20002	1	1270	1680
11560	25032	1	410	220
11560	10248	2	310	300
11560	10260	3	250	320
11560	10259	4	370	280
11560	17198	5	30	80
11561	17200	1	290	960
11561	17200	2	290	1000
11561	17200	3	290	1040
11561	17200	4	290	1080
11561	17200	5	350	960
11561	17200	6	350	1080
11561	17199	7	350	1000
11561	17199	8	350	1040
11561	17199	9	410	960
11561	17199	10	410	1080
11561	17199	11	410	1000
11561	17199	12	410	1040
11561	17199	13	470	960
11561	17199	14	470	1080
11561	17175	15	470	1000
11561	17175	16	470	1040
11561	17175	17	530	960
11561	17175	18	530	1080
11561	14143	19	530	1000
11561	14143	20	530	1040
11561	14143	21	590	960
11561	14143	22	590	1000
11561	14143	23	590	1040
11561	14143	24	590	1080
11561	14141	25	730	940
11561	14141	26	730	980
11561	14141	27	730	1020
11561	14141	28	730	1060
11561	14141	29	790	940
11561	14141	30	790	1060
11561	17176	31	790	980
11561	17176	32	790	1020
11561	17176	33	850	940
11561	17176	34	850	1060
11561	17170	35	850	980
11561	17170	36	850	1020
11561	17170	37	910	940
11561	17170	38	910	980
11561	17170	39	910	1020
11561	17170	40	910	1060
11561	14146	41	1090	1100
11561	14146	42	1090	1140
11561	14146	43	1090	1060
11561	14146	44	1150	1140
11561	14146	45	1150	1100
11561	14146	46	1150	1060
11561	14146	47	1030	1040
11561	14146	48	1030	1080
11561	17170	49	970	1020
11561	17170	50	970	1060
11561	14146	51	1150	1200
11561	14145	52	1330	1100
11561	14145	53	1330	1140
11561	14145	54	1330	1200
11561	14145	55	1390	1100
11561	14145	56	1390	1140
11561	14145	57	1390	1200
11561	14145	58	1270	1140
11561	14145	59	1270	1100
11561	14145	60	1270	1200
11561	14145	61	1450	1100
11561	14142	62	1330	1040
11561	14142	63	1390	1040
11561	14142	64	1450	980
11561	14142	65	1450	1040
11561	14142	66	1510	980
11561	14142	67	1390	980
11561	14142	68	1330	980
11561	14142	69	1290	920
11561	14142	70	1350	920
11561	14142	71	1410	920
11561	14142	72	1470	920
11561	17168	73	1330	860
11561	17168	74	1390	860
11561	17168	75	1450	860
11561	17168	76	1270	800
11561	17168	77	1330	800
11561	17168	78	1270	860
11561	17168	79	1210	800
11561	14140	80	1170	720
11561	14140	81	1250	720
11561	14140	82	1330	720
11561	14062	83	90	1000
11563	20002	1	410	360
11564	20002	1	170	320
11564	20001	2	610	340
11569	35021	1	390	200
11572	20001	1	330	360
11581	20001	1	230	1140
11581	20001	2	250	2460
11581	20002	3	2330	1160
11581	20002	4	2290	2180
11581	24001	5	1130	980
11581	24001	6	1350	2220
11581	25023	7	290	1200
11581	25023	8	210	1000
11581	25023	9	250	940
11581	25023	10	2290	920
11581	25023	11	1990	880
11581	25023	12	2270	1040
11581	25023	13	310	2480
11581	25023	14	210	2260
11581	25023	15	530	2480
11581	25023	16	1990	2160
11581	25023	17	2310	2380
11581	25023	18	1930	2220
11581	25023	19	1950	2440
11582	20002	1	1490	1840
11582	20002	2	2310	280
11582	20001	3	1890	1840
11582	20001	4	1410	280
11582	25023	5	1870	360
11582	25023	6	1890	460
11582	25023	7	1990	240
11582	25023	8	2310	460
11582	25023	9	2330	1780
11582	25023	10	2310	1600
11582	25023	11	1930	1600
11582	25023	12	1870	1680
11582	25023	13	1030	1760
11582	25023	14	1130	1860
11582	25023	15	1050	1600
11582	25023	16	1070	1680
11582	25023	17	1150	260
11582	25023	18	1070	440
11582	25023	19	1050	360
11583	20002	1	1470	280
11583	20002	2	2370	1840
11583	20001	3	2310	280
11583	20001	4	1510	1840
11583	24001	5	1110	1000
11583	25023	6	1090	280
11583	25023	7	1050	360
11583	25023	8	1150	320
11583	25023	9	1470	400
11583	25023	10	1030	1840
11583	25023	11	1090	1800
11583	25023	12	1030	1720
11583	25023	13	1850	1840
11583	25023	14	1930	1820
11583	25023	15	1870	1680
11583	25023	16	2310	1620
11583	25023	17	1870	400
11583	25023	18	2310	460
11583	25023	19	1910	320
11584	20001	1	210	1100
11584	20001	2	1030	1840
11584	20001	3	2310	280
11584	20002	4	1870	1840
11584	20002	5	1290	280
11584	25023	6	1470	460
11584	25023	7	1090	320
11584	25023	8	1050	400
11584	25023	9	1470	1760
11584	25023	10	1050	1620
11584	25023	11	1410	1840
11584	25023	12	1510	1860
11584	25023	13	270	960
11584	25023	14	270	1180
11584	25023	15	530	1200
11584	25023	16	1870	1680
11584	25023	17	1910	1600
11584	25023	18	2290	1820
11584	25023	19	2310	1680
11584	25023	20	1870	460
11584	25023	21	1970	280
11584	25023	22	2290	460
11584	25023	23	1890	360
11585	20001	1	230	1160
11585	20001	2	1510	1840
11585	20002	3	1470	280
11585	20002	4	1830	1840
11585	20001	5	1870	380
11585	24001	6	1370	980
11585	25023	7	1110	260
11585	25023	8	1030	380
11585	25023	9	1270	240
11585	25023	10	1050	1840
11585	25023	11	1050	1720
11585	25023	12	1490	1640
11585	25023	13	1190	1840
11585	25023	14	1890	1660
11585	25023	15	1970	1600
11585	25023	16	2310	1620
11585	25023	17	2330	1860
11585	25023	18	1950	300
11585	25023	19	2310	300
11585	25023	20	2110	280
11585	25023	21	2290	460
11586	20002	1	630	240
11587	20002	1	630	500
11801	14191	1	390	2380
11801	14192	2	1490	320
11801	17018	3	1570	320
11801	10051	4	330	2380
11801	17078	5	490	720
11801	17078	6	530	1500
11801	17078	7	1010	2100
11801	17078	8	1270	740
11801	17079	9	490	2060
11801	17079	10	1010	1400
11801	17079	11	590	1060
11801	14262	12	430	240
11802	17078	1	930	780
11802	17079	2	1230	540
11802	17078	3	1230	1060
11802	17078	4	490	840
11802	11062	5	690	560
11802	14081	6	590	500
11802	14388	7	550	560
11802	14390	8	470	500
11802	10100	9	650	460
11802	14389	10	550	440
11802	14243	11	690	660
11802	14242	12	770	640
11802	14240	13	810	540
11802	14241	14	770	440
11811	10189	1	1990	620
11811	10189	2	1570	1060
11811	10189	3	650	1060
11811	10190	4	1050	1480
11811	10190	5	1210	640
11811	10190	6	790	580
11811	10190	7	510	1560
11811	10099	8	1950	1560
11811	10053	9	1870	1540
11811	10053	10	1850	1600
11811	10053	11	1930	1640
11811	11047	12	1710	1660
11811	10100	13	1710	1580
11811	10098	14	2030	1560
11811	10108	15	1990	400
11811	14091	16	190	240
11811	11047	17	370	220
11811	14012	18	510	360
11811	14092	19	450	320
11811	11024	20	310	200
11811	11060	21	430	240
11811	11014	22	490	480
11811	28004	23	2230	320
11821	15152	1	1510	920
11821	15153	2	2090	500
11821	15153	3	2070	1040
11821	15152	4	750	620
11821	15152	5	530	900
11822	10090	1	2030	620
11822	10090	2	1870	900
11822	10090	3	1470	900
11822	10095	4	750	580
11822	10095	5	510	880
11823	15152	1	2030	1000
11823	15152	2	2030	560
11823	15152	3	1650	760
11823	15153	4	1210	520
11823	15153	5	1210	860
11823	14233	6	370	340
11823	14208	7	430	300
11823	14203	8	310	380
11823	14324	9	670	440
11831	15154	1	810	1220
11831	15154	2	1250	1440
11831	15154	3	1890	1500
11831	15155	4	510	540
11831	15154	5	1230	660
11831	15154	6	1650	760
11831	15154	7	2290	1120
11831	15154	8	2790	660
11831	15155	9	1570	1220
11831	15155	10	870	760
11831	15204	11	2310	520
11831	14252	12	2230	480
11832	15154	1	530	600
11832	15154	2	1450	600
11832	15154	3	1870	940
11832	15155	4	2290	820
11832	15155	5	2730	820
11841	11047	1	2390	740
11841	11018	2	2250	740
11841	17013	3	2130	780
11841	11093	4	2310	820
11841	17013	5	2210	860
11841	10119	6	1870	940
11841	10119	7	1650	600
11841	10119	8	1050	880
11841	10119	9	790	620
11841	10205	10	1130	500
11841	10205	11	470	460
11841	10018	12	510	960
11841	17142	13	190	240
11841	14063	14	390	280
11841	30002	15	3110	280
11841	11113	16	3170	400
11841	11114	17	2950	320
11841	14002	18	2970	480
12000	10038	1	530	820
12000	10038	2	490	840
12000	10038	3	1690	1120
12000	10038	4	1270	2500
12000	10039	5	30	140
12000	14001	6	90	140
12000	10007	7	30	60
12000	10019	8	90	60
12000	12027	9	150	80
12000	14121	10	150	140
12000	10038	11	830	3080
12000	14185	12	210	80
12000	14277	13	210	140
12000	17013	14	290	80
12000	39001	15	210	940
12000	39003	16	270	1620
12000	39002	17	2570	2000
12001	14105	1	190	1460
12001	14106	2	110	1520
12001	14110	3	1110	780
12001	14097	4	2390	1100
12001	14093	5	2070	1500
12001	14114	6	1050	540
12001	16005	7	1790	560
12001	15013	8	730	1000
12001	18005	9	2250	1540
12001	18005	10	1110	640
12001	15031	11	2090	340
12001	15034	12	1610	260
12001	15003	13	630	1500
12001	15011	14	690	1520
12001	15004	15	650	1560
12001	15012	16	610	1540
12001	15007	17	710	1580
12001	15016	18	1470	380
12001	17020	19	510	1500
12001	17020	20	350	1440
12001	15158	21	1170	980
12001	24009	22	1130	1200
12001	24009	23	210	1340
12001	19023	24	1330	980
12001	16028	25	1750	600
12001	15285	26	2070	400
12001	15206	27	1950	360
12001	27053	28	250	1380
12001	38037	29	2110	220
12001	38054	30	1790	140
12001	27140	31	910	1580
12001	38072	32	910	1580
12001	22060	33	2230	1220
12001	41109	34	2410	80
12001	15063	35	590	1620
12001	15070	36	490	1700
12001	27089	37	450	1680
12001	14679	38	1330	540
12001	15010	39	1450	900
12001	15010	40	1850	740
12001	15010	41	1230	1080
12001	38147	42	1910	1480
12001	22063	43	870	940
12001	22064	44	1690	800
12001	22065	45	1750	820
12001	22066	46	1810	840
12001	22067	47	1870	860
12001	22068	48	1930	880
12001	22069	49	1990	900
12001	22070	50	2050	920
12001	22071	51	2110	940
12001	38167	52	1690	1120
12001	45300	53	1430	1080
12001	45294	54	2190	1060
12001	45307	55	1410	1340
12001	45299	56	830	980
12001	45295	57	1690	660
12001	19035	58	1230	300
12001	38177	59	1870	1180
12001	27140	60	910	1580
12002	17005	1	1030	420
12002	17005	2	1130	420
12002	14112	3	810	340
12002	16017	4	470	600
12002	15321	5	890	400
12002	14109	6	1270	80
12002	10194	7	1230	80
12002	10026	8	1190	80
12002	10256	9	1150	80
12002	17128	10	890	400
12002	15284	11	770	480
12002	15321	12	1030	420
12002	38094	13	1030	80
12002	17128	14	890	400
12002	38193	15	710	420
12002	38198	16	390	400
12002	38207	17	450	400
12002	38211	18	310	380
12003	15036	1	1190	240
12003	15057	2	1190	480
12003	12051	3	50	420
12003	15133	4	630	200
12003	15135	5	670	240
12003	15138	6	90	340
12003	15134	7	590	240
12003	16024	8	690	860
12003	15169	9	1050	440
12003	15162	10	610	880
12003	15137	11	1170	700
12003	22036	12	650	100
12003	15228	13	350	740
12003	16027	14	530	840
12003	15273	15	290	220
12003	15275	16	70	580
12003	15280	17	650	880
12003	24009	18	990	340
12003	15280	19	30	80
12003	19030	20	590	120
12003	27024	21	170	700
12003	15301	22	970	160
12003	15284	23	1070	280
12003	27008	24	450	160
12003	38010	25	230	460
12003	22054	26	910	200
12003	22055	27	910	200
12003	22043	28	1130	120
12003	22044	29	1070	140
12003	28057	30	450	160
12003	10001	31	1330	360
12003	10001	32	1330	360
12003	10001	33	1330	360
12003	10001	34	1330	360
12003	38093	35	450	160
12003	15448	36	50	520
12003	15460	37	250	580
12003	20006	38	1190	620
12003	38134	39	650	480
12003	27052	40	490	220
12003	16093	41	450	800
12003	19035	42	770	820
12003	15284	43	1230	760
12003	12059	44	1190	740
12004	12020	1	550	300
12004	20001	2	250	400
12005	12033	1	490	340
12005	12020	2	510	500
12005	12043	3	430	520
12005	38059	4	570	120
12007	16001	1	330	400
12007	15015	2	250	240
12007	16018	3	390	400
12009	14109	1	350	300
12009	14110	2	330	380
12009	14110	3	410	360
12009	20001	4	250	480
12009	14110	5	350	480
12009	14110	6	650	400
12011	10038	1	210	240
12011	14202	2	510	260
12011	15063	3	510	300
12011	15064	4	450	280
12011	15062	5	1030	400
12011	10038	6	290	260
12011	10038	7	1050	880
12011	10038	8	1150	840
12011	15158	9	410	520
12011	10269	10	1090	940
12011	40056	11	790	360
12011	10274	12	430	400
12011	10275	13	350	380
12011	10276	14	430	360
12011	38193	15	490	580
12011	10274	16	630	480
12011	10275	17	630	440
12011	10276	18	570	460
12011	10282	19	650	400
12011	10282	20	490	460
12011	10283	21	370	460
12011	10283	22	450	420
12011	10283	23	510	400
12011	10284	24	570	380
12011	10284	25	630	360
12011	10284	26	690	340
12011	10282	27	570	420
12012	10034	1	450	360
12012	10042	2	170	580
12012	10038	3	1250	900
12012	10042	4	1110	360
12012	10002	5	1270	820
12012	15082	6	1190	860
12012	15086	7	1110	900
12012	15089	8	1150	880
12012	10036	9	470	640
12012	10036	10	510	680
12012	10036	11	550	720
12012	10036	12	410	660
12012	10036	13	450	700
12012	10036	14	490	740
12012	10036	15	350	680
12012	10036	16	390	720
12012	10036	17	430	760
12012	10037	18	970	560
12012	10037	19	1010	600
12012	10037	20	1050	640
12012	10037	21	1110	620
12012	10037	22	1070	580
12012	10037	23	1030	540
12012	10037	24	1090	520
12012	10037	25	1130	560
12012	10037	26	1170	600
12012	10038	27	710	760
12012	10038	28	770	740
12012	10038	29	830	720
12012	10038	30	890	700
12012	10038	31	750	800
12012	10038	32	810	780
12012	10038	33	870	760
12012	10038	34	930	740
12012	10034	35	690	320
12012	10036	36	590	760
12012	10036	37	530	780
12012	10036	38	470	800
12012	10037	39	1090	680
12012	10037	40	1150	660
12012	10037	41	1210	640
12012	10038	42	790	840
12012	10038	43	850	820
12012	10038	44	910	800
12012	10038	45	970	780
12012	10035	46	650	540
12012	10035	47	790	520
12012	10001	48	510	260
12012	10030	49	1210	780
12012	20001	50	370	280
12012	10038	51	610	340
12012	10002	52	570	240
12012	10003	53	450	280
12012	20004	54	650	240
12013	10069	1	1270	500
12013	10069	2	1070	920
12013	10072	3	610	800
12013	10214	4	230	340
12013	38124	5	230	340
12013	27002	6	430	420
12014	10001	1	530	540
12014	10002	2	590	520
12014	10003	3	470	560
12014	10034	4	350	560
12014	10034	5	650	440
12014	10034	6	410	540
12014	10034	7	290	580
12014	10042	8	710	420
12014	10042	9	770	400
12014	10042	10	830	380
12014	10042	11	890	360
12014	10042	12	650	480
12014	10042	13	730	460
12014	10042	14	90	600
12014	10042	15	30	620
12014	10053	16	150	580
12014	10053	17	210	560
12014	10053	18	230	600
12014	10053	19	170	620
12014	10071	20	570	500
12014	10071	21	610	500
12014	10071	22	950	340
12014	10038	23	330	680
12014	10038	24	390	620
12014	10038	25	650	520
12014	10038	26	790	480
12014	17501	27	270	640
12014	17501	28	850	440
12014	17501	29	450	620
12014	17501	30	710	480
12014	17501	31	630	740
12014	17501	32	690	700
12014	17501	33	750	660
12014	17501	34	810	620
12014	17501	35	870	580
12014	17530	36	930	620
12014	17530	37	870	660
12014	17530	38	750	740
12014	17530	39	810	700
12014	17530	40	630	820
12014	17530	41	690	780
12014	17530	42	930	700
12014	17530	43	870	740
12014	17530	44	810	780
12014	17530	45	750	820
12014	17530	46	930	780
12014	17530	47	870	820
12014	17501	48	570	780
12014	17501	49	510	820
12014	14671	50	770	580
12014	14672	51	570	700
12014	14673	52	670	640
12014	19023	53	590	600
12014	10038	54	490	640
12014	10038	55	610	540
12014	17501	56	710	540
12014	17530	57	530	600
12015	20001	1	250	400
12015	12043	2	610	380
12018	12048	1	610	260
12018	14152	2	830	400
12018	14383	3	690	500
12018	11047	4	590	560
12021	17002	1	410	480
12021	17002	2	470	600
12021	15158	3	630	760
12021	16013	4	610	620
12021	12014	5	370	600
12021	14588	6	310	480
12021	15338	7	450	540
12021	15339	8	410	560
12022	15008	1	770	460
12022	15002	2	470	300
12022	14100	3	730	280
12022	16019	4	170	120
12022	17316	5	90	220
12022	15029	6	470	140
12022	38193	7	170	480
12023	12033	1	830	300
12023	12043	2	910	360
12023	12020	3	750	320
12023	13002	4	730	240
12023	12039	5	610	340
12023	17013	6	370	560
12023	17013	7	330	600
12023	17013	8	290	640
12023	17013	9	250	680
12023	17013	10	210	720
12023	17013	11	470	580
12023	17013	12	430	620
12023	17013	13	390	660
12023	17013	14	350	700
12023	17013	15	310	740
12023	17013	16	670	620
12023	17013	17	630	660
12023	17013	18	590	700
12023	17013	19	550	740
12023	17013	20	510	780
12023	17013	21	770	640
12023	17013	22	730	680
12023	17013	23	690	720
12023	17013	24	650	760
12023	17013	25	610	800
12023	16021	26	130	180
12031	15007	1	50	820
12031	15158	2	770	840
12031	16013	3	690	420
12031	15167	4	190	500
12031	14231	5	250	520
12031	14231	6	190	580
12031	14231	7	230	440
12031	14232	8	270	580
12031	14232	9	290	460
12031	16026	10	830	820
12031	15036	11	990	340
12032	18001	1	610	620
12032	18002	2	990	700
12032	18003	3	790	880
12032	18004	4	1150	920
12032	18005	5	1230	640
12041	15158	1	650	380
12041	16017	2	750	380
12041	14189	3	1190	420
12041	12027	4	1270	420
12041	15237	5	350	480
12041	28001	6	270	420
12041	12202	7	530	440
12041	12204	8	550	400
12041	12203	9	470	440
12042	16019	1	370	980
12042	16019	2	450	1060
12042	18004	3	1570	580
12042	18003	4	1890	580
12042	18002	5	2170	440
12042	17027	6	590	800
12042	17052	7	910	940
12042	17014	8	1730	620
12042	17014	9	1630	1000
12051	15265	1	790	160
12051	14393	2	850	240
12051	14486	3	790	280
12051	14484	4	930	240
12051	14030	5	890	300
12051	14002	6	830	380
12051	14091	7	910	360
12051	14111	8	990	320
12051	15205	9	970	560
12051	15191	10	1090	360
12051	15195	11	610	440
12051	15064	12	890	420
12051	14205	13	1010	360
12051	14204	14	1070	380
12051	14207	15	950	340
12051	15138	16	250	460
12061	15007	1	1190	1060
12061	16005	2	950	600
12061	17002	3	310	740
12061	17002	4	490	980
12061	17005	5	190	800
12061	17005	6	90	820
12061	14119	7	150	820
12061	15054	8	430	220
12061	15129	9	1590	560
12061	19023	10	1290	680
12061	38020	11	1070	80
12061	14447	12	70	420
12061	11050	13	290	880
12061	14225	14	130	920
12061	11047	15	1450	580
12061	17047	16	1510	600
12061	38193	17	1050	840
12062	15022	1	970	480
12062	15023	2	930	500
12062	15026	3	1010	500
12062	15024	4	650	440
12062	11048	5	1170	380
12062	15158	6	550	560
12062	14238	7	290	480
12062	17019	8	330	440
12062	17019	9	390	440
12062	17019	10	330	520
12062	17019	11	390	520
12062	14179	12	290	440
12062	17055	13	290	520
12062	11047	14	670	520
12062	14225	15	590	120
12062	17047	16	590	520
12062	15188	17	370	380
12063	17001	1	690	360
12063	17001	2	490	360
12063	11017	3	990	340
12063	14217	4	1050	340
12063	14180	5	890	340
12063	14079	6	830	380
12063	14187	7	1110	360
12063	17005	8	450	400
12063	17005	9	750	400
12063	17005	10	410	380
12063	17005	11	790	380
12063	14091	12	490	420
12063	14002	13	710	420
12063	17001	14	530	380
12063	17001	15	650	380
12063	14225	16	210	620
12063	11047	17	590	520
12063	17047	18	510	520
12063	15032	19	190	360
12064	15238	1	290	380
12064	15232	2	430	340
12064	11066	3	1710	300
12064	11060	4	1830	1360
12064	11003	5	1790	380
12064	17047	6	1590	420
12064	17047	7	1650	440
12064	17047	8	1710	460
12064	17047	9	1770	480
12064	17047	10	1550	460
12064	17047	11	1610	480
12064	17047	12	1670	500
12064	17047	13	1730	520
12064	17047	14	1530	400
12064	17047	15	1490	440
12064	17040	16	1830	500
12064	17047	17	1450	480
12064	17047	18	1510	500
12064	17047	19	1570	520
12064	17047	20	1630	540
12064	17047	21	1690	560
12064	14114	22	1490	1400
12064	18001	23	1550	1380
12064	15251	24	930	220
12064	15253	25	1070	220
12064	15254	26	1710	1040
12064	15255	27	70	700
12064	15267	28	850	780
12064	15266	29	910	820
12064	15265	30	970	780
12064	15264	31	1030	720
12064	15268	32	910	600
12064	15271	33	850	560
12064	15272	34	790	600
12064	15240	35	790	720
12064	15210	36	1030	600
12064	15270	37	1050	660
12064	15239	38	770	660
12064	15269	39	970	560
12064	15259	40	1390	980
12064	15260	41	1310	960
12064	15257	42	1590	940
12064	15258	43	1010	1160
12064	28007	44	910	1220
12064	15252	45	250	1420
12064	15248	46	290	1340
12064	15256	47	350	1440
12064	16015	48	410	880
12064	16018	49	250	1160
12064	16017	50	1110	100
12064	15026	51	1190	540
12064	15044	52	1230	580
12064	15254	53	1190	260
12064	15255	54	1150	220
12064	30002	55	1190	80
12064	11140	56	730	240
12064	11047	57	610	1340
12064	27147	58	490	1380
12064	27147	59	550	1260
12064	27147	60	690	1260
12064	27147	61	750	1360
12064	27147	62	690	1440
12064	14225	63	30	1520
12064	11047	64	310	620
12064	17047	65	250	680
12064	38032	66	950	1140
12064	14679	67	1290	1360
12064	15035	68	1350	80
12064	14741	69	1470	160
12064	14742	70	1530	180
12064	14743	71	1410	140
12064	14744	72	1590	200
12064	27211	73	1350	1480
12065	17155	1	410	220
12065	15240	2	630	140
12065	11119	3	590	580
12065	14225	4	170	380
12065	17047	5	290	480
12065	11047	6	370	520
12071	24006	1	90	620
12071	24005	2	1490	1020
12071	21001	3	630	740
12071	21001	4	690	700
12071	17013	5	370	1280
12071	17013	6	90	1440
12071	17227	7	50	1240
12071	22012	8	1130	1320
12071	22012	9	1290	1420
12071	22012	10	1450	1500
12071	18001	11	770	240
12071	18005	12	1170	140
12071	24007	13	1050	240
12071	24008	14	730	1480
12071	19028	15	110	1200
12071	15158	16	750	1580
12071	24010	17	710	1060
12071	23002	18	150	260
12071	19042	19	690	1520
12071	19043	20	510	820
12071	38080	21	1090	620
12071	19044	22	70	880
12072	16005	1	1110	340
12073	16005	1	1110	340
12074	16005	1	1190	320
12081	17013	1	370	1280
12081	17013	2	90	1440
12081	17227	3	50	1240
12081	24006	4	130	600
12081	24005	5	1470	1020
12081	21001	6	630	740
12081	21001	7	690	700
12081	22012	8	1130	1320
12081	22012	9	1290	1420
12081	22012	10	1450	1500
12081	18001	11	710	260
12081	18005	12	1170	140
12081	24007	13	1030	240
12081	24008	14	730	1480
12081	19028	15	110	1200
12081	15158	16	750	1580
12081	24010	17	710	1060
12081	23002	18	150	260
12081	19042	19	690	1520
12081	19043	20	510	820
12081	38080	21	1070	600
12081	19044	22	70	880
12082	16005	1	1130	340
12083	16005	1	1130	340
12084	16005	1	1190	320
12091	11050	1	450	340
12091	11005	2	310	800
12091	11088	3	590	780
12091	11047	4	430	400
12091	11037	5	410	440
12091	11074	6	470	440
12091	11044	7	450	480
12091	14519	8	470	540
12091	22012	9	730	860
12091	22012	10	790	960
12091	11021	11	330	880
12091	11024	12	350	980
12091	11038	13	230	860
12091	11040	14	250	920
12091	11003	15	250	980
12091	11031	16	270	1040
12092	11025	1	850	400
12092	11050	2	510	420
12092	14225	3	690	440
12093	11047	1	390	420
12093	11074	2	290	460
12093	11037	3	730	420
12093	11024	4	830	460
12093	11006	5	630	700
12093	11020	6	530	660
12093	17155	7	1130	580
12093	17155	8	730	740
12093	11057	9	930	500
12093	11059	10	1030	540
12093	11060	11	430	620
12093	20001	12	230	520
12093	14101	13	590	460
12093	11036	14	990	680
12093	12068	15	470	520
12093	11025	16	550	520
12093	11049	17	330	580
12093	17107	18	950	660
12093	14101	19	650	340
12093	11050	20	690	580
12093	11044	21	630	540
12093	15310	22	530	440
12093	11049	23	670	520
12093	15310	24	690	560
12093	31001	25	750	540
12093	15174	26	630	600
12093	13019	27	570	580
12093	11119	28	430	520
12093	11100	29	510	560
12093	17047	30	750	600
12093	14225	31	590	540
12093	40050	32	350	500
12093	40050	33	550	420
12093	40051	34	550	420
12093	40051	35	350	500
12093	40052	36	550	500
12094	14402	1	30	40
12094	11037	2	70	40
12094	11010	3	110	40
12095	11044	1	550	420
12095	14101	2	1050	680
12095	11037	3	490	480
12095	11045	4	490	560
12095	11046	5	550	620
12095	11047	6	730	520
12095	20004	7	930	420
12095	11123	8	650	580
12095	17254	9	650	520
12095	17254	10	710	520
12095	17254	11	590	520
12095	11074	12	650	80
12095	11074	13	750	600
12096	11037	1	710	360
12096	11187	2	770	380
12096	11210	3	830	380
12096	11058	4	650	380
12096	11064	5	590	380
12096	11057	6	790	440
12096	14402	7	630	440
12096	11050	8	710	440
12096	11211	9	850	420
12096	11044	10	710	440
12096	11045	11	710	440
12096	17155	12	570	420
12096	17155	13	210	380
12096	11065	14	710	440
12096	11006	15	630	440
12096	11214	16	790	440
12096	13142	17	30	300
12101	15028	1	290	380
12101	15029	2	250	380
12101	20001	3	590	360
12101	19043	4	490	420
12101	15267	5	470	380
12101	15029	6	350	480
12101	15274	7	290	480
12101	15274	8	410	460
12102	14098	1	350	320
12103	14507	1	630	320
12104	11060	1	410	280
12104	11066	2	270	300
12104	11047	3	310	260
12104	11040	4	250	400
12104	11053	5	530	340
12104	11044	6	430	400
12104	14519	7	350	400
12104	17047	8	410	420
12104	14225	9	470	420
12104	15104	10	550	400
12104	15104	11	610	140
12105	11044	1	550	320
12105	17155	2	330	460
12106	11037	1	310	360
12106	11123	2	450	320
12106	11074	3	270	380
12106	17096	4	510	440
12106	15174	5	470	400
12106	11026	6	310	480
12106	11187	7	410	380
12106	11047	8	410	380
12107	11123	1	550	360
12108	11074	1	310	300
12108	11123	2	490	340
12131	15055	1	370	340
12132	20001	1	250	320
12132	15128	2	410	360
12133	20001	1	290	300
12133	14201	2	510	360
12134	14001	1	490	360
12134	20001	2	270	400
12135	12027	1	410	360
12135	20001	2	330	340
12135	12050	3	490	360
12136	12039	1	590	320
12137	15068	1	490	260
12138	14079	1	330	280
12138	11047	2	530	380
12138	11030	3	290	420
12138	11015	4	350	440
12139	11053	1	530	380
12139	27028	2	610	380
12139	27028	3	670	360
12139	27028	4	650	420
12139	11047	5	350	340
12139	11050	6	330	300
12139	11034	7	290	340
12139	27027	8	410	460
12139	27027	9	310	420
12139	15049	10	370	420
12140	15287	1	370	300
12171	20001	1	530	320
12171	15104	2	450	380
12172	20001	1	230	360
12172	15010	2	390	380
12173	15067	1	450	360
12174	20001	1	590	400
12174	15072	2	390	340
12175	20001	1	270	500
12175	14104	2	370	380
12175	12051	3	310	160
12176	20001	1	650	360
12176	14123	2	430	320
12176	15047	3	550	420
12177	12047	1	350	380
12177	20001	2	250	360
12177	12033	3	330	420
12179	14096	1	270	360
12180	16030	1	590	360
12180	24011	2	410	400
12180	16031	3	330	460
12180	33004	4	750	400
12180	33005	5	850	440
12180	33006	6	950	480
12180	24012	7	1050	520
12180	15256	8	930	640
12180	15256	9	930	640
12180	15256	10	870	600
12180	10208	11	870	600
12180	10208	12	870	600
12180	33007	13	1150	560
12180	22062	14	190	520
12180	38180	15	430	660
12180	38180	16	490	680
12180	22080	17	370	620
12180	24013	18	310	600
12180	22048	19	370	620
12201	16003	1	250	360
12202	16003	1	250	360
12203	16003	1	250	360
12204	16003	1	590	400
12204	16021	2	250	340
12205	16003	1	590	380
12205	16021	2	290	340
12205	15131	3	330	300
12206	16009	1	570	380
12206	16021	2	290	340
12206	15131	3	330	300
12221	16002	1	550	300
12222	16002	1	550	300
12223	16002	1	290	300
12224	16007	1	550	340
12225	16002	1	550	340
12241	16001	1	350	400
12241	15105	2	170	500
12241	14076	3	590	500
12241	14244	4	450	520
12241	17050	5	410	500
12241	17050	6	410	540
12242	16001	1	490	400
12242	10038	2	290	480
12242	10038	3	610	280
12242	10038	4	190	440
12242	10038	5	570	480
12242	10038	6	530	480
12242	10002	7	130	500
12242	10038	8	370	520
12243	16001	1	350	400
12243	15016	2	270	500
12243	15017	3	570	500
12243	15339	4	550	420
12243	15338	5	490	400
12244	17022	1	210	420
12244	15021	2	570	500
12244	15118	3	490	400
12244	38180	4	110	520
12244	22048	5	370	420
12245	16018	1	350	400
12246	16018	1	350	400
12261	16004	1	410	240
12262	16004	1	410	240
12263	16004	1	430	240
12264	16011	1	410	240
12265	16011	1	410	240
12266	19029	1	370	300
12267	19029	1	390	300
12281	16006	1	670	240
12281	15120	2	430	440
12281	15202	3	510	280
12281	15104	4	550	500
12281	11044	5	710	420
12281	11025	6	850	320
12281	11113	7	890	480
12281	15085	8	950	360
12281	15030	9	1010	360
12282	16006	1	690	260
12282	15059	2	550	480
12282	15060	3	430	440
12282	15065	4	690	500
12282	10003	5	1010	360
12301	14030	1	650	340
12301	14091	2	390	360
12301	14002	3	290	400
12301	17017	4	190	440
12301	17017	5	690	500
12301	17017	6	590	540
12301	17017	7	490	580
12301	14184	8	510	360
12301	14033	9	550	460
12301	14032	10	610	440
12301	20001	11	790	400
12301	20001	12	750	420
12301	20001	13	590	300
12301	20001	14	110	480
12302	10016	1	570	320
12302	10038	2	330	300
12302	10038	3	250	340
12302	10038	4	170	400
12302	10038	5	610	460
12302	10038	6	510	500
12302	10038	7	430	540
12302	20001	8	650	420
12303	17002	1	330	300
12303	17002	2	250	340
12303	17002	3	170	380
12303	17002	4	610	460
12303	17002	5	510	500
12303	17002	6	430	540
12303	19017	7	410	400
12303	14151	8	470	400
12303	20001	9	670	380
12304	14072	1	550	320
12304	17003	2	330	300
12304	17003	3	250	340
12304	17003	4	170	380
12304	17003	5	630	440
12304	17003	6	530	480
12304	17003	7	430	520
12304	14277	8	690	360
12305	14126	1	1070	300
12305	11067	2	650	460
12305	11146	3	710	340
12305	11047	4	890	520
12305	14101	5	950	500
12306	19027	1	650	180
12306	19026	2	170	380
12307	19027	1	650	180
12307	19026	2	170	380
12308	19027	1	650	180
12308	19026	2	170	380
12309	19027	1	650	180
12309	19026	2	170	380
12310	14033	1	570	340
12310	14052	2	590	440
12310	14180	3	330	320
12310	14194	4	230	360
12310	14181	5	490	480
12310	14179	6	130	400
12310	17154	7	390	520
12310	11040	8	310	460
12401	27035	1	490	440
12401	27036	2	530	400
12401	27036	3	570	440
12401	15063	4	30	80
12401	27037	5	970	280
12401	27037	6	990	320
12401	27038	7	1290	180
12401	27038	8	1330	200
12402	15166	1	750	500
12403	14148	1	510	280
12403	15341	2	530	340
12403	15340	3	570	380
12403	24011	4	550	360
12403	15339	5	350	380
12403	15338	6	410	380
12404	14148	1	410	300
12404	15087	2	290	380
12404	15063	3	350	300
12406	27022	1	850	80
12406	15420	2	290	280
12406	38086	3	350	480
12406	38086	4	510	580
12406	38086	5	610	400
12406	38086	6	790	520
12406	38086	7	1210	600
12406	38086	8	1070	480
12406	38086	9	1270	360
12406	38086	10	1350	500
12406	15340	11	910	80
12406	15341	12	970	80
12406	38088	13	490	300
12407	27022	1	1470	220
12407	38087	2	350	480
12407	38087	3	510	580
12407	38087	4	790	520
12407	38087	5	610	420
12407	38087	6	1070	480
12407	38087	7	1270	360
12407	38087	8	1210	600
12407	38087	9	1350	500
12407	15340	10	790	80
12407	15341	11	830	80
12408	38088	1	590	960
12408	38088	2	650	980
12408	38088	3	350	700
12408	38088	4	290	720
12408	38088	5	610	440
12408	38088	6	670	440
12408	38089	7	330	280
12408	15420	8	430	280
12408	38088	9	390	300
12409	38088	1	570	1200
12409	38088	2	610	1200
12409	38088	3	490	1160
12409	38088	4	530	1120
12409	38088	5	410	1080
12409	38088	6	470	1080
12409	38088	7	350	1040
12409	38088	8	390	1000
12409	38088	9	330	980
12409	38088	10	290	1000
12409	38089	11	250	960
12409	38088	12	550	660
12409	38088	13	590	660
12409	38088	14	530	620
12409	38088	15	490	620
12409	38088	16	490	560
12409	38088	17	410	560
12409	38088	18	350	500
12409	38088	19	390	480
12409	38088	20	310	440
12409	38088	21	270	460
12409	38089	22	270	420
12409	38088	23	530	260
12409	38088	24	610	300
12409	15420	25	530	260
12409	38089	26	550	300
12409	38090	27	670	180
12409	15420	28	270	420
12409	15420	29	250	960
12411	15170	1	230	540
12411	15064	2	570	540
12411	14407	3	670	580
12412	15166	1	270	480
12413	11078	1	50	400
12413	14225	2	370	460
12413	11047	3	50	400
12413	11033	4	330	400
12418	27022	1	790	80
12418	15340	2	830	80
12418	15341	3	870	80
12418	15420	4	270	280
12418	38088	5	490	300
12418	38086	6	350	480
12418	38086	7	510	580
12418	38086	8	610	400
12418	38086	9	790	520
12418	38086	10	1070	480
12418	38086	11	1210	600
12418	38086	12	1350	500
12418	38086	13	1270	360
12419	27022	1	1470	220
12419	38087	2	1350	500
12419	38087	3	1270	360
12419	38087	4	1210	600
12419	38087	5	1070	480
12419	38087	6	790	520
12419	38087	7	610	420
12419	38087	8	510	580
12419	38087	9	350	480
12419	15340	10	950	80
12419	15341	11	1010	80
12421	14120	1	710	280
12421	17001	2	310	120
12421	14121	3	790	300
12421	17001	4	1070	380
12421	17014	5	650	260
12421	38033	6	970	720
12421	38033	7	970	720
12421	38182	8	870	560
12421	38181	9	930	580
12431	17390	1	790	480
12431	11045	2	850	640
12431	11064	3	930	700
12431	17187	4	670	700
12431	17187	5	730	660
12431	17187	6	790	620
12431	17187	7	850	580
12431	17187	8	910	540
12431	17187	9	610	660
12431	17187	10	670	620
12431	17187	11	730	580
12431	17187	12	790	540
12431	17187	13	850	500
12432	14033	1	1310	360
12432	17015	2	130	440
12432	17015	3	530	400
12432	17015	4	910	380
12432	17015	5	430	560
12432	17015	6	790	520
12432	17015	7	1170	480
12432	11030	8	1490	440
12432	11015	9	1390	340
12441	17013	1	630	280
12441	14091	2	210	400
12441	14003	3	230	440
12501	20001	1	1310	320
12502	20001	1	1290	340
12502	20001	2	1010	1780
12502	20001	3	3010	1820
12502	20001	4	2790	240
12502	10005	5	4170	1920
12502	24001	6	2110	1600
12504	20001	1	3130	500
12504	14119	2	3030	300
12504	17373	3	3010	240
12504	17373	4	3110	280
12505	25006	1	190	360
12505	25006	2	150	400
12505	25006	3	210	400
12506	20001	1	150	260
12507	20001	1	390	180
12508	10004	1	530	260
12508	10005	2	610	280
12508	20001	3	590	220
12508	10037	4	190	440
12508	10037	5	370	440
12508	10037	6	310	440
12508	10037	7	250	440
12508	10037	8	190	500
12508	10037	9	250	500
12508	10037	10	310	500
12508	10037	11	370	500
12511	20001	1	2850	1660
12511	20001	2	1450	1600
12511	20001	3	4010	2520
12511	24001	4	2090	2300
12511	25016	5	1090	1600
12511	25016	6	1030	1700
12511	25016	7	1490	1660
12511	25016	8	3470	2520
12511	25016	9	3890	2540
12511	25016	10	4010	2320
12512	20001	1	650	260
12512	20001	2	690	2460
12512	20002	3	1190	1840
12512	25015	4	310	240
12512	25015	5	210	440
12512	25015	6	210	320
12512	25015	7	210	2460
12512	25015	8	350	2480
12512	25015	9	270	2180
12513	20001	1	190	340
12513	20001	2	2310	480
12513	20002	3	990	1040
12513	25016	4	550	580
12513	25016	5	250	260
12513	25016	6	190	560
12513	25016	7	2230	520
12513	25016	8	2310	260
12514	20001	1	230	1200
12514	20001	2	2330	1160
12514	20002	3	1530	1820
12514	24001	4	1410	980
12514	25016	5	590	1220
12514	25016	6	430	1220
12514	25016	7	370	1220
12514	25016	8	1390	1840
12514	25016	9	1450	1820
12514	25016	10	1030	1640
12514	25016	11	1990	1160
12514	25016	12	2330	960
12514	25016	13	1890	1120
12515	20001	1	650	260
12515	20001	2	1470	900
12515	25016	3	210	300
12515	25016	4	290	220
12515	25016	5	270	280
12515	25016	6	1430	1160
12515	25016	7	1150	860
12516	20002	1	390	500
12517	20002	1	610	240
12518	20002	1	630	500
12519	20002	1	630	500
12519	11074	2	610	220
12519	11037	3	470	260
12519	14507	4	510	200
12519	11036	5	430	220
12519	11040	6	390	260
12519	11057	7	350	320
12519	11072	8	350	220
12519	11091	9	310	260
12519	11045	10	450	320
12519	11031	11	530	400
12519	11050	12	470	380
12519	11020	13	610	400
12519	11047	14	370	180
12521	20002	1	1190	1820
12521	24001	2	2170	1660
12521	15103	3	510	1600
12521	27103	4	2010	340
12521	27099	5	2210	500
12521	38026	6	2010	500
12521	38027	7	2210	340
12521	27103	8	550	1640
12521	27099	9	650	1640
12521	38027	10	730	1700
12521	38026	11	470	1700
12523	20001	1	1510	240
12523	20002	2	170	340
12523	20002	3	370	3600
12523	20002	4	1490	1640
12523	38027	5	1170	3620
12523	38026	6	1370	3620
12523	27099	7	1170	3480
12523	27103	8	1350	3480
12523	38026	9	1370	3620
12523	38026	10	1370	3620
12523	38026	11	1370	3620
12523	27099	12	530	3540
12523	27103	13	470	3500
12523	38027	14	470	3540
12523	38026	15	510	3500
12523	38026	16	1690	2260
12523	38027	17	1470	2320
12523	27099	18	1550	2260
12523	27103	19	1750	2320
12524	20001	1	350	340
12525	20002	1	1310	1040
12526	20001	1	990	1700
12526	38027	2	1350	1120
12526	38026	3	1350	920
12526	27099	4	1190	920
12526	27103	5	1190	1120
12526	38026	6	1190	1660
12526	38027	7	1230	1740
12526	27099	8	1130	1700
12526	27103	9	1170	1740
12527	27103	1	1370	420
12527	27099	2	1290	360
12527	38026	3	1090	420
12527	38027	4	1130	340
12529	20002	1	590	240
12530	20002	1	610	500
12531	20002	1	570	240
12532	20002	1	610	520
12532	10098	2	550	280
12532	20001	3	610	240
12532	38043	4	610	320
12532	20005	5	230	220
12532	10214	6	230	480
12533	20002	1	410	500
12533	11020	2	390	260
12533	20005	3	630	200
12533	10214	4	630	500
12534	20001	1	390	180
12534	15188	2	430	280
12535	20002	1	610	240
12535	20005	2	270	220
12535	10214	3	590	500
12536	20001	1	150	340
12536	20002	2	370	200
12536	38027	3	470	300
12536	38026	4	330	420
12536	27099	5	470	420
12536	27103	6	330	300
12537	20001	1	430	400
12537	38026	2	310	380
12537	38027	3	290	320
12537	27099	4	330	340
12537	27103	5	370	360
12538	20002	1	390	500
12539	20001	1	630	340
12539	20002	2	390	220
12539	15115	3	450	460
12539	27103	4	370	400
12539	27099	5	510	300
12539	38027	6	510	400
12539	38026	7	370	300
12540	20002	1	390	500
12541	20001	1	630	320
12542	20002	1	190	240
12543	20001	1	190	460
12544	20001	1	190	980
12544	20001	2	2350	1820
12544	20002	3	1570	320
12544	20002	4	1570	1720
12546	20001	1	3150	1160
12546	20002	2	1150	960
12546	10007	3	1410	940
12546	20001	4	1490	940
12546	38043	5	1270	1080
12547	20001	1	1110	260
12547	20002	2	350	1040
12549	20001	1	390	1040
12549	20002	2	2110	1040
12552	20001	1	410	260
12554	20002	1	170	360
12554	13025	2	250	300
12555	20001	1	250	320
12556	20001	1	150	260
12556	27103	2	370	240
12556	27099	3	370	300
12556	38026	4	310	260
12556	38027	5	430	260
12557	20001	1	430	360
12558	20002	1	370	500
12559	20002	1	630	500
12560	20002	1	610	240
12561	20002	1	630	500
12562	20001	1	630	340
12562	20002	2	410	180
12562	27099	3	330	300
12562	27103	4	330	420
12562	38026	5	470	420
12562	38027	6	470	300
12563	20001	1	1470	1840
12563	20002	2	1470	280
12563	20002	3	2130	1020
12563	10001	4	1150	280
12563	20001	5	1090	240
12563	38043	6	1030	440
12563	38053	7	1030	360
12563	22046	8	1270	240
12564	20001	1	1510	1840
12564	20001	2	1470	300
12564	20002	3	170	1080
12565	20001	1	210	1200
12565	20002	2	2310	1160
12567	14125	1	410	240
12568	20002	1	630	500
12568	12043	2	530	260
12569	20002	1	610	500
12569	10003	2	410	360
12569	10094	3	350	300
12569	10094	4	470	300
12570	20002	1	610	240
12570	10002	2	390	340
12570	10053	3	450	260
12570	10053	4	490	360
12571	20001	1	150	500
12571	10001	2	350	400
12571	10090	3	170	360
12571	10090	4	250	520
12581	20001	1	1490	320
12581	20002	2	1530	1840
12581	24001	3	1090	1000
12581	25015	4	1470	460
12581	25015	5	1030	360
12581	25015	6	1130	280
12581	25015	7	990	1820
12581	25015	8	1030	1640
12581	25015	9	1070	1860
12581	11030	10	1410	280
12581	17501	11	2810	1000
12582	20002	1	1470	1640
12582	20002	2	1490	240
12582	24001	3	1170	1060
12582	17501	4	1210	1100
12582	17501	5	1270	1100
12582	17501	6	1330	1100
12582	17501	7	1230	1020
12582	17501	8	1290	1020
12582	17501	9	1350	1020
12584	20002	1	410	220
12584	17501	2	450	300
12584	17501	3	430	340
12584	17501	4	450	380
12585	20001	1	1510	1840
12585	20001	2	1470	300
12585	20002	3	1830	1760
12585	20002	4	1950	260
12585	24001	5	1370	1120
12585	14272	6	1190	300
12585	14156	7	1050	340
12585	14033	8	1110	280
12585	14009	9	1270	1840
12585	14002	10	1350	1740
12585	14091	11	1190	1740
12586	10018	1	270	220
12586	10074	2	270	300
12586	10074	3	330	240
12586	10002	4	230	520
12586	10004	5	210	420
12586	10005	6	270	460
12586	10006	7	330	520
12586	12050	8	190	340
12587	20001	1	190	340
12587	10019	2	430	280
12587	10098	3	310	360
12587	11090	4	370	500
12587	14406	5	510	500
12587	10099	6	590	360
12588	20002	1	650	1000
12588	17501	2	370	440
12588	17501	3	430	460
12588	17501	4	490	440
12588	17501	5	430	400
12588	17501	6	350	720
12588	17501	7	430	740
12588	17501	8	510	720
12588	17501	9	390	780
12588	17501	10	430	820
12588	17501	11	470	780
12588	14671	12	410	680
12588	14672	13	470	680
12589	20001	1	1470	1800
12589	20002	2	370	1660
12589	20001	3	1410	1160
12589	25015	4	1170	1160
12589	25015	5	1470	900
12589	25015	6	1210	900
12589	25015	7	1190	1800
12589	25015	8	1450	1520
12589	25015	9	1110	1500
12589	11068	10	1230	1640
12589	11047	11	990	1640
12589	11006	12	910	1600
12589	11088	13	1290	1560
12589	11089	14	1350	1600
12589	14406	15	1350	1680
12589	11070	16	1290	1720
12589	10269	17	1490	1020
12589	14672	18	1230	1020
12589	17501	19	1210	940
12589	17501	20	1170	1000
12589	17501	21	1170	1060
12589	17501	22	1210	1120
12589	14671	23	1270	960
12590	10018	1	270	220
12590	10074	2	270	300
12590	10074	3	330	240
12590	10002	4	230	520
12590	10004	5	210	420
12590	10005	6	270	460
12590	10006	7	330	520
12590	12050	8	190	340
12591	20001	1	1450	260
12591	20001	2	1030	1860
12591	25008	3	1090	280
12591	25008	4	1130	300
12591	25008	5	1070	320
12591	25008	6	1510	1860
12591	25008	7	1530	1800
12591	25008	8	1470	1840
12592	20001	1	630	500
12593	20001	1	1470	260
12593	20001	2	1530	1860
12593	25008	3	1050	1800
12593	25008	4	1030	1860
12593	25008	5	1090	1860
12593	25008	6	1170	260
12593	25008	7	1130	320
12593	25008	8	1210	320
12701	38043	1	450	480
12701	38043	2	650	500
12701	38045	3	750	380
12701	38045	4	610	340
12701	38043	5	1170	580
12701	16033	6	450	160
12701	38055	7	1010	280
12701	10196	8	1010	180
12702	38053	1	590	340
12702	38045	2	590	440
12702	38045	3	350	320
12702	38045	4	490	480
12702	38045	5	250	360
12702	38045	6	390	520
12702	38045	7	150	400
12703	38052	1	350	420
12703	38046	2	490	500
12703	38046	3	470	540
12703	38046	4	550	500
12703	38046	5	590	520
12703	38046	6	510	560
12704	38051	1	250	340
12705	38048	1	630	320
12706	38049	1	590	320
12711	16037	1	730	280
12711	16039	2	170	240
12711	16038	3	350	280
12711	16057	4	1030	340
12711	24003	5	1250	620
12711	19052	6	830	600
12711	38188	7	430	500
12721	27156	1	730	920
12721	16005	2	1410	720
12721	15428	3	1190	460
12721	15428	4	730	580
12721	15429	5	1110	660
12721	15429	6	970	980
12721	16020	7	950	480
12721	16014	8	1390	1100
12721	15049	9	650	1000
12721	27192	10	30	40
12722	10034	1	630	1000
12722	10034	2	670	1060
12722	10034	3	1190	800
12722	10034	4	1350	800
12722	10034	5	850	420
12722	10034	6	810	480
12722	10071	7	350	260
12722	10071	8	290	300
12722	10034	9	370	340
12722	16049	10	1390	440
12723	16050	1	530	340
12723	16081	2	330	320
12724	15428	1	190	360
12724	16019	2	410	300
12724	16094	3	570	340
12801	10195	1	250	1640
12801	10195	2	550	1500
12801	10196	3	590	640
12801	10196	4	1910	700
12801	10195	5	1750	1180
12801	10197	6	1350	940
12801	10195	7	430	1780
12801	10008	8	350	400
12801	20001	9	270	340
12801	38043	10	450	340
12801	10207	11	290	1700
12801	10207	12	350	1740
12801	10208	13	290	1760
12802	14127	1	1270	500
12802	14127	2	710	920
12802	14129	3	510	540
12802	14129	4	1030	540
12802	14129	5	790	660
12802	14129	6	450	800
12802	14129	7	1010	680
12803	14126	1	1090	940
12803	14126	2	1170	760
12803	14126	3	1230	560
12803	14126	4	830	700
12803	14126	5	530	820
12803	14128	6	990	600
12803	14128	7	570	600
12804	20001	1	1330	560
12804	10038	2	1190	400
12804	10038	3	1130	460
12804	10038	4	1250	460
12804	10038	5	1190	520
12804	15070	6	1190	460
12804	15070	7	1130	400
12805	10198	1	510	520
12805	10196	2	870	560
12805	10196	3	1210	580
12805	10198	4	550	1000
12805	14151	5	1150	1000
12805	17192	6	1090	1040
12805	17192	7	1230	1000
12805	17192	8	1090	1120
12805	17192	9	1290	1040
12805	17192	10	1190	1080
12805	10194	11	1330	340
12805	10193	12	1430	400
12806	17005	1	650	740
12806	17005	2	1950	780
12806	17005	3	650	2100
12806	17005	4	1890	2780
12806	17020	5	710	1380
12806	17020	6	1510	1160
12806	17020	7	1770	2060
12806	17021	8	1290	1660
12806	17021	9	1230	2380
12806	17021	10	770	3300
12806	14001	11	1410	520
12806	12027	12	1490	520
12807	15051	1	690	880
12807	15051	2	1330	720
12807	15053	3	2030	920
12807	15053	4	2130	500
12807	15051	5	1550	540
12807	15053	6	1650	940
12807	15053	7	1030	920
12808	22012	1	750	1780
12808	22012	2	270	980
12808	22012	3	990	1400
12808	22012	4	250	500
12808	22012	5	1410	1120
12808	22012	6	990	480
12808	24001	7	1590	340
12808	15136	8	1170	240
12808	15131	9	1130	280
12808	15050	10	310	360
12808	15049	11	410	320
12808	15049	12	410	320
12809	17222	1	1590	560
12809	17222	2	1210	880
12809	17222	3	910	1240
12809	17222	4	1190	1580
12809	17223	5	1990	540
12809	17223	6	2030	1120
12809	17223	7	1990	1500
12809	17223	8	650	680
12811	10046	1	1250	620
12811	10046	2	1810	1300
12811	10046	3	1790	1880
12811	10046	4	1290	1160
12811	10046	5	1330	1560
12811	10046	6	2130	460
12811	10046	7	710	1600
12811	10055	8	1490	2180
12811	10055	9	650	1000
12811	10055	10	510	2080
12811	14006	11	410	400
12811	14244	12	350	460
12811	14244	13	490	440
12811	14244	14	430	480
12811	14244	15	330	400
12811	14244	16	350	340
12811	14244	17	490	380
12811	14244	18	430	320
12815	14132	1	830	820
12815	14132	2	1910	440
12815	14132	3	610	480
12815	14132	4	630	1200
12815	14132	5	1670	1420
12815	14132	6	1890	960
12815	14132	7	1170	1340
12815	14132	8	1330	740
12815	14266	9	610	1620
12815	14001	10	1070	360
12815	17015	11	1190	280
12815	17015	12	1130	280
12815	17015	13	1070	280
12815	17015	14	1010	280
12815	17015	15	950	280
12815	14176	16	2350	120
12816	14133	1	690	520
12816	14133	2	870	1100
12816	14133	3	670	1980
12816	14267	4	1310	2260
12816	14266	5	1630	2160
12817	14161	1	590	440
12817	14161	2	1490	720
12817	14161	3	2850	760
12817	14210	4	430	740
12817	14209	5	2490	880
12817	14210	6	2070	800
12817	14266	7	670	1260
12817	17073	8	390	960
12817	14111	9	2430	320
12817	17377	10	2390	280
12817	17377	11	2490	300
12818	14162	1	530	620
12818	14162	2	1150	920
12818	14162	3	1210	1400
12818	14267	4	410	1540
12818	14268	5	510	1580
12818	14266	6	830	1900
12818	17134	7	810	220
12818	17137	8	810	320
12818	10127	9	610	380
12818	10127	10	710	360
12818	10127	11	930	360
12818	10127	12	1030	380
12818	10127	13	830	380
12818	10128	14	570	320
12818	10128	15	650	320
12818	10128	16	730	300
12818	10128	17	890	300
12818	10128	18	990	320
12818	10128	19	1070	320
12818	10129	20	610	260
12818	10129	21	710	240
12818	10129	22	890	240
12818	10129	23	970	260
12818	10129	24	790	260
12819	14211	1	2730	440
12819	14212	2	1130	380
12819	17073	3	470	600
12819	19001	4	1710	560
12820	14249	1	1490	120
12820	14226	2	1410	100
12820	17073	3	1350	200
12820	17073	4	1410	220
12820	17073	5	1470	240
12820	17070	6	590	340
12820	17070	7	590	2140
12820	17070	8	1210	360
12820	17070	9	1210	1400
12820	17071	10	530	1280
12820	17071	11	1210	700
12820	17071	12	690	820
12820	17133	13	1290	2140
12820	17073	14	1290	2240
12821	17012	1	650	980
12821	17012	2	550	1520
12821	17012	3	1890	1460
12821	17013	4	1030	1560
12821	17013	5	1970	1040
12821	17008	6	1130	580
12822	20002	1	1310	540
12822	10010	2	710	360
12822	10121	3	630	340
12822	10121	4	630	400
12823	10059	1	510	840
12823	10082	2	1150	940
12823	10082	3	850	580
12823	14448	4	370	360
12823	17086	5	430	320
12823	17086	6	290	380
12824	17046	1	610	1460
12824	17046	2	1170	840
12824	10067	3	1050	1240
12824	10067	4	570	600
12824	12011	5	1130	1620
12824	10092	6	1230	1660
12824	10092	7	1110	1720
12825	18002	1	1070	1020
12825	18003	2	1410	480
12825	18004	3	370	860
12825	18005	4	430	520
12825	14679	5	370	720
12826	17022	1	2810	720
12826	17001	2	2070	600
12826	17004	3	1330	540
12826	17022	4	1530	860
12826	17001	5	1050	880
12827	10042	1	490	500
12827	10042	2	1210	1020
12827	10036	3	1250	500
12827	10004	4	750	1040
12827	20001	5	670	1080
12827	38043	6	870	940
12828	10096	1	390	300
12828	10034	2	1150	1420
12828	10034	3	1330	420
12828	10034	4	550	900
12828	10060	5	850	660
12828	10060	6	1150	2220
12828	17009	7	590	1420
12828	10069	8	450	360
12828	10069	9	370	380
12829	10035	1	510	540
12829	10035	2	1470	860
12829	10110	3	2010	980
12829	10110	4	2090	500
12829	14181	5	470	880
12829	14179	6	550	860
12829	11047	7	370	940
12829	11053	8	370	1000
12830	17004	1	890	1240
12830	17007	2	870	760
12830	17004	3	550	1500
12830	17007	4	1150	860
12830	10033	5	1390	480
12830	10184	6	1350	320
12830	10185	7	1390	340
12830	10186	8	1430	360
12830	10187	9	1470	380
12831	18001	1	450	440
12831	18001	2	370	340
12831	10200	3	630	2040
12831	10199	4	570	1560
12831	10201	5	1070	1880
12831	10200	6	1170	900
12831	10199	7	530	860
12831	10201	8	1150	1520
12831	18002	9	1310	360
12831	18003	10	1410	460
12831	14125	11	830	600
12831	14248	12	890	580
12831	14248	13	950	580
12831	14248	14	710	580
12831	14248	15	770	580
12831	14248	16	890	520
12831	14248	17	770	520
12831	14248	18	950	520
12831	14248	19	710	520
12831	14247	20	250	2400
12831	11047	21	190	2280
12831	11112	22	310	2240
12841	10202	1	2850	560
12841	10202	2	2210	540
12841	10203	3	1770	840
12841	10203	4	1310	540
12841	10204	5	1190	900
12841	10204	6	970	560
12841	11032	7	550	480
12841	10053	8	650	520
12841	10053	9	550	560
12841	14079	10	2930	360
12841	14184	11	3090	520
12841	17206	12	3150	360
12841	11113	13	3090	300
12841	14450	14	330	1040
12841	17571	15	330	1100
12841	17571	16	250	1040
12841	14184	17	590	860
12841	14111	18	650	900
12841	14274	19	530	820
12841	11024	20	470	940
12841	11047	21	370	920
12841	11050	22	2750	1040
12841	15348	23	2850	1000
12842	15010	1	210	360
12842	10053	2	170	320
12842	10053	3	170	380
12842	17047	4	390	300
12842	17047	5	290	380
12842	17047	6	270	400
12842	17047	7	310	420
12842	17047	8	250	420
12842	17047	9	310	360
12842	17047	10	350	380
12842	17047	11	330	400
12842	17047	12	290	440
12842	11037	13	350	320
12842	11044	14	450	420
12842	11047	15	270	320
12842	38032	16	470	400
12851	30001	1	250	400
12851	30001	2	550	260
12851	11034	3	690	420
12851	11024	4	630	400
12851	11115	5	450	400
12851	17320	6	490	360
12851	17321	7	390	400
12851	17123	8	550	400
12852	10125	1	1970	880
12852	10130	2	1170	960
12852	10118	3	530	860
12852	24001	4	3270	1260
12852	10130	5	2770	980
12852	10118	6	2410	580
12852	14185	7	1490	680
12852	14230	8	1390	680
12852	14052	9	1310	660
12852	11030	10	1570	660
12852	11015	11	1630	620
12852	30002	12	1150	620
12853	10118	1	1590	560
12853	10118	2	470	720
12853	10125	3	810	560
12853	10130	4	1150	480
12853	10130	5	2090	680
12853	14066	6	2010	1020
12853	17068	7	2030	920
12853	17068	8	2110	1020
12853	17069	9	1890	1020
12853	17069	10	1950	1140
12853	10001	11	1510	1000
12853	10207	12	1670	960
12853	10207	13	1610	1080
12853	10208	14	1590	980
12853	10208	15	1530	1100
12853	10209	16	1410	1020
12853	10210	17	1450	1080
12853	19018	18	990	1080
12853	19020	19	990	1000
12853	11105	20	1030	1040
12854	20001	1	370	340
12854	14184	2	470	400
12854	14187	3	350	400
12854	11037	4	330	460
12855	11037	1	270	340
12855	14453	2	370	340
12861	14250	1	730	1600
12861	14251	2	550	1340
12861	14250	3	770	1060
12861	14251	4	1130	880
12861	14250	5	1270	500
12861	11024	6	1350	1340
12861	17077	7	1150	1340
12861	14451	8	1250	1520
12861	14671	9	1070	1700
12861	17501	10	1010	1600
12861	17501	11	990	1640
12861	17501	12	970	1680
12861	17501	13	950	1720
12861	17501	14	1370	1720
12861	17501	15	1350	1780
12861	17501	16	1330	1840
12861	17501	17	1310	1900
12861	17501	18	1310	1740
12861	17501	19	1290	1800
12861	17501	20	1270	1860
12861	14672	21	1090	1660
12861	10269	22	1650	1540
12862	14250	1	590	1620
12862	14251	2	1110	1580
12862	14250	3	1110	960
12862	14251	4	590	1000
12862	14250	5	1270	500
12862	14204	6	1170	2220
12862	14194	7	1230	2340
12862	14207	8	1350	2280
12871	17038	1	2490	600
12871	17015	2	2190	880
12871	10150	3	1650	900
12871	17015	4	1090	560
12871	10150	5	610	600
12871	17015	6	550	1000
12871	14176	7	390	440
12871	14177	8	470	360
12871	14178	9	330	400
12871	14277	10	370	300
12871	14189	11	3090	1240
12871	17086	12	3050	360
12871	14184	13	3110	360
12871	14030	14	3150	400
12871	11087	15	3070	420
12881	17034	1	1010	920
12881	17038	2	1290	620
12881	17042	3	630	720
12881	17034	4	1970	580
12881	17042	5	1850	880
12881	14015	6	2910	480
12881	17087	7	2970	400
12881	17087	8	2970	540
12881	14086	9	2830	960
12881	14087	10	2910	1020
12881	14453	11	310	280
12881	10197	12	230	1100
12881	10197	13	270	1200
12881	17530	14	490	900
12881	17530	15	490	820
12881	17530	16	490	740
12881	17530	17	490	660
12881	17530	18	870	1060
12881	17530	19	630	1060
12881	17530	20	950	1060
12881	17530	21	790	1060
12881	17530	22	710	1060
12881	17530	23	370	1000
12881	10003	24	30	820
12881	14671	25	2210	480
12881	14672	26	2210	600
12881	17530	27	2130	420
12881	17530	28	2130	500
12881	17530	29	2130	580
12881	17530	30	2130	680
12881	17530	31	2070	640
12881	17530	32	2070	560
12881	17530	33	2070	480
12881	17530	34	2010	420
12881	17530	35	2010	500
12881	17530	36	2010	580
12881	17530	37	2010	680
12881	17530	38	2450	540
12881	17530	39	2530	460
12881	17530	40	2530	520
12881	17530	41	2590	460
12881	17530	42	2590	520
12881	17530	43	2650	460
12881	17530	44	2650	520
12881	14673	45	2450	500
12882	17034	1	530	900
12882	17038	2	850	640
12882	17042	3	1150	800
12882	17038	4	1710	860
12882	17034	5	1450	600
12882	17042	6	2070	620
12882	17038	7	2490	760
12882	17107	8	410	340
12882	14184	9	330	420
12882	14447	10	390	280
12882	14030	11	330	340
12882	11117	12	370	240
12882	11017	13	310	240
12882	14253	14	310	280
12882	14033	15	390	440
12882	14185	16	270	340
12882	11118	17	290	380
12882	14180	18	250	300
12882	14079	19	370	360
12882	11047	20	470	400
12882	11111	21	610	540
12882	10270	22	2790	1160
12882	10197	23	2770	1100
12882	10197	24	2730	1160
12882	14673	25	390	1060
12882	17530	26	430	960
12882	17530	27	450	1040
12882	17530	28	490	1000
12882	17530	29	510	1080
12891	10052	1	1150	680
12891	10052	2	1150	860
12891	10052	3	990	1160
12891	10052	4	710	1440
12891	10052	5	990	1800
12891	10052	6	570	1680
12891	10054	7	590	1220
12891	10054	8	790	1000
12891	10054	9	410	380
12891	10054	10	850	2020
12891	10071	11	670	2160
12891	10071	12	1110	2220
12891	10071	13	530	900
12901	22012	1	1110	1320
12901	22012	2	1290	1420
12901	22012	3	1450	1500
12901	21001	4	830	600
12901	21001	5	750	640
12901	24006	6	130	620
12901	17013	7	350	1280
12901	17013	8	90	1420
12901	18001	9	710	260
12901	18001	10	990	160
12901	18001	11	570	480
12901	24005	12	1450	940
12901	17227	13	70	1240
12901	19043	14	630	720
12911	15231	1	410	440
12911	15234	2	890	560
12911	15233	3	1090	640
12911	38020	4	1290	720
12911	38021	5	1330	720
12921	15049	1	290	340
12921	15050	2	450	340
12921	14259	3	270	800
12922	20001	1	250	320
12922	10006	2	210	360
12922	17104	3	1010	420
12922	17077	4	970	460
12922	17378	5	930	500
12923	20001	1	570	340
12923	11068	2	390	400
12923	11087	3	470	500
12923	11088	4	430	520
12923	11104	5	550	460
12923	11107	6	510	480
12924	20001	1	750	260
12924	14328	2	550	260
12924	14184	3	550	1180
12924	13028	4	310	720
12925	20001	1	750	260
12925	11067	2	550	260
12925	14092	3	310	720
12925	14031	4	550	1180
12926	20001	1	750	260
12926	13053	2	550	1180
12926	12016	3	310	720
12926	14030	4	550	260
12927	20001	1	730	260
12927	14169	2	550	1180
12927	12066	3	310	720
12927	11003	4	550	260
12928	20001	1	750	260
12928	13034	2	550	1180
12928	14017	3	310	720
12928	14366	4	550	260
12929	20001	1	770	260
12929	12087	2	550	1180
12929	13017	3	310	720
12929	11037	4	530	260
12929	15049	5	710	280
12930	20001	1	770	260
12930	14079	2	550	1180
12930	13038	3	310	720
12930	11044	4	530	260
12931	20001	1	770	260
12931	12033	2	550	1180
12931	14021	3	310	720
12931	12017	4	550	260
12932	20001	1	770	260
12932	11026	2	550	1180
12932	13005	3	310	720
12932	11018	4	550	260
12933	20001	1	770	260
12933	13014	2	550	1180
12933	12043	3	310	720
12933	14009	4	550	260
12934	20001	1	650	420
12934	13036	2	590	420
12934	13037	3	710	420
12934	15241	4	570	480
12934	15242	5	730	480
12934	15049	6	510	580
12934	15050	7	810	580
12934	27026	8	750	400
12935	20001	1	750	280
12935	12136	2	530	1180
12935	41167	3	310	720
12935	41002	4	530	260
12936	20001	1	750	280
12936	45001	2	530	1180
12936	45148	3	310	720
12936	45141	4	530	260
12937	20001	1	750	280
12937	45189	2	530	1180
12937	45130	3	310	720
12937	15171	4	530	260
12938	20001	1	750	280
12938	27003	2	530	260
12938	27009	3	310	720
12938	27121	4	530	1180
12939	20001	1	770	340
12939	27026	2	610	420
12939	13037	3	830	360
12939	15049	4	450	340
12941	38070	1	230	400
12942	38069	1	490	480
12942	38074	2	450	560
12942	38074	3	710	460
12942	38075	4	550	600
12942	38075	5	810	500
12942	38076	6	650	640
12942	38076	7	910	540
12942	38077	8	750	680
12942	38077	9	1010	580
12943	38068	1	750	220
12943	38069	2	710	200
12943	38070	3	790	240
12943	38071	4	630	220
12943	38073	5	590	240
12943	38072	6	550	260
12990	15027	1	1250	540
12990	15029	2	1250	480
12990	15030	3	1210	500
12990	15030	4	1290	520
12990	15027	5	1350	100
12990	15112	6	490	400
12990	15169	7	130	860
12990	16021	8	90	280
12990	38010	9	710	680
12990	38134	10	390	660
12990	20006	11	470	180
12991	10012	1	490	220
12991	10038	2	730	500
12991	15073	3	1190	540
12991	15076	4	210	380
12991	15077	5	290	360
12991	15079	6	190	320
12991	15081	7	350	360
12991	10038	8	550	440
12991	15075	9	130	360
12991	28007	10	50	880
12991	10205	11	450	180
12991	10205	12	530	180
12991	20001	13	1110	340
12991	10020	14	1030	340
12991	14259	15	1290	580
12991	16021	16	1150	860
12991	11016	17	30	560
12991	10003	18	830	260
12991	18033	19	110	880
12992	38050	1	450	420
12992	38044	2	570	1760
12992	38047	3	670	560
12992	38047	4	610	600
12992	38047	5	550	640
12992	38047	6	490	680
12992	38047	7	730	600
12992	38047	8	670	640
12992	38047	9	610	680
12992	38047	10	550	720
12992	16032	11	310	640
12992	16034	12	950	400
12992	16036	13	1310	1640
12992	16035	14	1070	1760
12992	38045	15	1350	1000
12992	38043	16	1230	900
12992	38043	17	1230	1000
12992	38043	18	1230	1100
12992	16042	19	290	1360
12992	16045	20	730	1400
12992	38208	21	310	1500
13000	17041	1	1730	360
13001	17019	1	370	540
13001	17019	2	590	460
13001	15158	3	50	720
13001	11055	4	790	400
13001	15121	5	890	400
13001	15124	6	730	460
13001	15129	7	830	480
13001	16044	8	70	600
13001	15377	9	630	560
13001	11047	10	450	480
13001	17186	11	510	560
13001	17186	12	570	540
13001	17186	13	630	520
13001	15274	14	610	600
13001	15274	15	690	560
13001	17434	16	770	560
13001	17434	17	810	580
13001	17434	18	850	600
13001	17553	19	750	620
13001	17553	20	790	640
13001	17553	21	710	600
13001	17553	22	830	660
13001	17562	23	650	660
13001	17562	24	690	680
13001	17562	25	730	700
13002	14104	1	650	660
13002	15119	2	1150	1080
13002	16005	3	850	440
13002	11047	4	770	620
13003	17018	1	470	360
13003	17018	2	690	360
13003	14015	3	490	420
13003	14051	4	490	480
13003	19001	5	570	120
13003	11047	6	230	380
13003	11020	7	170	400
13003	19046	8	310	240
13003	19047	9	250	240
13003	19048	10	170	240
13003	19049	11	110	240
13003	27158	12	210	160
13004	14006	1	90	640
13004	15016	2	590	360
13004	15024	3	630	440
13004	15026	4	710	420
13004	11013	5	1090	440
13004	38010	6	250	540
13004	15351	7	810	220
13004	15369	8	670	320
13004	15078	9	790	400
13004	11167	10	810	300
13004	15423	11	410	520
13005	11047	1	670	300
13005	11053	2	590	300
13005	11026	3	730	420
13005	11060	4	730	340
13005	11063	5	670	460
13005	15213	6	610	460
13005	15204	7	550	460
13005	15351	8	530	300
13011	11050	1	390	600
13011	17017	2	550	540
13011	17017	3	390	480
13011	15158	4	910	700
13011	11047	5	490	640
13011	11034	6	430	520
13011	12043	7	310	720
13011	17040	8	610	560
13011	12049	9	250	740
13011	14570	10	490	460
13011	14256	11	270	580
13011	14528	12	310	580
13011	14570	13	130	680
13011	11047	14	170	640
13011	14569	15	90	660
13011	11021	16	270	540
13011	17353	17	230	560
13011	17353	18	310	520
13011	17353	19	430	640
13011	17353	20	350	620
13011	17353	21	430	580
13011	14568	22	270	640
13011	19032	23	350	540
13011	19032	24	350	540
13011	14114	25	510	600
13011	30006	26	550	620
13011	11047	27	450	520
13011	11063	28	390	540
13011	11037	29	390	600
13011	11187	30	450	620
13012	11018	1	430	220
13012	11040	2	550	260
13012	15015	3	650	340
13013	11013	1	290	340
13013	16017	2	470	580
13013	16013	3	310	600
13013	11076	4	650	340
13013	15237	5	230	360
13013	11050	6	130	420
13013	11036	7	190	480
13013	17184	8	150	520
13013	11047	9	30	280
13014	11047	1	830	380
13014	11036	2	610	340
13014	11020	3	490	560
13014	11021	4	690	600
13014	11071	5	770	620
13014	11016	6	330	520
13014	11001	7	410	540
13014	11039	8	850	640
13014	17001	9	810	680
13014	17001	10	770	720
13014	17001	11	730	760
13014	17001	12	290	560
13014	17001	13	250	600
13014	17001	14	210	640
13014	17015	15	370	580
13014	17015	16	330	620
13014	17015	17	730	660
13014	17015	18	690	700
13014	17016	19	450	600
13014	17016	20	410	640
13014	17016	21	370	680
13014	17016	22	650	640
13014	17016	23	610	680
13014	17016	24	570	720
13014	16021	25	130	160
13014	19001	26	910	300
13014	11060	27	730	280
13014	14342	28	730	380
13014	11053	29	910	380
13014	12039	30	670	440
13014	11026	31	850	440
13014	11050	32	610	480
13014	14569	33	650	500
13014	11063	34	730	320
13014	12092	35	790	460
13015	17190	1	490	360
13015	17190	2	690	360
13015	15081	3	1010	340
13015	11063	4	870	360
13015	14595	5	770	460
13015	14082	6	590	460
13015	11047	7	470	420
13015	11050	8	490	480
13015	11198	9	670	500
13016	15320	1	490	340
13016	11130	2	590	240
13017	17123	1	290	380
13017	17123	2	390	300
13017	11047	3	150	200
13017	12033	4	230	180
13017	12043	5	290	300
13017	12020	6	350	340
13017	17123	7	430	360
13017	14595	8	290	300
13017	11063	9	290	300
13017	11044	10	350	340
13017	11193	11	410	340
13017	11194	12	370	380
13018	11020	1	650	540
13018	17268	2	710	540
13018	17268	3	590	540
13018	19037	4	750	360
13019	19039	1	170	760
13019	19038	2	250	820
13019	11038	3	470	660
13019	11199	4	550	720
13019	17261	5	490	580
13019	17261	6	570	640
13019	17261	7	650	700
13021	10054	1	510	520
13021	16017	2	750	800
13021	15158	3	290	620
13021	16005	4	650	500
13022	15110	1	230	520
13022	15113	2	830	360
13022	16021	3	130	200
13022	16023	4	430	580
13022	38010	5	690	380
13022	14488	6	490	400
13022	15325	7	550	480
13022	15216	8	650	480
13022	15186	9	610	480
13022	15199	10	590	400
13022	40079	11	610	300
13022	40079	12	550	300
13022	40079	13	510	340
13022	40079	14	470	380
13022	40079	15	410	380
13022	40079	16	390	440
13022	40079	17	450	420
13022	40079	18	570	380
13022	12165	19	730	580
13023	17118	1	1290	720
13023	17118	2	450	640
13023	10099	3	330	320
13023	10100	4	330	200
13023	17118	5	190	280
13023	17118	6	250	320
13023	17118	7	370	260
13031	17003	1	390	480
13031	17003	2	610	540
13031	15158	3	70	460
13031	14101	4	630	440
13031	11040	5	430	520
13031	11041	6	490	540
13031	11020	7	750	580
13032	15126	1	410	100
13032	17001	2	670	260
13032	17001	3	510	220
13032	11026	4	690	100
13032	15018	5	750	480
13032	15035	6	330	560
13032	16023	7	130	180
13033	17012	1	1190	500
13033	17013	2	1190	560
13033	17014	3	1150	520
13041	16005	1	610	600
13041	17009	2	470	520
13041	14047	3	310	540
13041	14046	4	410	580
13041	11018	5	310	640
13041	15158	6	630	760
13042	11050	1	270	340
13042	15116	2	790	520
13042	16023	3	590	600
13042	19023	4	590	360
13043	10183	1	450	980
13043	10183	2	590	600
13043	10115	3	1130	980
13043	10115	4	990	640
13043	12020	5	410	280
13043	12037	6	470	300
13043	12038	7	350	300
13043	12043	8	230	320
13051	14181	1	1530	1020
13051	14248	2	1550	960
13051	14248	3	1470	1060
13051	11026	4	1230	1020
13051	17184	5	1490	120
13051	15158	6	350	340
13051	16021	7	1050	660
13051	16017	8	690	660
13051	16014	9	810	760
13051	15121	10	390	200
13051	15066	11	750	920
13051	16023	12	530	1120
13051	11098	13	390	820
13051	17166	14	1150	500
13051	11026	15	170	260
13061	14265	1	390	900
13061	17050	2	450	940
13061	17050	3	510	1000
13061	17050	4	310	900
13061	17050	5	230	880
13061	17050	6	290	800
13061	17050	7	250	840
13061	14263	8	190	580
13061	15011	9	530	400
13061	15089	10	1290	540
13061	15158	11	970	720
13061	10014	12	970	440
13061	10015	13	1010	480
13061	10010	14	910	460
13061	10208	15	810	480
13061	10208	16	870	500
13061	10208	17	930	520
13061	10208	18	990	540
13061	10208	19	1050	560
13061	14262	20	1470	500
13061	16023	21	350	300
13061	16043	22	230	380
13071	11037	1	1390	460
13071	11037	2	1390	460
13071	14402	3	1250	420
13071	17190	4	670	860
13071	17190	5	570	820
13071	17190	6	1190	1020
13071	17190	7	1310	1060
13071	11010	8	650	980
13071	17190	9	930	940
13071	11001	10	750	1160
13071	11016	11	910	1140
13071	11024	12	910	1040
13071	11021	13	990	1080
13071	11031	14	1070	1120
13071	11034	15	1150	1160
13071	11050	16	1230	1200
13071	11007	17	990	1180
13071	11027	18	1070	1220
13071	11071	19	830	1100
13071	11072	20	830	1200
13071	11155	21	910	1240
13071	11057	22	570	940
13071	11045	23	1550	520
13071	11040	24	1490	560
13071	11038	25	1610	500
13071	11058	26	250	1020
13071	11212	27	1130	440
13071	11213	28	1070	460
13071	11187	29	370	960
13071	11091	30	330	820
13071	11080	31	530	1040
13071	11210	32	450	1000
13071	11065	33	410	860
13071	11060	34	290	920
13071	11048	35	410	1100
13071	11066	36	330	1060
13071	11026	37	490	900
13101	20001	1	470	260
13101	14083	2	250	340
13102	20001	1	310	300
13102	14218	2	530	380
13103	20001	1	630	340
13103	11053	2	350	280
13104	20001	1	210	300
13104	14099	2	410	280
13104	11039	3	290	320
13104	11047	4	530	360
13104	11047	5	330	280
13104	11034	6	350	440
13104	12043	7	310	400
13104	11060	8	230	360
13104	17190	9	570	400
13104	14503	10	470	420
13104	11091	11	470	340
13104	11026	12	250	400
13105	20001	1	630	320
13105	11035	2	510	300
13105	11065	3	390	320
13105	15227	4	550	480
13106	20001	1	370	260
13106	14150	2	550	320
13106	11018	3	530	400
13107	20001	1	170	340
13107	11026	2	430	360
13108	20001	1	590	360
13108	15059	2	510	320
13108	11068	3	410	460
13108	11090	4	310	420
13108	10019	5	510	480
13108	11020	6	390	400
13108	11021	7	470	420
13109	20001	1	630	340
13109	11082	2	530	340
13109	11050	3	390	320
13109	10014	4	570	500
13110	11010	1	450	320
13110	11144	2	510	360
13110	11047	3	370	300
13110	11063	4	310	340
13110	12092	5	590	400
13111	11038	1	470	320
13112	11120	1	530	380
13113	19033	1	370	280
13113	14082	2	330	400
13113	11047	3	450	440
13113	11050	4	510	400
13114	11047	1	510	320
13114	11040	2	590	380
13114	11057	3	570	440
13114	11065	4	370	320
13114	11010	5	290	320
13114	14402	6	270	380
13114	15088	7	370	440
13114	27158	8	570	320
13114	17186	9	410	460
13114	17186	10	310	440
13114	15423	11	350	460
13114	11047	12	510	320
13115	11063	1	370	300
13115	17004	2	410	380
13131	20001	1	590	320
13131	14279	2	470	380
13132	20001	1	590	320
13132	11067	2	470	340
13133	20001	1	190	320
13133	11086	2	350	340
13133	15227	3	250	360
13133	11035	4	470	360
13133	17106	5	290	460
13133	17106	6	530	400
13134	20001	1	250	300
13134	14220	2	350	300
13135	20001	1	610	300
13135	15098	2	470	360
13136	20001	1	190	300
13136	14267	2	350	320
13136	14118	3	550	380
13136	14176	4	350	420
13137	20001	1	190	300
13137	14101	2	370	300
13138	20001	1	110	340
13138	14163	2	370	220
13139	12067	1	310	380
13139	11021	2	510	420
13139	12020	3	390	360
13140	14568	1	490	320
13141	11001	1	610	340
13142	15382	1	490	320
13142	11144	2	550	300
13143	19037	1	350	320
13143	19038	2	490	300
13143	19039	3	570	320
13143	19040	4	570	460
13143	19041	5	490	480
13151	19032	1	250	320
13151	19001	2	310	300
13151	11047	3	490	340
13151	14082	4	330	460
13151	19051	5	270	360
13151	11040	6	530	380
13151	11038	7	570	400
13151	14402	8	390	420
13151	17186	9	490	420
13171	20001	1	630	380
13171	15370	2	450	360
13171	15078	3	470	440
13171	11167	4	290	400
13171	41035	5	530	380
13172	20001	1	630	360
13172	15047	2	230	360
13172	14282	3	510	340
13172	11099	4	310	360
13173	20001	1	630	360
13173	12043	2	410	300
13173	12049	3	270	360
13173	19023	4	410	440
13174	20001	1	170	360
13174	15033	2	350	360
13175	20001	1	630	360
13175	11018	2	410	300
13176	20001	1	190	380
13176	15036	2	390	380
13176	14170	3	330	400
13177	20001	1	170	360
13177	11053	2	330	320
13178	20001	1	630	380
13178	15190	2	470	360
13178	11091	3	370	320
13179	20001	1	170	360
13179	14263	2	310	400
13180	20001	1	630	380
13180	12042	2	470	340
13180	15236	3	410	320
13180	12043	4	550	460
13181	20001	1	170	360
13181	14278	2	390	340
13182	20001	1	630	380
13182	14151	2	430	320
13183	12068	1	570	380
13183	11137	2	310	420
13184	12092	1	510	340
13184	17064	2	250	400
13185	11105	1	450	320
13201	16010	1	290	340
13202	16010	1	310	320
13203	16003	1	570	380
13221	16007	1	550	300
13222	16008	1	550	300
13223	16002	1	550	300
13224	16008	1	550	300
13241	16016	1	350	400
13241	11167	2	550	420
13241	15131	3	150	480
13241	11040	4	290	500
13241	11038	5	290	540
13241	17558	6	350	520
13241	17558	7	410	520
13241	17558	8	470	520
13242	16015	1	510	400
13242	10215	2	310	400
13242	10216	3	190	440
13242	14569	4	150	500
13242	14570	5	230	520
13242	12028	6	410	520
13243	15101	1	190	480
13243	16016	2	350	400
13244	16018	1	510	400
13244	10080	2	550	520
13245	15107	1	670	440
13245	16015	2	350	400
13246	16001	1	350	400
13261	16004	1	430	240
13262	16012	1	430	240
13263	16011	1	410	240
13281	16006	1	670	240
13281	14519	2	430	440
13281	11063	3	430	340
13282	16006	1	610	240
13282	15167	2	690	500
13282	11189	3	730	300
13282	11190	4	850	280
13283	11119	1	470	620
13283	11055	2	590	560
13283	11091	3	570	620
13283	11145	4	530	520
13283	11170	5	470	540
13283	11104	6	430	580
13283	19040	7	1210	440
13283	19041	8	1150	420
13284	16006	1	630	240
13284	11160	2	830	420
13284	11161	3	870	480
13301	14010	1	250	420
13301	17019	2	230	460
13301	17019	3	510	320
13301	14066	4	310	340
13301	14017	5	590	360
13301	14015	6	270	480
13301	14051	7	690	400
13301	14061	8	390	520
13301	14009	9	650	520
13302	19004	1	710	320
13302	19013	2	590	320
13302	19005	3	790	380
13302	19006	4	530	520
13302	19007	5	770	520
13302	19008	6	510	380
13302	19009	7	490	460
13302	10096	8	810	460
13302	19011	9	730	580
13302	19010	10	590	580
13302	19002	11	950	380
13303	11042	1	250	360
13303	11060	2	590	440
13303	11020	3	450	340
13303	11014	4	150	400
13303	11006	5	490	480
13303	11066	6	350	320
13303	11037	7	590	320
13303	17445	8	390	420
13303	11218	9	390	380
13303	11217	10	450	420
13304	11036	1	590	440
13304	17001	2	230	360
13304	17001	3	130	400
13304	17001	4	510	480
13304	17001	5	410	520
13304	11047	6	470	360
13304	11026	7	630	300
13304	11066	8	330	320
13304	11070	9	290	460
13305	17022	1	290	320
13305	17023	2	1090	260
13308	19001	1	650	200
13308	11047	2	830	200
13308	11024	3	510	320
13308	11050	4	530	360
13308	11053	5	570	380
13308	17123	6	610	400
13308	17123	7	690	400
13308	17123	8	730	380
13308	11060	9	770	360
13308	11018	10	790	320
13308	17190	11	350	300
13308	17190	12	330	340
13308	17190	13	310	380
13308	11053	14	950	300
13308	11060	15	970	340
13308	11066	16	990	380
13308	17190	17	250	560
13308	17190	18	1030	620
13308	15173	19	650	80
13308	17190	20	70	860
13308	17190	21	1210	840
13308	11065	22	1010	420
13308	17190	23	290	420
13308	19002	24	430	280
13308	19003	25	870	280
13308	11091	26	850	340
13308	11026	27	510	460
13308	11145	28	1030	460
13308	11170	29	1050	500
13308	11104	30	1070	540
13308	12033	31	610	520
13308	11050	32	850	440
13308	11060	33	590	460
13308	11053	34	550	460
13308	11020	35	790	420
13308	11036	36	910	420
13308	11021	37	790	500
13308	11031	38	910	500
13308	14082	39	90	700
13309	15088	1	1170	320
13309	15424	2	1310	380
13310	19001	1	650	200
13310	14402	2	650	360
13310	19050	3	530	300
13310	11040	4	530	420
13310	11038	5	590	420
13310	11212	6	710	400
13310	11213	7	770	400
13310	14373	8	650	500
13310	11058	9	710	500
13310	11057	10	590	500
13310	11065	11	770	500
13310	11017	12	530	500
13310	17186	13	790	820
13310	17186	14	790	760
13310	17186	15	790	700
13310	17186	16	510	820
13310	17186	17	510	760
13310	17186	18	510	700
13310	17186	19	190	580
13310	17190	20	450	600
13310	17190	21	450	660
13310	17190	22	850	600
13310	17190	23	850	660
13404	17446	1	790	300
13404	11047	2	810	480
13404	11040	3	770	440
13404	12017	4	710	380
13404	11021	5	810	380
13421	14061	1	710	540
13421	14074	2	550	560
13421	14014	3	750	480
13421	14025	4	630	540
13421	11036	5	370	600
13423	17046	1	1070	400
13424	20001	1	630	340
13424	11040	2	490	380
13424	17013	3	390	380
13425	20001	1	190	340
13425	17205	2	430	400
13426	20001	1	190	340
13426	11024	2	310	360
13426	14019	3	450	500
13426	14034	4	510	480
13426	14048	5	550	440
13426	14063	6	470	440
13431	14001	1	1130	800
13431	14050	2	1150	740
13431	14057	3	1150	860
13431	17011	4	1210	780
13431	14009	5	770	640
13431	17186	6	550	540
13431	14009	7	730	560
13431	12033	8	810	540
13431	12043	9	830	620
13431	12020	10	690	640
13431	38231	11	510	700
13431	38224	12	450	640
13431	38232	13	590	720
13431	38233	14	490	760
13431	38226	15	390	620
13431	38227	16	470	580
13433	17226	1	2830	480
13433	17226	2	2870	420
13433	17226	3	2870	540
13433	14101	4	2690	300
13435	14090	1	430	220
13435	17205	2	570	320
13435	14281	3	650	280
13435	17205	4	690	360
13435	14280	5	670	180
13435	17205	6	670	400
13435	17205	7	610	380
13436	17066	1	1330	1040
13436	11036	2	1430	860
13436	14028	3	1350	940
13436	14164	4	1270	900
13436	14165	5	1450	960
13436	17084	6	2050	520
13436	17084	7	530	920
13436	17167	8	890	640
13436	17167	9	2030	900
13437	14009	1	730	560
13437	14157	2	790	580
13437	14014	3	750	640
13444	20001	1	670	400
13444	12020	2	350	400
13444	12033	3	450	380
13444	12043	4	510	420
13445	20001	1	410	320
13445	13032	2	330	400
13445	13014	3	470	400
13446	20001	1	410	320
13446	11047	2	490	380
13446	11040	3	490	480
13446	11036	4	310	400
13446	17015	5	230	480
13447	20001	1	90	460
13447	14001	2	390	360
13447	14030	3	670	340
13447	14031	4	690	480
13447	14033	5	530	320
13447	14003	6	750	420
13447	14050	7	190	440
13447	14057	8	590	520
13447	14076	9	290	400
13447	14221	10	490	560
13447	17013	11	250	520
13448	20001	1	190	340
13448	14077	2	370	380
13449	20001	1	630	340
13449	11069	2	430	360
13451	10207	1	530	560
13451	10207	2	1110	780
13451	10022	3	1350	320
13451	11021	4	90	760
13451	10003	5	230	1080
13451	10006	6	250	1000
13451	10007	7	330	1040
13451	12011	8	250	280
13451	17066	9	1030	400
13451	14256	10	1090	380
13451	17066	11	1250	500
13451	14528	12	1150	380
13451	14568	13	1290	480
13451	14570	14	1290	680
13452	10022	1	990	1360
13452	20001	2	1110	240
13452	20001	3	1510	1860
13452	10010	4	1470	360
13452	10030	5	1450	480
13452	10021	6	1330	280
13452	10020	7	1410	300
13453	10208	1	950	600
13453	10209	2	590	880
13453	10209	3	2030	980
13453	10208	4	1330	880
13453	10022	5	1870	900
13453	10208	6	2250	320
13453	10208	7	2370	400
13454	10022	1	2110	520
13454	10208	2	2990	400
13454	10208	3	2990	540
13455	20001	1	450	280
13455	12016	2	550	320
13455	12011	3	610	340
13456	20001	1	630	340
13456	12027	2	570	320
13456	12056	3	450	380
13457	20001	1	410	320
13457	10006	2	490	400
13457	10209	3	390	380
13457	10209	4	330	400
13457	10209	5	270	420
13457	10209	6	570	440
13457	10209	7	450	500
13457	10209	8	510	460
13457	11021	9	490	440
13461	17205	1	290	520
13461	17205	2	350	560
13461	14004	3	390	480
13461	19001	4	890	580
13462	14005	1	890	380
13462	17205	2	810	440
13462	17205	3	770	400
13462	19001	4	1290	480
13463	17158	1	590	580
13463	17158	2	2590	840
13463	17160	3	2090	1080
13463	17160	4	1590	1560
13463	17161	5	1610	800
13463	17161	6	930	1020
13463	19001	7	2970	1400
13463	14020	8	2950	1520
13463	14019	9	2810	1500
13464	10001	1	1410	660
13464	10002	2	1350	580
13464	10003	3	1350	740
13464	38150	4	1170	420
13465	46027	1	550	740
13465	46027	2	1070	1640
13465	46027	3	430	2260
13465	46028	4	610	1660
13465	46028	5	970	580
13465	46028	6	1210	920
13471	17123	1	90	560
13471	17123	2	210	520
13472	14147	1	570	460
13472	14149	2	570	540
13472	14115	3	490	400
13472	14116	4	490	580
13472	11047	5	2910	480
13472	14412	6	2970	560
13472	14412	7	3030	560
13472	14412	8	3090	560
13473	17015	1	3590	500
13473	17015	2	3690	540
13473	11029	3	590	460
13473	11031	4	590	560
13473	11037	5	630	520
13473	14185	6	2010	420
13473	14245	7	1950	640
13473	14247	8	1830	640
13473	14079	9	1890	640
13474	11066	1	590	360
13474	11053	2	690	400
13474	11040	3	290	500
13474	11034	4	390	540
13474	11060	5	810	460
13474	11047	6	310	340
13474	20001	7	210	400
13474	11091	8	490	580
13474	11048	9	650	520
13474	15126	10	570	520
13474	15126	11	610	500
13474	15126	12	650	480
13474	11087	13	710	520
13474	14453	14	490	480
13474	11010	15	450	400
13474	11017	16	690	540
13474	11105	17	530	480
13474	11024	18	570	460
13475	11024	1	350	400
13475	17123	2	450	540
13475	17123	3	490	380
13475	17123	4	550	400
13475	17123	5	490	520
13475	17123	6	610	420
13475	17195	7	430	380
13475	17113	8	670	440
13476	11006	1	570	340
13477	17195	1	570	320
13477	11048	2	630	340
13478	14119	1	510	380
13478	11047	2	650	480
13479	12033	1	290	320
13479	12039	2	230	340
13479	12014	3	430	420
13480	14021	1	230	340
13481	11048	1	470	420
13482	14030	1	930	280
13482	14052	2	970	440
13482	14187	3	870	480
13482	11029	4	770	520
13482	14184	5	530	260
13482	14032	6	430	300
13482	11031	7	330	340
13482	14273	8	230	380
13482	20001	9	1010	320
13482	14412	10	710	280
13483	11036	1	810	2520
13483	37006	2	690	2520
13483	37006	3	610	2580
13483	37006	4	510	2640
13483	37006	5	350	2640
13483	37006	6	1350	2700
13483	37006	7	1230	2700
13483	37006	8	1330	2940
13483	37007	9	1250	320
13483	37007	10	1070	420
13483	37007	11	1530	420
13483	37007	12	1470	500
13483	37007	13	1390	600
13483	37007	14	1010	520
13483	37007	15	1350	740
13483	37007	16	1150	1140
13483	37007	17	750	920
13483	14079	18	1390	340
13483	11087	19	1190	380
13484	14274	1	390	520
13484	11024	2	590	480
13484	30002	3	330	680
13484	30002	4	390	760
13484	30002	5	810	480
13484	30002	6	870	540
13484	14455	7	1370	260
13484	11029	8	1250	340
13484	11031	9	1310	300
13484	11047	10	1450	280
13484	17123	11	1530	440
13491	11142	1	1290	440
13491	11047	2	1350	500
13491	11137	3	1210	460
13491	17092	4	1170	620
13491	11050	5	1370	560
13491	17092	6	1110	580
13491	11137	7	1130	600
13491	14585	8	1150	580
13496	11047	1	590	520
13496	17186	2	650	500
13496	17186	3	570	580
13496	15009	4	610	360
13501	20001	1	2310	1180
13501	20001	2	1210	380
13501	24001	3	1230	1100
13501	10162	4	470	1000
13501	10163	5	530	1040
13501	10164	6	470	1080
13501	19024	7	890	980
13501	19025	8	890	1060
13502	20001	1	1310	1640
13502	20001	2	230	2460
13502	20001	3	1490	1140
13502	24001	4	330	1700
13502	17208	5	890	1040
13502	11034	6	1350	1020
13502	14012	7	1410	920
13502	14009	8	1290	920
13502	14054	9	1350	960
13502	11072	10	1350	880
13502	14092	11	1470	960
13502	14183	12	1410	1000
13503	20001	1	230	560
13503	20001	2	2270	920
13503	20001	3	1050	1820
13503	20001	4	270	900
13503	24001	5	1370	1100
13503	14308	6	290	280
13503	17208	7	250	380
13503	17208	8	370	420
13503	17208	9	490	340
13503	17208	10	430	240
13503	11107	11	2250	1120
13503	15235	12	1970	940
13503	17437	13	1510	1820
13503	14256	14	1450	1820
13503	14527	15	1530	1760
13503	11047	16	1350	1740
13503	11045	17	1450	1680
13504	20001	1	1310	360
13504	10162	2	350	340
13504	10163	3	310	380
13504	10164	4	350	420
13505	20001	1	610	500
13505	12016	2	550	240
13506	20002	1	610	240
13506	19038	2	250	220
13506	15161	3	190	240
13506	15161	4	310	200
13506	11199	5	370	380
13506	17261	6	430	360
13506	17261	7	310	400
13507	20001	1	610	500
13507	20004	2	250	240
13511	20001	1	730	420
13512	20001	1	1390	1040
13513	20001	1	990	1840
13513	20001	2	2170	320
13513	10098	3	1270	1840
13513	17118	4	1190	1800
13513	17118	5	1190	1720
13513	17118	6	1190	1640
13513	17118	7	1190	1560
13513	17118	8	1130	1560
13513	17118	9	1130	1720
13513	17118	10	1130	1800
13513	17118	11	1130	1640
13513	17118	12	1350	1560
13513	17118	13	1350	1640
13513	17118	14	1350	1720
13513	17118	15	1350	1800
13513	17118	16	1410	1800
13513	17118	17	1410	1720
13513	17118	18	1410	1640
13513	17118	19	1410	1560
13514	20002	1	270	880
13514	20001	2	990	1860
13514	20001	3	2330	460
13514	11139	4	2090	300
13514	17126	5	2030	320
13514	17126	6	2150	320
13514	12040	7	2090	420
13514	11137	8	1970	400
13514	14325	9	2190	400
13514	11101	10	2030	480
13514	11100	11	2150	480
13514	11031	12	270	1060
13514	17342	13	210	1020
13514	17342	14	210	1100
13514	12040	15	450	1080
13514	11024	16	390	1000
13514	11102	17	530	1000
13514	11103	18	390	1160
13514	11067	19	530	1160
13519	20001	1	230	1220
13519	20001	2	1510	1840
13519	25061	3	570	1220
13519	25061	4	290	900
13519	25061	5	230	980
13519	25061	6	1430	300
13519	25061	7	1450	460
13519	25061	8	1090	1620
13519	25061	9	1050	1840
13519	10109	10	2450	240
13519	35001	11	310	1040
13519	10039	12	550	980
13519	35005	13	350	980
13519	35005	14	350	1100
13519	32001	15	1730	680
13520	40079	1	390	360
13520	40079	2	170	400
13520	40079	3	310	380
13520	40079	4	230	320
13520	40079	5	370	260
13520	40079	6	350	280
13520	40079	7	230	360
13520	40079	8	270	260
13520	40079	9	310	280
13520	40079	10	450	260
13520	40079	11	430	320
13520	40079	12	210	400
13520	40079	13	230	260
13520	40079	14	250	400
13520	40079	15	290	440
13520	40079	16	270	360
13520	40079	17	290	320
13520	40079	18	350	340
13520	40079	19	330	360
13520	40079	20	390	300
13520	15325	21	430	520
13521	10099	1	390	280
13521	10100	2	450	240
13521	10101	3	330	240
13521	17120	4	270	320
13521	17120	5	330	320
13521	17120	6	390	320
13521	17120	7	450	320
13521	17120	8	510	320
13521	15325	9	710	380
13521	40078	10	430	340
13521	40078	11	470	360
13521	40078	12	510	360
13521	40078	13	470	300
13521	40078	14	390	340
13521	40078	15	390	360
13521	40078	16	330	340
13521	40078	17	570	320
13521	40078	18	410	140
13521	40078	19	290	280
13521	40078	20	550	200
13521	40078	21	590	260
13521	40078	22	410	240
13521	40078	23	550	280
13521	40078	24	470	300
13521	40078	25	470	260
13521	40078	26	510	260
13521	40078	27	430	400
13521	40078	28	390	240
13521	40078	29	430	280
13522	20001	1	450	200
13523	20001	1	630	200
13523	15325	2	490	500
13523	15199	3	450	520
13523	12165	4	450	500
13523	40080	5	330	280
13523	40081	6	250	320
13523	40078	7	410	220
13523	40078	8	270	200
13523	40078	9	150	260
13523	40079	10	130	340
13523	40079	11	210	240
13523	40079	12	330	200
13524	20001	1	410	440
13524	11018	2	450	280
13524	14296	3	330	400
13524	11035	4	450	360
13524	11065	5	150	260
13524	14071	6	90	300
13525	20002	1	110	300
13526	20001	1	130	340
13527	20001	1	170	180
13528	20001	1	630	220
13528	25061	2	630	520
13528	25061	3	270	240
13528	25061	4	610	320
13541	25062	1	1950	300
13541	25062	2	2130	1840
13541	25062	3	2250	1840
13541	25062	4	3150	1620
13541	25062	5	2830	300
13542	25062	1	1090	1840
13542	25062	2	1250	1840
13542	25062	3	1250	300
13542	25062	4	2310	1740
13543	25062	1	1210	2280
13543	25062	2	2090	1560
13543	25062	3	2290	1560
13543	25062	4	2030	920
13543	25062	5	2210	1140
13543	25062	6	230	1020
13544	25085	1	1450	300
13544	25085	2	1310	300
13544	25085	3	1450	420
13544	25085	4	1150	1840
13544	25085	5	1490	1620
13544	25085	6	2330	1620
13544	25085	7	2270	1840
13544	25085	8	3150	1620
13544	25085	9	2690	1840
13544	25085	10	2810	320
13544	25085	11	2910	320
13544	25085	12	2290	300
13545	25062	1	1130	300
13545	25062	2	1270	1840
13545	25062	3	1490	1840
13545	25062	4	2170	1840
13545	25062	5	2710	1700
13545	25062	6	2710	1840
13545	25062	7	2890	320
13545	25062	8	1990	300
13561	14063	1	1130	280
13562	14060	1	2290	1680
13562	14043	2	2170	1580
13562	14009	3	2250	1600
13562	14058	4	2290	1540
13562	11047	5	2310	960
13562	11036	6	2190	940
13562	11040	7	2150	960
13562	35040	8	2050	1040
13562	15136	9	2270	980
13564	17142	1	1310	340
13564	17142	2	1210	340
13564	17141	3	1390	400
13564	17141	4	1130	400
13564	14028	5	1050	1680
13564	14020	6	1070	1620
13564	14009	7	1070	1740
13566	17207	1	210	1000
13566	14015	2	270	960
13566	11036	3	410	920
13566	19001	4	310	880
13571	24001	1	1370	460
13572	20002	1	150	480
13573	20002	1	630	520
13574	24001	1	1150	1500
13575	20002	1	150	300
13576	20001	1	170	220
13577	20001	1	590	340
13577	20002	2	390	180
13577	11021	3	490	300
13577	14015	4	390	360
13577	14167	5	490	420
13577	14166	6	390	260
13577	14173	7	270	340
13577	14174	8	350	460
13578	24001	1	1250	320
13579	20002	1	430	440
13580	20001	1	390	180
13581	20002	1	630	520
13582	20002	1	170	520
13583	24001	1	1370	460
13584	20002	1	370	200
13584	20001	2	130	340
13584	14009	3	370	360
13584	14039	4	390	260
13584	14042	5	370	480
13584	14041	6	470	320
13584	14043	7	470	420
13584	11047	8	230	340
13585	24001	1	530	1100
13586	20001	1	170	200
13587	20001	1	610	300
13587	14051	2	410	280
13587	14035	3	310	240
13587	14036	4	310	300
13587	11020	5	530	280
13588	20002	1	630	240
13801	17086	1	930	560
13801	17087	2	570	1060
13801	17087	3	950	1340
13801	17087	4	1270	1660
13801	17087	5	1190	1700
13801	17086	6	1370	1660
13801	17086	7	1130	1780
13801	17087	8	390	240
13801	17087	9	270	320
13801	14074	10	390	360
13801	14061	11	1210	1640
13801	14014	12	1310	1600
13801	14074	13	1270	1720
13802	17086	1	1610	1440
13802	17086	2	1210	1140
13802	17086	3	730	1400
13802	17087	4	1850	980
13802	17087	5	590	900
13802	17087	6	1070	660
13802	14025	7	2070	1700
13802	17087	8	2110	1620
13802	17087	9	1950	1680
13802	17086	10	2210	1680
13802	17086	11	1970	1780
13802	14014	12	2070	740
13802	17087	13	2010	700
13802	17087	14	2150	700
13803	13012	1	470	380
13803	13025	2	370	380
13803	13024	3	510	460
13803	13039	4	290	420
13804	46021	1	550	580
13804	46021	2	590	1500
13804	46021	3	1110	2100
13804	46022	4	1050	1460
13804	46022	5	650	1940
13804	46022	6	1250	580
13806	46023	1	610	620
13806	46023	2	1050	640
13806	46023	3	1570	900
13806	46024	4	2530	620
13806	46024	5	2110	600
13806	46024	6	2870	840
13811	17091	1	1110	640
13811	17091	2	570	660
13811	17091	3	690	1080
13811	17091	4	870	1660
13811	17092	5	1030	1020
13811	17092	6	1070	1340
13811	14064	7	1110	1820
13811	17205	8	1010	1800
13811	17205	9	1150	1760
13811	14101	10	1390	1880
13811	17254	11	270	1980
13811	17256	12	330	1940
13811	11158	13	370	2000
13811	11159	14	310	2040
13812	17091	1	810	580
13812	17091	2	650	980
13812	17091	3	590	1640
13812	17092	4	1110	1100
13812	17092	5	1110	1520
13812	19024	6	430	1480
13812	19025	7	350	1520
13812	14311	8	370	340
13812	14221	9	330	420
13812	14220	10	450	340
13821	17101	1	690	600
13821	17101	2	510	940
13821	17101	3	590	1800
13821	17101	4	1070	1740
13821	14248	5	1010	1180
13821	14248	6	530	2160
13821	12088	7	270	340
13821	12020	8	430	300
13821	12043	9	490	340
13821	11068	10	550	540
13822	46019	1	510	560
13822	46019	2	1630	920
13822	46019	3	1630	580
13822	46020	4	2010	840
13822	46020	5	1230	840
13822	46020	6	770	900
13831	17137	1	1510	640
13831	17131	2	670	680
13831	17131	3	1730	1300
13831	17137	4	1710	1960
13831	17131	5	1130	1120
13831	17137	6	610	1480
13831	10003	7	610	2240
13831	10079	8	510	2340
13831	10161	9	510	2180
13831	11042	10	290	1940
13831	11036	11	630	2100
13831	11014	12	590	2160
13831	11083	13	670	2040
13831	12033	14	550	1940
13831	12043	15	610	1960
13831	12020	16	490	1920
13832	14114	1	1430	1020
13832	18012	2	390	380
13832	18011	3	750	580
13832	18012	4	1230	740
13832	18011	5	1050	1020
13832	11066	6	330	180
13832	14464	7	370	1180
13832	14463	8	310	1140
13832	14461	9	270	1080
13832	14462	10	290	1000
13832	12016	11	410	900
13832	12037	12	530	1100
13832	12038	13	590	1040
13832	12056	14	330	860
13832	12057	15	470	1000
13841	17130	1	2710	740
13841	17130	2	510	900
13841	17130	3	1250	500
13841	17136	4	1530	840
13841	17136	5	1050	900
13841	12033	6	270	1060
13841	10207	7	250	1120
13841	12042	8	310	1180
13841	12011	9	410	1140
13841	12014	10	330	980
13841	12039	11	450	1000
13842	30002	1	1090	1160
13842	10028	2	1110	1040
13842	10010	3	1230	1180
13842	11050	4	1310	1020
13842	11082	5	1410	1060
13842	10207	6	2310	1200
13842	12033	7	2330	1120
13842	12027	8	2230	980
13842	12043	9	2310	1040
13842	12020	10	2190	1180
13842	11047	11	2010	940
13842	12066	12	2110	1120
13842	11050	13	1970	1000
13842	11100	14	2090	820
13843	10002	1	350	360
13843	10104	2	410	300
13843	10106	3	410	420
13844	46017	1	1910	860
13844	46017	2	1210	540
13844	46017	3	530	700
13844	46018	4	1010	920
13844	46018	5	1490	880
13844	46018	6	2050	500
13851	17095	1	1790	620
13851	17095	2	1290	920
13851	17095	3	590	880
13851	10175	4	2170	340
13851	10175	5	2310	400
13851	11001	6	2090	520
13852	17096	1	710	620
13852	17096	2	890	940
13852	17095	3	1210	840
13852	17095	4	470	940
13852	17095	5	1170	560
13852	10007	6	1830	940
13852	17096	7	1910	940
13852	17096	8	1810	880
13852	17096	9	1910	1040
13852	17096	10	1690	940
13854	17095	1	950	480
13854	17095	2	630	740
13854	17096	3	490	420
13856	12054	1	390	320
13856	11025	2	310	340
13857	46013	1	610	680
13857	46013	2	650	2080
13857	46013	3	1070	1200
13857	46014	4	1070	740
13857	46014	5	1070	1720
13857	46014	6	650	1740
13861	17099	1	1730	1320
13861	17099	2	1210	1480
13861	17099	3	1970	780
13861	17100	4	550	920
13861	17100	5	750	1360
13861	17100	6	670	580
13861	11047	7	1090	980
13861	11042	8	1210	960
13861	11035	9	950	960
13861	14297	10	950	1140
13861	14298	11	1070	1160
13861	17123	12	1210	1100
13871	17097	1	1750	1400
13871	17097	2	1250	1480
13871	17097	3	610	1460
13871	17097	4	730	660
13871	17098	5	1490	540
13871	17098	6	1570	1020
13871	17098	7	930	1180
13871	14081	8	2110	1720
13871	14082	9	2190	1760
13871	14045	10	870	820
13871	17097	11	790	820
13871	17097	12	910	760
13871	15097	13	2190	1640
13871	14019	14	2130	1560
13871	14034	15	1990	1640
13871	17206	16	2030	1560
13871	17206	17	1890	1700
13871	17206	18	1990	1800
13872	17206	1	490	460
13872	11025	2	210	340
13872	14017	3	310	300
13872	14065	4	370	340
13872	14068	5	330	400
13872	14011	6	390	380
13872	14027	7	390	440
13873	46015	1	570	620
13873	46015	2	1110	1540
13873	46015	3	1170	600
13873	46016	4	510	960
13873	46016	5	1170	960
13873	46016	6	850	1040
13881	17104	1	530	680
13881	17104	2	1910	900
13881	17104	3	2350	900
13881	17104	4	4510	980
13881	17105	5	4490	600
13881	17105	6	1930	540
13881	17105	7	2290	540
13881	17105	8	910	900
13882	14175	1	450	400
13883	11024	1	550	340
13883	11047	2	590	360
13883	11040	3	450	380
13883	11001	4	430	440
13884	19023	1	530	480
13884	14016	2	450	360
13884	14018	3	350	400
13884	17104	4	1230	560
13884	17104	5	1170	1600
13884	17104	6	610	1120
13884	17105	7	630	1540
13884	17105	8	1050	1200
13884	17105	9	930	800
13885	17106	1	1210	580
13885	17106	2	510	880
13885	17106	3	1170	2240
13885	17106	4	590	1640
13885	17107	5	1050	1820
13885	17107	6	590	2160
13885	17107	7	910	860
13885	17107	8	1130	1400
13885	11001	9	1450	320
13885	11047	10	1470	380
13885	14530	11	1310	400
13885	14531	12	1410	460
13885	11083	13	1410	340
13885	11042	14	1530	420
13885	12017	15	1370	520
13885	12028	16	1430	560
13885	14257	17	1310	480
13886	17605	1	1010	2040
13886	17606	2	610	1680
13886	17605	3	1150	880
13886	17605	4	650	740
13886	17606	5	990	700
13886	17606	6	550	1020
13886	11150	7	430	2420
13886	11147	8	910	1300
13886	11065	9	310	220
13886	12017	10	250	2200
13886	11047	11	490	2400
13886	11047	12	950	1340
13886	12017	13	870	1400
13886	12017	14	410	360
13886	11047	15	250	240
13886	11021	16	250	300
13886	11040	17	370	240
13886	11077	18	1470	300
13886	12017	19	1270	320
13886	11047	20	1350	520
13886	11165	21	1330	460
13886	11164	22	1370	480
13886	11147	23	1410	500
13886	11157	24	1310	540
13886	11176	25	1350	560
13886	11138	26	1390	580
13886	11173	27	350	2260
13886	11151	28	290	2300
13886	11152	29	430	2260
13886	11155	30	610	2360
13886	11038	31	570	2240
13886	11041	32	550	2380
13891	17102	1	1090	900
13891	17102	2	1990	960
13891	17102	3	490	960
13891	17103	4	1130	540
13891	17103	5	2070	580
13891	17103	6	1590	540
13892	17102	1	570	960
13892	17102	2	1410	860
13892	17102	3	1990	980
13892	17103	4	2050	580
13892	17103	5	1230	520
13892	17103	6	1030	1000
13892	10177	7	390	740
13892	10063	8	330	780
13892	10064	9	470	720
13893	46025	1	710	580
13893	46025	2	1030	920
13893	46025	3	2010	500
13893	46026	4	1750	860
13893	46026	5	2890	560
13893	46026	6	2850	900
13990	14260	1	90	280
13990	14153	2	810	860
13990	14007	3	730	340
13990	17205	4	670	260
13990	17205	5	1010	380
13990	17205	6	470	400
13990	17205	7	810	520
13990	15101	8	950	260
13990	15058	9	1010	280
13990	14215	10	190	900
13990	14064	11	110	900
13990	17206	12	70	840
13990	17206	13	50	940
14000	10021	1	30	80
14001	17004	1	470	540
14001	17004	2	590	500
14001	14036	3	670	540
14001	15158	4	270	620
14001	16041	5	330	600
14001	12017	6	530	600
14001	11047	7	750	620
14001	11063	8	810	600
14001	11024	9	690	640
14001	11021	10	810	640
14001	11031	11	750	660
14001	12028	12	490	640
14001	11077	13	450	660
14002	15125	1	890	520
14002	16013	2	730	180
14002	38010	3	850	720
14002	11142	4	430	640
14002	11191	5	370	700
14003	15111	1	550	480
14003	12017	2	730	340
14003	14529	3	30	80
14003	14532	4	70	80
14011	15216	1	450	560
14011	15158	2	410	360
14011	16005	3	490	340
14011	15136	4	1230	380
14101	20001	1	250	340
14101	14200	2	310	400
14101	15264	3	290	460
14102	14257	1	370	300
14102	14536	2	490	340
14102	14529	3	330	380
14102	12017	4	590	420
14102	11077	5	290	500
14103	11021	1	490	300
14103	11142	2	530	360
14103	20004	3	650	340
14131	20001	1	330	280
14131	15123	2	310	360
14132	20001	1	590	280
14132	14169	2	510	340
14171	20001	1	310	280
14171	14065	2	550	380
14172	20001	1	270	260
14172	14023	2	330	360
14173	20001	1	590	300
14173	14113	2	490	360
14173	14200	3	550	480
14174	20001	1	530	320
14174	15327	2	250	300
14174	14583	3	590	400
14201	16010	1	370	340
14221	16008	1	430	240
14241	16018	1	350	400
14241	15114	2	590	500
14261	16004	1	410	240
14281	16006	1	650	240
14281	14113	2	430	440
14281	14200	3	550	420
14301	20001	1	510	340
14301	17003	2	390	360
14301	17003	3	290	380
14301	17003	4	170	440
14301	17003	5	490	580
14301	17003	6	590	540
14301	17003	7	710	500
14301	14066	8	570	420
14301	14009	9	490	400
14401	38252	1	490	620
14401	38251	2	430	600
14401	38253	3	510	560
14401	38246	4	570	740
14401	38247	5	550	800
14401	38248	6	630	760
14401	38242	7	550	860
14401	38242	8	630	840
14401	38242	9	690	800
14403	17446	1	570	480
14403	17446	2	730	520
14403	11040	3	730	260
14403	11024	4	850	280
14403	12017	5	530	600
14403	11040	6	610	520
14403	11077	7	510	540
14403	17442	8	630	600
14403	11024	9	650	540
14403	17438	10	750	540
14403	17438	11	530	480
14403	17438	12	530	240
14403	17438	13	1010	360
14403	14257	14	730	300
14403	11047	15	690	600
14404	17446	1	1510	420
14404	17446	2	1410	340
14404	11047	3	1350	340
14404	11024	4	1390	380
14404	11040	5	1350	400
14404	11036	6	1290	340
14404	12017	7	1230	400
14404	14257	8	1170	380
14404	12028	9	1250	460
14404	17445	10	1150	420
14404	17445	11	1190	460
14404	17446	12	1330	440
14404	12017	13	410	440
14404	14257	14	490	480
14411	14256	1	590	280
14411	14257	2	530	300
14412	12028	1	290	340
14423	27004	1	270	520
14423	40045	2	430	520
14424	15166	1	590	440
14424	14585	2	330	280
14425	20001	1	330	340
14425	14270	2	530	380
14431	17030	1	950	480
14431	17030	2	830	340
14431	17030	3	670	300
14431	17030	4	1210	560
14431	17030	5	1350	860
14431	14051	6	290	180
14431	20001	7	230	140
14431	14015	8	210	200
14441	11013	1	1450	340
14441	17340	2	370	280
14441	17340	3	290	320
14441	11050	4	1370	400
14441	11047	5	1410	380
14441	14257	6	1290	240
14441	14582	7	1390	240
14441	12017	8	1190	260
14441	14587	9	1370	220
14441	14586	10	1430	220
14441	17066	11	1350	200
14441	17069	12	1410	180
14441	14529	13	1270	220
14441	14532	14	1290	200
14441	14533	15	1250	200
14441	14534	16	1310	180
14441	11077	17	1150	240
14441	12028	18	1210	220
14441	17498	19	1130	200
14441	17497	20	1170	200
14441	17092	21	1130	360
14441	17092	22	1170	400
14441	17092	23	1210	440
14441	11047	24	890	480
14441	11050	25	950	440
14441	17260	26	830	440
14441	17260	27	890	420
14441	17260	28	950	400
14441	17260	29	850	400
14441	17260	30	910	380
14441	12017	31	730	240
14441	12028	32	790	220
14441	11149	33	850	280
14441	11143	34	850	320
14441	11099	35	910	320
14441	11151	36	730	320
14441	11152	37	730	360
14441	11138	38	790	360
14441	11139	39	770	400
14501	20001	1	1050	960
14501	20001	2	3130	920
14501	20002	3	210	2460
14501	20002	4	2170	1780
14501	10210	5	2810	880
14501	10240	6	3050	860
14501	15224	7	3030	880
14501	14583	8	2730	1120
14502	20002	1	650	260
14502	20001	2	1130	260
14502	10177	3	1410	260
14502	10066	4	1470	300
14502	15323	5	1450	320
14502	14583	6	1150	500
14503	20001	1	1530	1880
14503	17190	2	2070	1060
14503	14067	3	1750	1080
14504	20001	1	1450	260
14504	14581	2	1090	340
14504	17435	3	1050	320
14504	14582	4	1150	300
14504	11024	5	1230	400
14504	17438	6	1190	320
14505	20001	1	2310	900
14505	14579	2	2310	1140
14505	14580	3	2230	1160
14505	17066	4	2330	1060
14506	20001	1	270	900
14506	10167	2	2290	880
14506	10063	3	2230	900
14506	10064	4	2290	940
14506	14583	5	1950	1140
14508	20001	1	310	220
14522	20001	1	2290	1140
14524	20002	1	2950	260
14525	20001	1	230	580
14525	14010	2	310	260
14525	17206	3	370	280
14525	17206	4	310	320
14527	20001	1	190	400
14528	20001	1	1490	240
14531	20001	1	1330	240
14532	20001	1	1470	520
14533	20001	1	170	320
14541	20002	1	2030	360
14541	20002	2	1870	1840
14541	20002	3	230	2500
14541	20001	4	1130	260
14541	20001	5	3110	940
14541	20001	6	2270	2200
14541	24001	7	1370	1120
14541	25082	8	1450	300
14541	25082	9	1950	2220
14541	25082	10	2790	940
14541	25082	11	2310	1620
14541	25082	12	2270	1840
14542	24001	1	1370	1760
14542	20001	2	250	1220
14542	20001	3	2290	280
14542	20001	4	2290	2440
14542	20002	5	1050	3120
14542	20002	6	2270	1780
14542	20002	7	1470	280
14542	25083	8	210	1060
14542	25083	9	2010	300
14542	25083	10	1150	300
14542	25083	11	1990	1580
14542	25083	12	1330	3120
14542	25083	13	2210	2220
14542	25083	14	510	940
14543	20002	1	310	900
14543	20002	2	3130	1800
14543	20002	3	2290	280
14543	20002	4	1050	2440
14543	20001	5	2330	2480
14543	20001	6	3110	1160
14543	20001	7	1150	260
14543	24001	8	2210	1760
14543	25084	9	1450	300
14543	25084	10	2010	300
14543	25084	11	2770	1580
14543	25084	12	2990	1580
14543	25084	13	2810	920
14543	25084	14	1930	2480
14543	25084	15	210	1080
14543	14064	16	3110	900
14543	17125	17	3050	920
14543	17125	18	3110	960
14544	20002	1	2330	2520
14544	20002	2	250	1880
14544	20002	3	2270	320
14544	20001	4	3150	1220
14544	20001	5	1490	2520
14544	24001	6	1370	1800
14544	25085	7	370	1620
14544	25085	8	2790	980
14544	25085	9	2050	2520
14544	25085	10	1050	2400
14544	25085	11	2290	480
14545	20002	1	190	1020
14545	20002	2	2270	960
14545	20002	3	2290	2460
14545	20002	4	210	2340
14545	20001	5	1030	3120
14545	20001	6	2310	1720
14545	20001	7	1470	280
14545	24001	8	1370	1760
14545	25086	9	1210	300
14545	25086	10	2090	1160
14545	25086	11	2030	1580
14545	25086	12	2030	2220
14545	25086	13	2190	2220
14545	25086	14	530	2220
14545	25086	15	1490	2900
14552	25091	1	570	220
14552	25091	2	610	260
14554	20001	1	170	300
14556	20001	1	170	260
14557	20001	1	310	200
14558	20002	1	310	260
14558	17208	2	370	260
14558	14017	3	230	360
14558	14010	4	230	480
14558	14007	5	370	540
14558	14041	6	530	360
14558	14042	7	530	480
14558	14169	8	370	380
14559	25092	1	190	520
14559	25092	2	170	460
14559	14583	3	210	220
14561	20001	1	610	300
14563	20001	1	230	180
14564	20001	1	630	340
14565	20002	1	410	260
14565	14067	2	630	240
14565	17124	3	570	260
14565	17124	4	630	300
14566	35013	1	450	360
14571	40046	1	2810	960
14571	40046	2	1850	980
14571	40046	3	970	980
14571	40046	4	370	960
14572	27004	1	210	240
14574	40046	1	610	200
14575	40046	1	650	520
14579	40046	1	230	200
14581	40046	1	150	520
14583	40048	1	330	300
14583	40049	2	330	420
14583	40047	3	410	340
14583	40047	4	410	380
14583	27004	5	690	300
14583	27003	6	750	340
14583	40047	7	410	420
14585	20001	1	590	200
14586	20001	1	650	220
14587	20001	1	210	1200
14588	20001	1	1930	240
14588	20002	2	2990	2500
14588	20001	3	3230	900
14588	20001	4	190	1860
14588	20001	5	2350	3140
14589	20001	1	630	520
14590	20001	1	630	220
14591	20001	1	250	220
14592	20001	1	190	1200
14593	20001	1	270	540
14593	20001	2	230	1840
14593	20001	3	2270	900
14594	20001	1	630	520
14595	20001	1	630	240
14596	20001	1	230	560
14598	20001	1	610	220
14601	20002	1	550	260
14602	20001	1	1030	340
14603	20001	1	410	180
14604	20001	1	170	340
14605	20002	1	1290	380
14606	20001	1	410	420
14607	20001	1	190	280
14608	20001	1	610	520
14609	20001	1	610	240
14610	15156	1	2030	300
14610	23001	2	1970	200
14610	40072	3	2210	320
14610	40072	4	2210	400
14610	40073	5	1850	320
14610	40073	6	1850	400
14611	20001	1	610	500
14612	17210	1	350	1140
14612	17210	2	510	1140
14613	20001	1	610	520
14613	14066	2	290	520
14613	14009	3	290	420
14613	14017	4	210	420
14613	14200	5	210	520
14614	15050	1	1410	340
14615	12059	1	850	80
14618	12059	1	850	760
14618	40072	2	550	880
14618	40073	3	1110	720
14618	40072	4	750	640
14618	40073	5	690	640
14618	40074	6	530	680
14618	40072	7	490	620
14618	40072	8	430	660
14619	12059	1	1510	260
14620	40106	1	430	320
14620	40111	2	1210	1480
14620	40111	3	1290	1480
14621	15156	1	230	340
14621	40111	2	1030	960
14621	40111	3	1030	1040
14622	40111	1	1750	2220
14622	40111	2	1750	2300
14623	40111	1	470	780
14623	40111	2	370	780
14625	40111	1	350	320
14625	40111	2	350	460
14627	40111	1	1010	320
14627	40111	2	1010	380
14629	40111	1	370	660
14629	40111	2	470	660
14630	40111	1	1230	340
14630	40111	2	1230	440
14631	40108	1	150	520
14631	40109	2	310	260
14631	40109	3	310	260
14632	15156	1	270	1580
14632	10214	2	1130	1580
14632	10214	3	1070	1640
14632	10214	4	1130	1700
14632	10214	5	1190	520
14632	10214	6	1290	520
14632	10214	7	2050	1580
14632	10214	8	2130	1580
14632	10214	9	2870	500
14632	10214	10	2970	500
14632	40111	11	2030	1060
14632	40111	12	2110	1060
14634	40134	1	1050	200
14634	15156	2	1050	200
14635	15156	1	250	1140
14636	40106	1	2170	940
14636	40129	2	2430	780
14637	43049	1	370	2580
14637	43049	2	490	2580
14637	43050	3	430	2620
14637	43050	4	1250	1440
14637	43049	5	1310	1400
14637	43049	6	1190	1400
14637	43049	7	370	660
14637	43049	8	490	660
14637	43050	9	430	700
14638	43049	1	1310	2600
14638	43049	2	1190	2600
14638	43050	3	1250	2640
14638	43050	4	1250	1940
14638	43049	5	1310	1900
14638	43049	6	1190	1900
14638	43049	7	1190	500
14638	43049	8	1310	500
14638	43050	9	1250	540
14639	43049	1	1190	2600
14639	43049	2	1310	2600
14639	43050	3	1250	2640
14639	43049	4	1310	1160
14639	43049	5	1190	1160
14639	43050	6	1250	1200
14639	43050	7	1250	480
14639	43049	8	1310	440
14639	43049	9	1190	440
14640	43049	1	1310	2560
14640	43049	2	1190	2560
14640	43050	3	1250	2600
14640	43050	4	1250	1240
14640	43049	5	1190	1180
14640	43049	6	1310	1180
14640	43049	7	1190	440
14640	43049	8	1310	440
14640	43050	9	1250	480
14641	43050	1	2090	2480
14641	43049	2	2150	2440
14641	43049	3	2030	2440
14641	43049	4	1190	1160
14641	43049	5	1310	1160
14641	43050	6	1250	1200
14641	43050	7	2090	740
14641	43049	8	2150	700
14641	43049	9	2030	700
14642	43049	1	370	2720
14642	43049	2	490	2720
14642	43050	3	430	2760
14642	43050	4	1250	1400
14642	43049	5	1310	1360
14642	43049	6	1190	1360
14642	43050	7	430	660
14642	43049	8	490	620
14642	43049	9	370	620
14642	40130	10	1190	2000
14642	40130	11	1310	2000
14642	40130	12	1250	2040
14643	43050	1	1250	2640
14643	43049	2	1310	2600
14643	43049	3	1190	2600
14643	43049	4	1190	1780
14643	43049	5	1310	1780
14643	43050	6	1250	1820
14643	43050	7	1250	520
14643	43049	8	1310	480
14643	43049	9	1190	480
14643	40130	10	1250	1160
14643	40130	11	1190	1120
14643	40130	12	1310	1120
14644	43049	1	1210	2540
14644	43049	2	1330	2540
14644	43050	3	1270	2580
14644	43050	4	1250	1420
14644	43049	5	1310	1380
14644	43049	6	1190	1380
14644	43049	7	1190	440
14644	43049	8	1310	440
14644	43050	9	1250	480
14644	40130	10	1190	1780
14644	40130	11	1310	1780
14644	40130	12	1250	1820
14645	43049	1	1190	2580
14645	43049	2	1310	2580
14645	43050	3	1250	2620
14645	43049	4	1210	1880
14645	43049	5	1330	1880
14645	43050	6	1270	1920
14645	43049	7	1190	560
14645	43049	8	1310	560
14645	43050	9	1250	600
14645	40130	10	1250	1240
14645	40130	11	1310	1200
14645	40130	12	1190	1200
14646	43049	1	2010	2420
14646	43049	2	2130	2420
14646	43050	3	2070	2460
14646	43049	4	1190	1840
14646	43049	5	1310	1840
14646	43050	6	1250	1880
14646	43050	7	2090	780
14646	43049	8	2030	720
14646	43049	9	2150	720
14646	40130	10	1190	1400
14646	40130	11	1250	1440
14646	40130	12	1310	1400
14648	15156	1	3950	960
14648	40112	2	1270	360
14648	40129	3	1210	400
14648	40129	4	1330	400
14648	40135	5	3750	880
14648	40129	6	3610	1000
14648	40129	7	3770	1120
14648	40129	8	3690	1060
14649	40107	1	510	220
14653	20001	1	530	200
14661	40107	1	270	420
14661	40118	2	510	240
14661	40119	3	570	320
14661	20001	4	1210	440
14670	40127	1	1410	280
14670	43051	2	1310	220
14671	43051	1	1290	220
14671	40114	2	1390	200
14671	40127	3	1430	280
14672	40127	1	1410	280
14672	43051	2	1310	220
14673	43051	1	1290	200
14673	40113	2	1390	180
14673	40127	3	1430	260
14674	40115	1	1390	200
14674	40127	2	1430	280
14674	43051	3	1290	220
14675	40127	1	1410	280
14675	43051	2	1310	220
14676	40127	1	1410	280
14676	43051	2	1310	220
14677	40127	1	1410	280
14677	43051	2	1310	220
14678	40117	1	1390	180
14678	40127	2	1430	280
14678	43051	3	1290	220
14679	40127	1	1410	280
14679	43051	2	1310	220
14680	43051	1	1310	220
14680	40116	2	1390	200
14680	40127	3	1450	280
14681	40127	1	1410	280
14681	43051	2	1310	220
14682	40106	1	1870	1000
14682	40126	2	1930	960
14682	10214	3	2930	1340
14682	10214	4	3010	1340
14682	10214	5	2810	520
14682	10214	6	2890	520
14682	10214	7	1590	340
14682	10214	8	1610	420
14682	10214	9	1190	2000
14682	10214	10	1290	2020
14682	40106	11	2010	1040
14682	20001	12	110	2140
14683	15156	1	610	1120
14685	20001	1	2310	940
14687	40136	1	830	360
14687	40126	2	330	660
14687	40125	3	390	660
14687	40106	4	270	700
14688	40106	1	3810	2240
14688	37006	2	3870	480
14688	32001	3	2990	120
14689	40126	1	830	380
14689	40106	2	890	440
14689	40106	3	410	560
14691	37006	1	530	1680
14691	32001	2	50	1220
14692	37006	1	3750	2340
14692	32001	2	3390	1900
14692	40106	3	390	340
14693	40110	1	1290	2180
14693	10214	2	2570	340
14693	10214	3	2570	420
14693	10214	4	2870	900
14693	10214	5	2970	880
14693	10214	6	2870	1420
14693	10214	7	2970	1440
14693	10214	8	3670	1620
14693	10214	9	3670	1700
14693	10214	10	3750	1580
14693	10214	11	3750	1660
14693	10214	12	3750	1740
14694	12059	1	370	260
14696	40127	1	490	420
14696	40106	2	590	400
14696	40107	3	490	520
14697	40127	1	750	600
14697	40106	2	870	640
14697	40107	3	730	680
14697	40128	4	630	420
14801	17162	1	510	580
14801	17162	2	510	940
14801	17162	3	890	580
14801	17162	4	1330	560
14801	17162	5	1790	600
14801	17163	6	1910	1060
14801	17163	7	1990	1480
14801	17163	8	1530	1420
14801	17163	9	1010	1500
14801	17163	10	950	980
14801	17163	11	630	2200
14801	17163	12	1070	2260
14801	17163	13	1130	1920
14801	17162	14	2090	2020
14801	17162	15	670	1220
14801	17162	16	510	1600
14801	11144	17	1210	1200
14801	11040	18	1170	1180
14801	11001	19	1250	1220
14801	17342	20	1130	1160
14801	17342	21	1290	1240
14801	11077	22	1110	1320
14802	17092	1	330	520
14802	17092	2	570	680
14802	17092	3	410	300
14802	12028	4	330	600
14802	12017	5	390	640
14802	11077	6	450	680
14802	11021	7	450	520
14802	11047	8	510	560
14802	11050	9	570	600
14802	11045	10	590	520
14802	11010	11	530	480
14802	11024	12	650	560
14802	17507	13	610	440
14802	17507	14	670	480
14802	17507	15	730	520
14802	11040	16	630	500
14802	14257	17	330	600
14802	11148	18	250	560
14803	11047	1	550	460
14803	11040	2	550	540
14803	11065	3	470	440
14803	11050	4	390	480
14803	11147	5	370	580
14803	14532	6	290	560
14805	46033	1	510	740
14805	46033	2	630	1440
14805	46033	3	1210	800
14805	46034	4	850	1100
14805	46034	5	970	1600
14805	46034	6	870	780
14813	17127	1	1290	880
14813	17127	2	1250	500
14813	17127	3	2910	1040
14813	17128	4	1890	940
14813	17128	5	2010	480
14813	17128	6	2210	760
14813	17128	7	410	620
14813	17127	8	2630	540
14813	11077	9	190	240
14813	12017	10	110	200
14813	14257	11	230	160
14813	14531	12	550	220
14813	14529	13	110	300
14813	14532	14	370	120
14813	11040	15	410	380
14813	11024	16	470	400
14813	11151	17	410	440
14814	17127	1	490	760
14814	17127	2	830	600
14814	17127	3	1190	880
14814	17128	4	590	1560
14814	17128	5	1190	1620
14814	17128	6	930	1360
14814	17128	7	570	1200
14814	17127	8	870	1000
14815	14497	1	510	320
14821	17164	1	2670	1240
14821	17164	2	2950	1220
14821	17165	3	2390	940
14821	17165	4	2050	1040
14821	17165	5	1550	1320
14821	17166	6	1930	580
14821	17166	7	1530	500
14821	17166	8	890	560
14821	17164	9	2330	1440
14821	17165	10	1130	1320
14821	17165	11	750	1480
14821	17166	12	530	760
14821	17166	13	630	440
14821	17165	14	1930	1340
14821	17166	15	710	1100
14821	17164	16	2870	560
14822	10228	1	550	520
14822	10228	2	1250	1360
14822	10228	3	1470	1060
14822	10229	4	1830	1340
14822	10229	5	2750	1360
14822	10229	6	2370	1400
14823	10230	1	510	500
14823	10230	2	1410	500
14823	10231	3	750	820
14823	10231	4	1650	840
14823	10235	5	130	1180
14823	10131	6	90	1200
14823	10131	7	210	1280
14824	46029	1	570	580
14824	46029	2	590	1400
14824	46029	3	1170	780
14824	46030	4	710	980
14824	46030	5	1250	1140
14824	46030	6	990	1480
14825	46089	1	1210	480
14825	46089	2	690	840
14825	46089	3	1230	1660
14825	46090	4	1230	1000
14825	46090	5	1030	2060
14825	46090	6	650	1340
14831	17123	1	3570	880
14831	17123	2	3210	900
14831	17123	3	2830	840
14831	17123	4	690	560
14831	17124	5	3090	560
14831	17124	6	2630	540
14831	17124	7	2330	840
14831	17124	8	1590	820
14831	17123	9	1390	560
14831	17123	10	1150	560
14831	17124	11	690	800
14831	17124	12	930	760
14831	12017	13	430	220
14831	12031	14	490	280
14831	12040	15	370	220
14831	12094	16	510	340
14831	11047	17	3910	500
14831	11045	18	3970	460
14831	11077	19	3970	540
14831	11020	20	3830	360
14831	17549	21	3790	320
14831	17549	22	3870	320
14831	17549	23	3910	580
14831	12040	24	3670	560
14831	17491	25	3590	560
14831	17491	26	3650	620
14831	12017	27	3630	500
14832	17262	1	570	500
14832	17262	2	2470	600
14832	17262	3	830	780
14832	17263	4	2950	580
14832	17263	5	3230	880
14832	17263	6	4330	760
14832	11021	7	4690	420
14832	11031	8	4750	440
14832	10233	9	4650	580
14832	10234	10	4590	560
14832	17487	11	4690	640
14832	17490	12	4510	560
14832	17015	13	4590	440
14832	10233	14	1850	620
14832	10234	15	1910	580
14832	11021	16	1690	440
14832	11031	17	1650	460
14833	17266	1	550	460
14833	17266	2	1110	540
14833	17267	3	1410	760
14833	17267	4	810	760
14835	17264	1	650	1020
14835	17264	2	630	1420
14835	17265	3	1150	960
14835	17265	4	1030	1400
14836	17268	1	2390	720
14836	17268	2	2050	600
14836	17268	3	1710	800
14836	17269	4	870	560
14836	17269	5	1190	800
14836	17269	6	2690	840
14836	17436	7	170	1160
14836	17436	8	310	1240
14836	17436	9	450	860
14836	17436	10	650	940
14836	12040	11	210	1140
14836	11050	12	3070	360
14836	17563	13	3150	340
14836	17563	14	3070	300
14836	12020	15	2850	380
14836	17491	16	2770	340
14836	17491	17	2770	400
14837	46031	1	1210	680
14837	46031	2	1270	1040
14837	46031	3	570	1400
14837	46032	4	670	940
14837	46032	5	490	480
14837	46032	6	890	1280
14838	46097	1	630	700
14838	46097	2	730	1140
14838	46097	3	1230	1240
14838	46098	4	1750	700
14838	46098	5	2090	1140
14838	46098	6	1690	1300
14842	17207	1	730	820
14842	17209	2	1850	800
14842	17210	3	2890	760
14843	17190	1	670	1060
14843	17208	2	1010	1440
14843	14027	3	70	120
14844	20001	1	270	320
14844	14066	2	390	380
14844	14200	3	310	380
14844	14009	4	510	480
14845	20001	1	410	320
14845	14058	2	450	420
14845	17046	3	30	100
14845	17208	4	350	400
14845	17208	5	490	480
14845	17208	6	230	480
14845	17208	7	290	520
14846	46081	1	690	640
14846	46081	2	2070	840
14846	46081	3	3090	660
14846	46082	4	2550	800
14846	46082	5	1610	820
14846	46082	6	1150	880
14851	17205	1	1010	600
14851	17205	2	1150	1560
14851	17206	3	1130	2720
14851	17205	4	730	2340
14851	17206	5	630	1800
14851	17206	6	1130	1040
14851	11065	7	430	320
14852	10135	1	1970	640
14852	10135	2	1830	1100
14852	10135	3	1330	1140
14852	10135	4	2030	1480
14852	10135	5	1970	2140
14852	10141	6	730	1760
14852	10141	7	630	680
14852	10141	8	610	1380
14852	10141	9	1090	1980
14852	10141	10	1530	1940
14861	17154	1	590	540
14861	17154	2	2490	580
14861	17154	3	2910	540
14861	17155	4	1390	920
14861	17155	5	2310	880
14861	17155	6	2710	880
14861	14045	7	1630	440
14861	14080	8	1670	480
14861	12017	9	1430	680
14861	14256	10	1590	540
14862	17156	1	2050	560
14862	17156	2	510	940
14862	17156	3	1990	980
14862	17157	4	1730	680
14862	17157	5	950	580
14862	17157	6	810	880
14862	17437	7	450	580
14862	17437	8	710	480
14862	17437	9	310	180
14862	14256	10	270	160
14862	17437	11	350	200
14871	10139	1	1310	860
14871	10139	2	1030	580
14871	10139	3	1590	540
14871	10139	4	1830	900
14871	10140	5	2870	520
14871	10140	6	3070	880
14871	10140	7	3570	940
14871	10140	8	1950	520
14871	11076	9	270	320
14871	12017	10	370	180
14871	14257	11	450	160
14872	10131	1	510	540
14872	10131	2	1830	600
14872	10131	3	2230	560
14872	10131	4	1870	960
14872	10136	5	2350	900
14872	10136	6	2790	880
14872	10136	7	3210	760
14872	10136	8	2830	500
14872	12116	9	3990	460
14873	12017	1	530	460
14873	12028	2	410	440
14873	14257	3	330	480
14873	14582	4	530	560
14873	14587	5	570	540
14873	14586	6	370	460
14873	11077	7	610	520
15000	13021	1	30	80
15000	17015	2	70	80
15000	13047	3	1630	2020
15000	26001	4	2210	1760
15000	10257	5	110	80
15000	17198	6	150	80
15000	13005	7	190	80
15000	10259	8	30	120
15000	26001	9	2270	1660
15000	16072	10	70	120
15000	16064	11	110	120
15001	17001	1	550	480
15001	17001	2	410	520
15001	16017	3	810	580
15001	16013	4	350	600
15001	11043	5	610	500
15001	11036	6	650	600
15001	17016	7	650	640
15001	17016	8	710	620
15001	17016	9	750	640
15001	17016	10	690	660
15001	15158	11	210	660
15001	15078	12	490	620
15001	15167	13	550	580
15001	15171	14	550	600
15001	12039	15	690	480
15001	14057	16	670	520
15001	11061	17	690	580
15001	11095	18	730	580
15001	11096	19	630	620
15001	11033	20	610	660
15001	14049	21	890	660
15002	12038	1	350	280
15002	17015	2	310	260
15002	17015	3	530	200
15002	16021	4	790	160
15002	14009	5	730	160
15003	17015	1	170	440
15003	17015	2	910	320
15011	11047	1	570	680
15011	11040	2	530	640
15011	11026	3	610	720
15011	11020	4	330	580
15011	11021	5	270	560
15011	17011	6	290	640
15011	17011	7	230	620
15011	17011	8	170	600
15011	17003	9	470	680
15011	17003	10	590	620
15011	17003	11	630	660
15011	17002	12	510	700
15011	17002	13	550	740
15011	17002	14	670	700
15011	17005	15	410	480
15011	17005	16	570	540
15011	17019	17	370	500
15011	15158	18	910	700
15011	11088	19	330	520
15011	11014	20	390	600
15011	11005	21	450	620
15011	11006	22	330	640
15011	11083	23	450	680
15011	11085	24	390	660
15012	11056	1	470	580
15012	16014	2	710	280
15012	10002	3	310	480
15012	10017	4	370	460
15012	10032	5	270	420
15012	12033	6	870	100
15012	15074	7	350	180
15012	38010	8	750	540
15013	11047	1	1050	760
15013	17316	2	1010	860
15013	17317	3	1070	900
15013	11034	4	1010	920
15013	12043	5	990	800
15013	12033	6	1090	780
15013	17316	7	910	740
15013	17316	8	950	720
15013	17316	9	990	700
15013	17316	10	1030	680
15013	17316	11	1070	660
15013	17179	12	190	1140
15013	17179	13	350	1220
15013	14009	14	1090	240
15013	17013	15	1330	840
15013	17013	16	890	1080
15013	30002	17	370	740
15013	14200	18	250	1100
15013	14092	19	310	1100
15013	14012	20	350	1000
15013	14314	21	290	1020
15013	11028	22	210	1200
15013	11042	23	150	1200
15013	11057	24	250	1260
15013	11047	25	350	1120
15013	11053	26	410	1080
15013	11034	27	350	1040
15013	11024	28	470	1120
15013	11050	29	470	1040
15014	17179	1	1130	440
15014	17179	2	1010	440
15014	14092	3	750	420
15014	14314	4	810	380
15014	14012	5	870	420
15014	15057	6	170	300
15014	11073	7	310	420
15014	11057	8	390	460
15014	11058	9	390	360
15014	14305	10	230	360
15014	11056	11	230	460
15021	17018	1	390	480
15021	17018	2	330	500
15021	17018	3	570	540
15021	17018	4	510	560
15021	17018	5	270	520
15021	17018	6	450	580
15021	14046	7	630	560
15021	15158	8	910	600
15021	17181	9	750	700
15022	14024	1	710	360
15022	17018	2	530	240
15022	17018	3	630	280
15022	14053	4	250	560
15022	14026	5	190	540
15022	14047	6	310	580
15022	15161	7	770	480
15022	13012	8	870	620
15023	17019	1	1210	680
15023	17019	2	850	920
15023	10087	3	550	980
15024	14352	1	1110	540
15024	16005	2	590	420
15024	38010	3	930	500
15025	28001	1	690	400
15031	15125	1	470	600
15031	11054	2	1350	340
15031	15108	3	1450	240
15031	15158	4	1490	440
15031	14261	5	1150	220
15031	16023	6	270	380
15031	16005	7	790	720
15031	11056	8	1190	880
15031	12043	9	1430	940
15031	12020	10	1430	860
15031	11089	11	750	360
15031	17351	12	790	320
15031	17351	13	670	360
15031	11056	14	910	340
15031	17033	15	990	340
15031	17033	16	950	300
15031	12043	17	990	420
15031	16042	18	1530	560
15031	11020	19	1490	860
15031	14183	20	1550	860
15031	14321	21	1450	900
15101	11054	1	290	360
15102	15061	1	290	360
15102	20001	2	250	340
15102	11034	3	370	380
15102	14183	4	430	380
15102	14315	5	490	400
15102	11057	6	430	460
15102	14316	7	470	440
15102	17159	8	270	500
15103	12033	1	410	320
15103	12043	2	290	380
15103	12020	3	550	300
15103	14009	4	490	440
15103	14054	5	430	440
15103	11034	6	530	420
15103	11067	7	450	400
15104	12049	1	490	300
15104	12053	2	550	320
15104	12014	3	290	380
15104	12037	4	250	420
15104	12043	5	590	360
15131	12014	1	350	300
15132	15086	1	290	380
15132	14286	2	490	320
15132	12033	3	570	360
15133	15122	1	290	320
15133	15108	2	510	380
15133	34002	3	430	200
15134	15079	1	570	340
15134	14321	2	510	280
15134	14320	3	470	300
15134	14313	4	450	320
15134	11058	5	430	360
15135	11188	1	270	300
15135	11037	2	330	360
15136	11026	1	530	360
15136	11176	2	390	340
15171	15095	1	370	340
15172	11071	1	470	380
15173	15042	1	550	400
15173	15190	2	450	340
15173	17034	3	370	380
15173	17038	4	430	420
15173	17037	5	490	380
15173	19031	6	150	220
15174	12037	1	570	380
15174	15171	2	470	340
15201	16010	1	310	340
15202	16009	1	290	340
15221	16007	1	290	300
15241	16001	1	350	400
15241	15089	2	550	420
15241	14322	3	590	480
15242	16015	1	490	380
15242	15042	2	150	480
15242	15031	3	310	420
15242	15104	4	270	480
15242	15134	5	350	480
15243	16016	1	490	400
15243	14124	2	590	220
15261	16011	1	430	240
15262	16012	1	430	240
15301	14057	1	290	340
15301	12037	2	270	480
15301	17014	3	390	520
15301	11056	4	590	360
15301	17004	5	490	580
15301	17004	6	790	440
15301	17019	7	690	400
15301	20001	8	150	380
15301	12033	9	370	300
15302	14031	1	570	320
15302	17018	2	230	360
15302	17018	3	130	400
15302	14122	4	590	420
15302	17018	5	490	460
15302	17018	6	390	500
15302	14431	7	330	320
15302	13009	8	390	420
15303	17018	1	250	460
15303	17018	2	330	500
15303	17018	3	430	520
15303	17018	4	450	340
15303	17018	5	530	380
15303	17018	6	610	420
15303	15127	7	370	400
15304	14009	1	330	320
15304	14012	2	450	340
15304	17219	3	590	340
15304	17219	4	690	380
15304	17219	5	790	420
15304	17219	6	270	500
15304	17219	7	390	560
15304	17219	8	490	600
15304	18007	9	110	120
15304	11034	10	490	420
15304	17219	11	530	500
15304	14328	12	570	480
15304	11056	13	430	460
15306	12033	1	330	400
15306	12043	2	290	420
15306	12020	3	470	420
15306	12037	4	510	360
15306	12039	5	530	520
15307	17179	1	590	440
15307	17179	2	490	480
15307	17179	3	390	520
15307	11162	4	350	320
15307	11172	5	250	360
15307	17179	6	150	400
15307	11045	7	570	340
15307	11037	8	410	380
15307	11136	9	190	460
15307	14323	10	270	500
15307	14518	11	390	420
15307	11020	12	470	340
15401	14006	1	510	260
15401	17057	2	510	300
15401	17057	3	610	280
15401	17057	4	270	360
15401	17057	5	770	240
15402	14125	1	390	380
15402	17097	2	330	380
15402	17097	3	570	420
15402	17097	4	830	440
15402	17097	5	1370	500
15402	17097	6	1090	460
15403	11021	1	910	560
15403	17184	2	850	540
15403	17184	3	970	580
15403	11020	4	790	580
15404	11108	1	1390	340
15404	14488	2	1470	420
15404	12049	3	1310	340
15411	10107	1	350	300
15411	10108	2	410	280
15412	10212	1	1210	860
15412	10211	2	590	840
15412	10128	3	910	600
15414	10109	1	350	400
15414	10128	2	450	380
15414	10128	3	510	400
15414	10128	4	570	420
15414	10128	5	290	440
15414	10128	6	350	460
15414	10128	7	410	480
15414	15160	8	690	440
15415	10128	1	570	660
15415	10211	2	430	460
15415	10211	3	1150	500
15415	10212	4	870	760
15415	10212	5	1250	840
15415	10128	6	290	320
15415	11056	7	230	940
15415	14063	8	350	960
15415	14090	9	390	1020
15421	14062	1	1050	980
15421	13012	2	1530	780
15423	10138	1	1990	620
15423	10138	2	1650	1140
15423	10138	3	1930	1600
15423	10138	4	750	2000
15423	10153	5	670	1500
15423	10153	6	1350	1720
15423	10153	7	450	480
15423	10153	8	1450	600
15423	13012	9	2230	2300
15423	12082	10	350	900
15423	11034	11	430	860
15424	13087	1	2110	1120
15424	13086	2	2010	1180
15424	13016	3	2170	1020
15424	11034	4	1910	940
15424	11071	5	1830	1080
15424	11016	6	2050	860
15424	10129	7	1130	860
15424	10134	8	770	760
15424	10129	9	1330	540
15424	10134	10	1570	880
15424	17219	11	230	220
15424	11034	12	290	240
15424	11071	13	190	280
15424	11016	14	370	420
15424	13016	15	310	340
15424	11047	16	2290	360
15424	13016	17	1970	480
15424	13005	18	1970	560
15424	13003	19	1890	460
15431	14078	1	550	240
15431	15108	2	510	280
15431	14248	3	570	300
15431	14248	4	610	280
15431	14248	5	490	220
15431	14248	6	450	260
15433	10168	1	1150	840
15433	10168	2	550	1520
15433	10049	3	890	1580
15433	14235	4	1090	1380
15433	14047	5	1130	1720
15433	14026	6	1230	1680
15433	14078	7	1310	1860
15433	14248	8	1410	1820
15433	14248	9	1190	1840
15433	14248	10	1350	1700
15434	15166	1	410	240
15435	14240	1	390	400
15435	11045	2	530	400
15435	11037	3	590	440
15435	17076	4	950	2180
15435	17076	5	870	2300
15435	13002	6	970	2260
15435	17076	7	1150	2220
15435	17076	8	1070	2180
15435	13016	9	1090	2220
15435	11047	10	750	2080
15435	17508	11	750	2040
15435	17508	12	810	2080
15435	14349	13	630	2180
15435	14323	14	590	2180
15435	14324	15	650	2220
15435	13100	16	930	2360
15436	11073	1	350	320
15441	10047	1	290	380
15441	10047	2	510	480
15442	10047	1	770	1220
15442	10047	2	1630	1660
15442	10188	3	950	1660
15442	10188	4	1930	2140
15442	10188	5	630	740
15442	17019	6	1890	620
15443	14031	1	370	420
15443	11067	2	590	500
15444	11034	1	550	340
15444	14108	2	630	320
15445	46005	1	590	560
15445	46005	2	1550	800
15445	46005	3	1050	920
15445	46006	4	630	920
15445	46006	5	1130	560
15445	46006	6	1970	660
15451	11047	1	130	220
15451	11050	2	270	140
15451	11177	3	130	220
15451	26022	4	610	580
15451	26023	5	1030	880
15451	26024	6	1410	1220
15451	26010	7	1870	1600
15451	26011	8	2190	1880
15452	17089	1	1010	2020
15452	17089	2	610	1660
15452	17089	3	570	1060
15452	17019	4	1110	1500
15452	11162	5	870	1260
15452	11047	6	810	1200
15452	13016	7	730	700
15452	13044	8	1090	620
15453	13117	1	450	380
15453	13116	2	350	460
15453	13005	3	430	520
15453	13016	4	370	400
15453	13062	5	530	400
15453	13017	6	590	420
15453	13008	7	650	440
15453	13008	8	530	480
15454	13101	1	710	400
15454	13068	2	430	360
15454	13008	3	210	340
15454	13016	4	390	420
15454	20001	5	490	460
15454	13044	6	530	440
15454	13044	7	450	480
15455	17089	1	470	960
15455	17088	2	1170	1000
15455	17088	3	530	560
15455	17089	4	910	560
15455	17088	5	790	920
15455	17182	6	1230	560
15455	13014	7	1370	440
15455	14031	8	1210	440
15455	14352	9	1150	480
15455	14287	10	1310	360
15455	14288	11	1450	360
15455	14289	12	1330	520
15455	14290	13	1470	480
15456	17019	1	570	660
15456	17019	2	1230	1020
15456	17090	3	590	980
15456	17090	4	1230	600
15456	17090	5	910	920
15456	13102	6	290	240
15456	17568	7	230	260
15456	17568	8	350	200
15456	11045	9	490	320
15456	17016	10	470	440
15456	17016	11	410	500
15456	17016	12	550	380
15456	13116	13	550	220
15456	13104	14	410	180
15456	13101	15	470	200
15456	13044	16	370	460
15456	13044	17	510	480
15456	13044	18	610	420
15456	13016	19	1090	760
15456	13010	20	1130	680
15456	13003	21	1130	840
15456	11034	22	1330	760
15456	11071	23	1290	840
15456	11038	24	1290	680
15457	17185	1	570	1080
15457	17196	2	1030	1000
15457	17185	3	570	1540
15457	17196	4	1090	1480
15457	13016	5	1010	3000
15457	13018	6	910	2780
15457	13017	7	1110	2940
15457	13003	8	910	2860
15457	13010	9	1130	2860
15457	13047	10	930	2940
15457	13020	11	1130	2780
15457	13044	12	1010	2720
15457	13005	13	1150	2940
15457	13008	14	890	2940
15457	17064	15	850	2800
15457	17064	16	810	2860
15457	40053	17	410	440
15457	13044	18	470	480
15457	13044	19	370	480
15457	11036	20	430	540
15457	17617	21	370	560
15457	17617	22	490	560
15457	30009	23	390	640
15457	30009	24	470	640
15458	13010	1	430	460
15459	13003	1	510	400
15459	17064	2	390	380
15459	17064	3	330	400
15459	17064	4	270	420
15459	17064	5	210	440
15460	13016	1	310	340
15460	13005	2	270	500
15460	13008	3	390	540
15460	13018	4	690	400
15460	13030	5	590	360
15460	13087	6	470	460
15460	13002	7	650	540
15460	13015	8	790	440
15460	13062	9	490	580
15460	13112	10	550	460
15461	11034	1	250	360
15461	11034	2	410	400
15461	13016	3	590	480
15461	13112	4	550	440
15461	13010	5	610	440
15461	13005	6	490	460
15461	13003	7	550	400
15461	11071	8	410	340
15461	11016	9	330	420
15461	10141	10	410	220
15461	10141	11	330	260
15461	10141	12	250	300
15461	10141	13	170	340
15462	13003	1	510	800
15462	17064	2	430	820
15462	17064	3	470	840
15462	17064	4	510	860
15462	13008	5	310	820
15462	13003	6	410	820
15462	11047	7	210	140
15462	11050	8	250	180
15462	13003	9	330	380
15463	13016	1	490	220
15463	13005	2	430	200
15463	13008	3	490	300
15463	13017	4	430	280
15463	13021	5	370	240
15463	13044	6	370	160
15463	11047	7	690	320
15463	11034	8	770	280
15463	11024	9	750	360
15463	11050	10	690	420
15463	17553	11	830	340
15463	17553	12	770	440
15463	13017	13	1550	1280
15463	13008	14	1650	1380
15463	11034	15	1650	1280
15463	11024	16	1550	1400
15463	11050	17	1550	1180
15463	17534	18	1450	1280
15463	13129	19	2250	1220
15463	13008	20	2250	1320
15463	11050	21	1170	740
15463	17553	22	1110	660
15463	17553	23	1110	840
15463	13129	24	1050	740
15463	11024	25	1550	760
15463	11034	26	2090	780
15463	17534	27	2030	720
15463	17534	28	2030	860
15463	17534	29	1490	720
15463	17534	30	1490	840
15463	13129	31	1410	780
15463	13129	32	1970	780
15463	13016	33	310	200
15463	13044	34	250	320
15463	13008	35	330	260
15464	13063	1	590	340
15464	40053	2	430	420
15471	14244	1	530	920
15471	10092	2	550	920
15471	15205	3	1190	480
15471	17065	4	1250	600
15471	17092	5	1350	640
15471	17092	6	1170	700
15471	17065	7	1270	780
15471	17065	8	1390	760
15471	14410	9	1330	700
15471	14411	10	1250	700
15471	14412	11	1330	780
15471	14413	12	1250	780
15472	15022	1	530	360
15472	14155	2	390	400
15472	14192	3	450	440
15472	14193	4	310	400
15481	13008	1	710	480
15481	13028	2	1230	1080
15481	14246	3	1090	380
15481	10180	4	1010	380
15481	10180	5	1050	420
15481	10180	6	1150	1060
15481	10180	7	1290	1040
15481	10180	8	650	500
15481	10180	9	710	520
15481	14246	10	670	440
15481	14246	11	770	500
15481	14246	12	1210	1020
15491	17018	1	410	560
15491	17018	2	570	400
15491	17018	3	870	460
15491	17018	4	270	860
15491	13002	5	1110	240
15491	20001	6	1270	220
15491	20001	7	1350	220
15491	20001	8	1310	180
15491	13006	9	1190	220
15491	17018	10	670	160
15491	17018	11	830	160
15492	13016	1	1470	1720
15492	13005	2	1550	1720
15492	13017	3	1390	1740
15492	13047	4	1350	1780
15492	11179	5	890	2260
15492	17054	6	830	2220
15492	17054	7	830	2300
15492	11173	8	510	1780
15492	17225	9	470	1720
15492	17225	10	550	1720
15492	11028	11	2110	740
15492	17263	12	2070	700
15492	17263	13	2150	700
15492	11038	14	590	480
15492	11022	15	530	500
15492	43041	16	690	480
15492	43041	17	490	580
15492	13003	18	690	620
15492	13005	19	630	640
15492	13016	20	830	460
15492	13044	21	890	460
15494	13016	1	890	420
15494	13008	2	990	480
15494	13003	3	510	420
15494	13005	4	410	460
15494	13017	5	290	520
15494	13027	6	850	680
15494	13028	7	750	740
15494	13047	8	630	800
15494	13010	9	950	640
15501	20001	1	290	1200
15501	20002	2	210	340
15501	20002	3	1050	2460
15501	25048	4	210	440
15501	25048	5	390	560
15501	25048	6	490	560
15501	25048	7	1430	2480
15501	25048	8	1510	2400
15501	25048	9	230	980
15501	12043	10	290	900
15501	18007	11	370	900
15501	17147	12	750	300
15501	11001	13	330	320
15501	17147	14	390	260
15501	17147	15	290	300
15501	17147	16	330	280
15501	11060	17	410	280
15501	12014	18	390	400
15501	12039	19	330	440
15501	11014	20	290	340
15501	11005	21	370	300
15501	17147	22	510	280
15501	11006	23	550	280
15501	17147	24	570	320
15501	12037	25	490	420
15502	20002	1	1130	260
15502	20001	2	1030	1840
15503	20002	1	250	1180
15503	20001	2	2310	1160
15504	20002	1	1270	280
15505	20001	1	1450	280
15505	14305	2	1150	280
15505	11020	3	1250	380
15505	11058	4	1270	240
15505	11057	5	1330	280
15505	14183	6	1370	340
15505	14320	7	1070	340
15505	14321	8	1090	420
15505	17125	9	1170	460
15506	20002	1	1050	420
15506	20001	2	2290	2440
15506	15103	3	2290	2180
15506	12033	4	2150	2260
15506	12043	5	2050	2240
15506	12027	6	2190	2340
15506	12020	7	2090	2300
15506	17091	8	1950	2240
15506	17091	9	2010	2300
15506	17091	10	2070	2360
15506	17091	11	2170	2420
15507	20002	1	1550	500
15507	20001	2	230	1200
15507	20001	3	2310	1160
15507	11054	4	1490	540
15507	11019	5	2250	900
15507	14225	6	910	100
15507	15104	7	1010	100
15508	20002	1	210	1140
15508	20002	2	1230	1820
15509	20002	1	1370	1160
15509	20002	2	150	1740
15510	20001	1	230	1200
15510	20002	2	2310	1160
15510	11054	3	1310	1640
15510	14318	4	2270	880
15510	14319	5	2110	860
15510	14315	6	2130	920
15510	14316	7	2170	980
15510	14303	8	2250	1000
15510	14304	9	2330	980
15510	10019	10	330	880
15510	17103	11	630	960
15510	14225	12	1270	600
15511	20002	1	470	520
15512	20002	1	390	500
15513	20002	1	390	500
15514	20002	1	430	220
15515	20002	1	410	220
15516	20002	1	390	200
15517	20001	1	590	500
15517	12030	2	570	240
15517	11110	3	310	200
15518	20002	1	310	220
15518	10104	2	310	460
15518	10105	3	470	460
15518	11054	4	790	100
15521	20001	1	1550	280
15521	20001	2	1310	1820
15521	20001	3	230	1840
15521	20001	4	2290	260
15521	24001	5	1190	1020
15521	10015	6	2030	1100
15521	10016	7	2090	1140
15521	10074	8	2170	1340
15521	10074	9	2150	1100
15521	10074	10	2010	1340
15521	10017	11	2090	1640
15521	10032	12	2030	1660
15521	10109	13	2150	1660
15521	11036	14	2090	1460
15521	11040	15	2150	1460
15521	11042	16	2030	1460
15522	20001	1	2290	500
15522	24001	2	1250	340
15522	25047	3	1330	600
15522	25047	4	1970	280
15522	25047	5	2290	300
15523	20001	1	410	1060
15524	20001	1	1870	460
15524	20002	2	1690	1060
15524	24001	3	1250	1000
15524	10023	4	390	1000
15524	10024	5	390	1080
15524	10074	6	550	980
15524	10074	7	610	1040
15524	10074	8	550	1080
15524	35025	9	2230	300
15524	35020	10	1990	280
15525	20002	1	170	500
15525	24001	2	390	520
15526	20002	1	150	500
15526	25047	2	610	500
15527	20002	1	630	500
15528	20001	1	230	460
15529	20002	1	610	300
15529	12033	2	530	320
15541	20001	1	3130	920
15541	20001	2	1930	240
15541	20002	3	350	1040
15541	24001	4	1250	1000
15541	14344	5	2110	340
15541	14330	6	2030	380
15541	14328	7	1970	460
15541	14078	8	2190	380
15541	14026	9	2250	460
15542	20002	1	330	2980
15542	20002	2	2330	900
15542	24001	3	1150	2900
15543	20002	1	2970	360
15543	24001	2	2810	1540
15543	15103	3	3950	1600
15543	11036	4	4150	1640
15545	20001	1	650	1840
15545	20002	2	1410	1840
15545	24001	3	1390	1100
15545	14024	4	250	1760
15545	12014	5	430	1560
15546	20002	1	610	240
15547	20002	1	190	480
15548	20001	1	630	340
15548	25071	2	170	340
15548	25071	3	410	200
15548	25071	4	310	380
15549	20002	1	630	340
15549	25071	2	450	480
15549	25071	3	150	340
15549	14069	4	250	340
15550	20002	1	190	440
15550	14056	2	2070	1980
15550	14053	3	2070	2180
15551	20002	1	430	440
15552	20002	1	630	520
15553	20001	1	150	260
15553	14069	2	3750	1120
15553	14348	3	3750	1420
15554	20001	1	210	320
15554	14283	2	3410	1620
15554	11056	3	3350	1660
15554	14031	4	3670	1660
15555	20002	1	630	240
15561	13012	1	1590	680
15561	14275	2	1490	380
15562	24001	1	630	520
15562	10216	2	810	640
15563	20002	1	2150	1020
15563	20001	2	1490	320
15564	20002	1	170	500
15564	25071	2	250	280
15564	25071	3	590	520
15564	25071	4	490	520
15565	20001	1	630	240
15565	25071	2	290	260
15565	25071	3	230	340
15566	20001	1	1270	240
15567	17151	1	250	240
15567	14351	2	430	240
15568	20002	1	1430	320
15568	20001	2	1490	1840
15568	14348	3	1170	280
15568	11084	4	1290	560
15568	14332	5	1110	1800
15569	24001	1	2070	1100
15569	20001	2	3130	900
15569	14335	3	3030	940
15570	20002	1	210	240
15570	25071	2	170	500
15570	25071	3	150	400
15570	25071	4	570	240
15571	20001	1	670	1180
15571	25071	2	190	1180
15571	25071	3	270	1200
15571	25071	4	650	960
15571	13012	5	310	1000
15571	14275	6	250	1020
15571	14276	7	350	940
15571	14070	8	370	1040
15581	11034	1	2230	2420
15581	17268	2	2330	2440
15581	17268	3	2210	2520
15581	13010	4	2070	2300
15581	13044	5	1990	2280
15581	13005	6	2090	2200
15581	13044	7	2030	2140
15581	13044	8	2150	2140
15582	11072	1	570	1020
15582	14324	2	490	960
15582	14323	3	490	1060
15582	13005	4	370	340
15582	11013	5	590	360
15582	11130	6	670	320
15582	11132	7	650	380
15582	13063	8	1290	1580
15582	40053	9	1350	1660
15582	40053	10	1230	1660
15582	11215	11	370	360
15582	11216	12	330	320
15582	11007	13	330	420
15582	17617	14	270	300
15582	17617	15	270	360
15582	17617	16	270	420
15582	11215	17	1610	2940
15582	11216	18	1670	2880
15582	11007	19	1670	2980
15582	17617	20	1730	2840
15582	17617	21	1730	2920
15582	17617	22	1730	3000
15582	13063	23	1550	2940
15582	40053	24	1490	2920
15582	40053	25	1490	3000
15582	11036	26	1950	2940
15582	17617	27	1990	2900
15582	17617	28	2010	2940
15582	17617	29	1990	2980
15582	30009	30	2070	2880
15582	30009	31	2090	2940
15582	30009	32	2070	2980
15582	40053	33	2170	2940
15582	13044	34	2190	2880
15582	13044	35	2230	2940
15582	13044	36	2190	2980
15582	13044	37	2250	2880
15582	13044	38	2250	2980
15591	20001	1	3990	580
15591	20001	2	4830	3140
15591	20001	3	1970	1520
15591	17084	4	3850	300
15591	14332	5	3890	280
15591	14349	6	3930	320
15591	14348	7	3950	360
15591	14340	8	3810	320
15591	11034	9	3850	360
15591	14339	10	3930	420
15591	17084	11	3890	460
15591	17084	12	3850	440
15591	14405	13	3810	420
15591	17084	14	3710	240
15591	14024	15	730	1020
15591	10102	16	1830	1820
15591	14329	17	1830	1700
15701	17255	1	650	1120
15701	17255	2	590	700
15701	17256	3	2030	600
15701	17256	4	1110	1440
15701	11034	5	1990	1640
15701	11034	6	2310	340
15701	11034	7	1830	960
15701	11034	8	990	820
15701	11034	9	410	240
15701	11034	10	490	1300
15701	13005	11	2050	1800
15701	13003	12	2030	1860
15701	13003	13	2210	500
15701	13005	14	2150	440
15701	13067	15	1610	1000
15701	13073	16	1250	900
15701	13070	17	370	360
15701	13016	18	310	1420
15701	13010	19	270	1380
15701	10141	20	510	1200
15701	10141	21	590	1260
15701	10141	22	630	1340
15701	10141	23	410	1180
15701	10141	24	2090	380
15701	10141	25	2070	460
15701	10141	26	2130	540
15701	10141	27	2210	580
15701	13044	28	2010	1660
15701	13044	29	1930	1680
15701	13044	30	1890	1780
15702	13097	1	1210	1780
15702	11072	2	990	1680
15702	11034	3	350	420
15702	11021	4	670	480
15702	11031	5	470	640
15702	13002	6	510	520
15702	11072	7	1070	780
15702	17260	8	1110	760
15702	17260	9	1150	740
15702	17260	10	1190	720
15702	13103	11	510	380
15702	15305	12	590	400
15702	11071	13	410	380
15702	13047	14	570	480
15702	13021	15	450	560
15702	17105	16	50	180
15704	11034	1	570	460
15704	11071	2	450	460
15704	11016	3	610	520
15704	10141	4	430	600
15704	15305	5	370	580
15704	11084	6	330	540
15705	11163	1	290	320
15706	11047	1	910	420
15706	11067	2	410	460
15706	11037	3	510	420
15706	11057	4	850	680
15706	11010	5	950	640
15706	11155	6	750	740
15706	11021	7	290	520
15706	11060	8	630	800
15706	14324	9	190	580
15706	11045	10	550	540
15706	17016	11	670	640
15706	17016	12	630	620
15706	13101	13	690	600
15711	26021	1	510	480
15711	26019	2	1930	940
15711	26020	3	1070	660
15711	13009	4	250	460
15711	13014	5	230	500
15711	26001	6	1970	900
15711	26001	7	1970	980
15711	26001	8	1110	620
15711	26001	9	1110	700
15711	26001	10	470	440
15711	26001	11	550	440
15802	10132	1	1150	740
15802	10132	2	590	1660
15802	10093	3	550	2160
15802	17053	4	590	960
15802	17053	5	1070	1440
15802	14031	6	990	2040
15802	14348	7	1030	2200
15802	14334	8	930	2160
15802	14122	9	970	2260
15802	14344	10	1090	2280
15802	14345	11	1190	2260
15802	14053	12	1130	2200
15804	12033	1	470	400
15805	10132	1	2850	980
15805	10093	2	2890	560
15805	17053	3	2050	480
15805	17053	4	750	740
15805	10093	5	1630	940
15805	10132	6	1090	940
15805	18003	7	350	400
15805	12020	8	270	340
15805	14092	9	410	320
15805	14012	10	470	340
15805	14304	11	510	400
15811	10050	1	590	880
15811	17037	2	1070	900
15811	17037	3	1250	540
15811	11020	4	450	420
15811	11021	5	530	420
15811	11016	6	370	580
15811	11071	7	610	420
15811	11060	8	410	500
15812	10050	1	2750	860
15812	10050	2	2090	580
15812	10050	3	1050	840
15812	17037	4	2910	580
15812	17037	5	1590	800
15812	17037	6	530	740
15812	12043	7	370	300
15812	11050	8	2890	1040
15812	11018	9	2930	960
15812	11024	10	2810	1040
15812	11053	11	3010	960
15812	11026	12	2770	1120
15812	11034	13	270	380
15812	17179	14	490	300
15821	15139	1	2430	920
15821	15139	2	1950	600
15821	13040	3	1290	840
15821	13040	4	730	620
15822	15139	1	1130	1600
15822	13040	2	630	1660
15822	13040	3	1110	660
15822	15139	4	570	680
15822	14312	5	270	2340
15823	10073	1	2150	560
15823	10073	2	1550	580
15823	10073	3	1110	860
15823	10062	4	2350	960
15823	10062	5	1870	920
15823	10062	6	730	880
15823	10073	7	450	520
15823	14046	8	2890	920
15823	14047	9	2950	860
15823	14329	10	2950	960
15824	46011	1	450	940
15824	46011	2	1890	600
15824	46011	3	2650	900
15824	46012	4	1890	900
15824	46012	5	2250	840
15824	46012	6	2550	540
15831	17213	1	850	1120
15831	17213	2	1330	1280
15831	17211	3	630	680
15831	17211	4	1910	1520
15831	17211	5	1990	780
15831	14303	6	2190	420
15831	14321	7	2210	340
15831	14304	8	2310	400
15831	11014	9	2010	520
15832	46003	1	510	560
15832	46003	2	1170	920
15832	46003	3	490	1540
15832	46004	4	1110	1240
15832	46004	5	910	580
15832	46004	6	490	900
15841	13042	1	2230	2320
15841	13043	2	2010	2300
15841	14108	3	610	300
15841	13057	4	330	960
15841	12082	5	250	980
15841	14517	6	350	900
15842	20001	1	410	200
15842	14353	2	430	280
15843	13041	1	1190	720
15843	13041	2	1110	1580
15843	13043	3	1030	2120
15843	13043	4	550	1580
15843	30002	5	310	2400
15843	14352	6	490	2300
15843	14348	7	630	2340
15843	14349	8	430	2180
15843	14345	9	550	2180
15843	14344	10	630	2240
15843	12082	11	350	480
15843	11021	12	470	620
15843	17351	13	490	520
15843	17351	14	350	620
15843	17351	15	450	720
15843	17351	16	590	620
15844	13041	1	2070	460
15844	13041	2	1050	480
15844	13044	3	450	460
15845	20001	1	210	340
15845	14062	2	330	340
15845	13003	3	270	380
15845	13010	4	550	460
15846	20001	1	290	300
15846	13009	2	190	340
15847	20001	1	450	360
15847	13014	2	370	400
15848	46001	1	530	560
15848	46001	2	870	940
15848	46001	3	1250	540
15848	46002	4	890	580
15848	46002	5	510	880
15848	46002	6	1230	840
15851	17092	1	1630	680
15851	17059	2	1190	500
15851	17092	3	510	640
15851	17059	4	2070	680
15852	17092	1	1130	1520
15852	17059	2	590	1400
15852	17092	3	550	600
15852	17059	4	1210	680
15852	14031	5	1290	360
15853	46009	1	530	580
15853	46009	2	2090	520
15853	46009	3	1050	580
15853	46010	4	1450	580
15853	46010	5	1910	900
15853	46010	6	810	940
15861	10178	1	1910	1400
15861	10178	2	2050	560
15861	10178	3	1030	1600
15861	10186	4	1970	980
15861	10186	5	1550	520
15861	10186	6	490	780
15861	10178	7	650	1580
15861	10186	8	990	540
15861	11047	9	410	400
15861	11021	10	490	400
15861	11036	11	370	480
15861	11040	12	550	420
15861	11043	13	250	220
15861	11054	14	330	180
15861	11056	15	150	240
15861	14293	16	250	120
15861	14295	17	150	160
15861	17012	18	430	520
15861	14292	19	230	1740
15861	11092	20	270	1640
15861	11084	21	330	1640
15861	11019	22	390	1660
15861	11069	23	410	1720
15861	11070	24	370	1780
15861	11016	25	2190	1600
15861	11071	26	2230	1640
15861	11047	27	2110	1560
15861	11034	28	2050	1580
15861	12020	29	2010	1660
15861	12033	30	2050	1720
15862	46007	1	530	640
15862	46007	2	1150	1600
15862	46007	3	1050	800
15862	46008	4	570	1040
15862	46008	5	790	1400
15862	46008	6	1110	1160
15863	14009	1	550	460
15863	12033	2	590	540
15863	12043	3	550	560
15863	12020	4	510	580
15863	14069	5	310	480
15863	14056	6	350	460
15863	14024	7	390	440
15863	17219	8	350	600
15863	17219	9	210	540
15871	17089	1	670	620
15871	17089	2	710	1180
15871	17088	3	750	1820
15871	17088	4	710	2460
15871	17088	5	910	3120
15871	17089	6	470	3140
15871	20001	7	170	2440
15881	14343	1	1770	800
15881	13009	2	1770	800
15881	14333	3	450	500
15881	13009	4	450	500
15881	17566	5	370	460
15881	17566	6	510	440
15881	13009	7	590	500
15881	13069	8	650	540
15891	11010	1	770	420
15891	17355	2	890	520
15891	17355	3	630	620
15891	11037	4	1210	780
15891	11024	5	1210	820
15891	17355	6	1270	780
15891	17355	7	1150	780
15891	13145	8	1210	1000
15891	13146	9	1270	1020
15891	13093	10	1150	1020
15891	40053	11	1330	1040
15891	40053	12	1090	1060
15893	26041	1	850	1060
15893	26033	2	330	300
15893	26042	3	530	480
15893	26001	4	610	480
15893	26001	5	530	560
15893	13093	6	650	100
15893	26043	7	530	480
15893	13146	8	710	100
15895	11037	1	430	460
15895	11017	2	810	500
15895	11010	3	510	400
15895	11041	4	310	500
15895	11034	5	370	520
15895	11031	6	430	560
15895	11003	7	490	580
15895	11024	8	550	620
15895	11050	9	570	420
15895	11014	10	630	440
15895	11006	11	690	460
15895	11144	12	750	480
15895	17355	13	650	560
15896	11037	1	270	220
15896	11041	2	650	180
15896	11006	3	730	200
15896	11144	4	830	240
15896	17355	5	530	380
15896	17355	6	610	340
15896	40054	7	770	340
15896	40054	8	710	380
15896	40054	9	650	420
15896	40054	10	590	460
15896	11003	11	330	220
15901	17005	1	350	1280
15901	17005	2	90	1420
15901	24006	3	150	620
15901	24005	4	1470	940
15901	18005	5	550	400
15901	18005	6	710	320
15901	18005	7	1110	120
15901	22012	8	1110	1320
15901	22012	9	1290	1420
15901	22012	10	1450	1520
15901	21001	11	750	660
15901	21001	12	830	620
15901	17227	13	90	1220
15901	19043	14	630	720
16001	15278	1	1090	620
16001	15278	2	1250	500
16001	15158	3	290	300
16001	14236	4	1150	360
16001	16023	5	830	220
16001	15171	6	1010	360
16001	15277	7	1090	320
16001	15303	8	990	340
16001	15304	9	950	500
16001	15278	10	870	520
16001	15278	11	990	560
16001	16043	12	210	460
16101	15277	1	530	400
16131	15282	1	530	400
16402	15171	1	610	620
16402	15384	2	1250	660
16402	15278	3	1190	600
16402	15278	4	1230	540
16402	15278	5	1290	560
16402	15383	6	1370	660
16402	27134	7	1210	660
16412	35051	1	250	320
16412	35053	2	370	300
16412	35052	3	310	360
16412	15384	4	610	400
16412	15278	5	690	360
16412	15278	6	710	440
16412	15383	7	930	480
16412	15384	8	990	480
16412	35051	9	950	460
16412	40032	10	830	440
16412	15278	11	970	460
16501	15219	1	3130	1580
16501	15383	2	1330	1180
16501	35053	3	1190	1060
16502	20001	1	170	260
16504	24001	1	330	1120
16504	20002	2	1330	1200
16504	20001	3	3130	1500
16504	20001	4	1050	1860
16504	15303	5	2090	940
16505	20002	1	190	200
16506	20002	1	2030	2360
16506	20002	2	3150	940
16506	20002	3	1010	1760
16506	20001	4	2290	1160
16507	20001	1	630	360
16508	20001	1	390	440
16508	13054	2	430	260
16509	20002	1	630	520
16510	24001	1	3030	1740
16510	20001	2	3170	1180
16510	20001	3	1410	1220
16510	20002	4	170	360
16511	20001	1	450	260
16511	15222	2	370	280
16512	20002	1	230	480
16521	15220	1	270	1680
16521	28029	2	30	80
16522	20001	1	210	220
16523	17311	1	1970	180
16523	17311	2	1930	240
16523	17311	3	2050	200
16523	17311	4	1910	300
16523	17311	5	2110	220
16523	17311	6	1930	360
16523	17311	7	2170	240
16523	17311	8	1970	400
16523	17311	9	2210	260
16523	17311	10	1990	440
16523	17311	11	2250	320
16523	17311	12	2050	480
16523	17311	13	2190	380
16523	17311	14	2130	440
16525	20001	1	230	180
16525	20001	2	1910	1060
16527	20001	1	270	120
16527	15221	2	2290	160
16527	17311	3	2210	140
16527	17311	4	2330	240
16527	28029	5	2230	320
16531	25109	1	1350	940
16531	25110	2	2010	1100
16531	25111	3	410	1100
16532	25109	1	590	200
16532	25110	2	530	200
16532	25111	3	610	520
16533	25085	1	2310	860
16533	25085	2	1130	940
16533	25085	3	270	860
16534	25112	1	570	200
16534	25116	2	250	220
16535	25112	1	1130	920
16535	25112	2	1130	240
16535	25115	3	1470	220
16535	25112	4	2310	220
16535	25116	5	1970	200
16535	25121	6	3130	860
16536	25109	1	590	200
16536	25110	2	250	180
16536	25109	3	210	520
16537	25113	1	1510	1860
16537	25114	2	1010	1860
16537	25117	3	1450	220
16537	25113	4	1110	940
16538	25105	1	250	180
16538	25104	2	630	520
16539	25108	1	1510	1200
16539	25104	2	2350	1200
16539	25105	3	1370	300
16540	20001	1	150	340
16542	20001	1	190	200
16551	35057	1	1130	760
16551	35052	2	370	480
16551	35053	3	190	880
16551	35052	4	1050	940
16551	15384	5	30	80
16551	35053	6	1230	700
16551	15383	7	1270	740
16551	27134	8	1330	920
16801	17028	1	810	1360
16801	17028	2	1390	1460
16801	17028	3	1730	640
16801	17029	4	2250	760
16801	17029	5	2770	940
16801	17029	6	2770	1440
16802	17031	1	510	880
16802	17031	2	1170	800
16802	17032	3	610	1660
16802	17032	4	1110	1640
16802	17031	5	790	580
16811	28035	1	450	960
16811	28001	2	770	660
16811	10224	3	470	700
16811	10225	4	370	700
16811	10227	5	430	800
16811	10227	6	650	780
16811	10226	7	570	720
16811	10227	8	490	620
16811	15277	9	570	940
16811	15278	10	470	1040
16811	15278	11	630	1020
16811	15278	12	710	940
16811	28035	13	30	800
16811	28001	14	30	700
18000	16066	1	30	80
18001	15158	1	230	940
18001	17229	2	310	1020
18001	17229	3	470	1120
18001	13032	4	1310	280
18001	17229	5	1350	260
18001	17229	6	1470	320
18001	13053	7	70	340
18001	13049	8	1630	500
18001	13050	9	1630	580
18001	13051	10	1590	540
18001	24008	11	1550	940
18001	15211	12	790	340
18001	17292	13	750	380
18001	28025	14	830	420
18001	17325	15	930	360
18001	15267	16	910	500
18001	15268	17	870	520
18001	15269	18	770	520
18001	15259	19	1630	1220
18001	15260	20	970	680
18001	15225	21	630	440
18001	15205	22	1270	880
18001	15271	23	1170	820
18001	15196	24	1270	940
18001	15197	25	1350	780
18001	15138	26	870	280
18001	15117	27	990	900
18001	15119	28	950	820
18001	15046	29	370	220
18001	17229	30	410	280
18001	17229	31	230	140
18001	38010	32	1110	420
18001	12027	33	230	1220
18001	13006	34	390	1120
18001	15248	35	370	1260
18001	15249	36	450	1240
18001	15245	37	470	1180
18001	15251	38	230	1140
18001	15252	39	290	1100
18001	12033	40	610	1180
18001	12041	41	170	1180
18001	13030	42	290	1180
18001	15401	43	1130	220
18001	12035	44	1550	400
18001	13044	45	1450	460
18002	16014	1	470	360
18002	15183	2	570	580
18002	15007	3	650	560
18002	13084	4	730	360
18002	15402	5	650	440
18002	13044	6	790	420
18002	19053	7	1050	400
18003	15232	1	390	180
18003	15232	2	490	100
18003	13030	3	210	540
18011	13044	1	590	460
18011	13044	2	630	480
18011	16005	3	350	600
18011	16017	4	650	720
18011	15158	5	230	660
18011	13019	6	690	460
18012	13044	1	230	260
18012	13044	2	390	220
18012	16023	3	650	80
18012	13029	4	210	380
18012	15309	5	470	160
18012	15378	6	750	120
18013	13121	1	650	500
18021	16021	1	190	400
18021	17004	2	610	560
18021	17004	3	370	480
18021	17019	4	530	600
18021	13062	5	210	540
18021	13063	6	270	520
18021	13026	7	790	660
18022	16013	1	190	120
18022	17005	2	1070	340
18022	17005	3	1210	420
18022	15158	4	690	180
18022	15021	5	470	140
18022	15109	6	650	780
18031	15180	1	1370	520
18031	15023	2	510	1040
18031	15181	3	550	460
18031	15014	4	150	500
18031	15182	5	1030	280
18031	13094	6	1110	860
18031	13095	7	1070	800
18031	17272	8	1150	780
18031	17378	9	1190	880
18031	17272	10	1090	940
18031	17378	11	1010	880
18031	14521	12	950	860
18031	14522	13	850	860
18031	17029	14	830	940
18031	10147	15	930	940
18031	13038	16	830	800
18031	13061	17	910	760
18031	17230	18	830	740
18031	13026	19	290	1060
18031	13034	20	230	1020
18031	10268	21	170	1180
18031	20001	22	110	1220
18041	17231	1	650	600
18041	17231	2	510	640
18041	15169	3	970	340
18041	15225	4	190	500
18041	14379	5	30	80
18041	15216	6	330	280
18041	15183	7	430	300
18041	13048	8	490	420
18041	14379	9	530	560
18041	17251	10	470	540
18041	17251	11	570	520
18041	13003	12	430	640
18041	13002	13	690	560
18041	17349	14	350	620
18041	17349	15	430	700
18041	17349	16	690	500
18041	17349	17	770	580
18041	10268	18	710	620
18041	20001	19	770	620
18051	14261	1	230	360
18051	14140	2	990	660
18051	15205	3	710	260
18051	17086	4	790	720
18051	17054	5	870	740
18051	17086	6	710	760
18051	17087	7	810	880
18051	17087	8	870	820
18051	13092	9	570	780
18051	13003	10	650	840
18051	20001	11	310	820
18051	10268	12	370	800
18061	16014	1	170	440
18061	15158	2	1450	460
18061	15195	3	670	700
18061	15192	4	1470	1100
18061	15048	5	650	200
18061	14430	6	770	280
18061	13002	7	150	1160
18061	13014	8	250	1040
18061	13024	9	190	1000
18071	15111	1	1450	1100
18071	15119	2	470	880
18071	16021	3	670	160
18071	13003	4	1470	520
18071	17609	5	1470	460
18071	17609	6	1510	480
18071	17609	7	1550	500
18071	17258	8	110	540
18071	17258	9	150	520
18071	17258	10	190	500
18071	13010	11	190	560
18071	17609	12	1390	460
18071	17258	13	230	480
18081	14354	1	510	280
18081	17251	2	970	700
18101	20001	1	570	480
18101	13038	2	510	320
18101	13094	3	390	420
18101	13095	4	450	420
18102	13018	1	490	300
18102	20001	2	350	280
18102	13034	3	530	360
18102	13026	4	230	400
18103	13026	1	350	280
18103	20001	2	610	320
18104	13036	1	350	360
18104	13037	2	610	320
18104	20001	3	130	400
18105	13084	1	550	360
18105	20001	2	610	320
18106	14379	1	190	380
18106	17251	2	630	420
18107	13003	1	450	280
18107	20001	2	650	280
18107	13092	3	290	380
18107	13021	4	170	440
18108	14424	1	350	400
18108	20001	2	430	260
18108	13002	3	490	460
18108	17231	4	570	420
18109	13002	1	490	300
18109	20001	2	350	260
18109	17518	3	370	420
18110	14430	1	410	340
18111	13016	1	550	340
18111	13019	2	390	300
18111	13003	3	330	360
18111	13010	4	410	400
18111	17609	5	290	400
18111	17258	6	370	440
18112	15115	1	450	300
18112	20001	2	670	360
18112	13013	3	290	380
18112	13083	4	170	380
18112	13081	5	350	520
18112	13082	6	410	500
18112	13078	7	310	480
18112	13079	8	370	460
18113	13009	1	490	280
18113	13036	2	550	320
18113	13037	3	410	280
18113	12001	4	290	360
18113	13030	5	350	380
18113	17229	6	530	520
18113	13018	7	510	420
18113	13035	8	570	420
18113	13024	9	490	440
18113	13025	10	550	440
18113	13029	11	330	400
18113	13006	12	270	380
18113	13005	13	470	460
18113	13003	14	530	460
18113	15161	15	610	340
18113	14572	16	330	440
18114	12027	1	550	360
18114	12033	2	390	320
18114	17364	3	290	400
18115	13061	1	530	300
18115	15308	2	590	300
18115	13016	3	290	440
18115	13084	4	510	480
18115	15308	5	490	280
18116	12033	1	570	320
18116	41081	2	510	300
18116	13095	3	570	500
18116	12027	4	370	360
18117	13122	1	330	360
18117	13123	2	470	320
18118	12041	1	350	340
18118	13113	2	530	380
18131	13017	1	550	340
18131	20001	2	310	360
18132	13084	1	550	320
18132	20001	2	290	380
18132	12033	3	370	400
18132	12027	4	350	360
18132	13036	5	410	260
18133	13032	1	550	360
18134	13048	1	550	320
18134	13119	2	450	300
18135	13047	1	290	340
18136	13035	1	470	300
18137	13058	1	330	280
18137	13059	2	410	260
18138	17204	1	390	320
18138	15224	2	330	380
18138	17202	3	370	400
18138	17202	4	310	420
18139	14429	1	370	380
18140	15179	1	450	320
18140	14424	2	330	380
18141	14427	1	330	300
18141	14428	2	290	360
18142	15199	1	450	300
18142	10223	2	350	340
18142	10218	3	470	420
18142	10217	4	550	360
18142	10222	5	510	280
18143	15057	1	550	340
18143	20001	2	270	380
18144	13104	1	290	320
18144	13088	2	370	300
18171	13028	1	570	400
18171	20001	2	270	400
18172	15041	1	270	380
18172	15052	2	330	340
18173	13053	1	550	380
18174	13034	1	350	280
18174	14206	2	510	340
18174	14232	3	590	440
18174	14231	4	210	360
18175	13094	1	310	380
18175	13095	2	370	320
18175	15014	3	830	680
18176	14373	1	470	340
18176	13006	2	330	360
18176	14379	3	530	380
18176	14366	4	390	340
18176	17198	5	550	440
18176	10257	6	470	480
18176	10258	7	510	460
18176	10260	8	450	460
18176	10259	9	490	440
18177	15132	1	430	340
18178	10023	1	470	400
18179	20001	1	270	300
18179	15191	2	410	300
18179	10220	3	370	280
18179	10219	4	430	400
18179	10221	5	550	380
18180	15037	1	410	300
18180	15028	2	510	320
18180	15034	3	510	360
18180	15041	4	490	380
18180	15026	5	450	400
18180	27034	6	310	340
18180	27175	7	290	360
18180	15138	8	350	360
18180	15168	9	370	360
18181	13031	1	510	340
18182	14480	1	410	300
18182	14481	2	330	320
18182	14482	3	430	340
18182	14483	4	490	360
18183	15200	1	390	320
18184	13023	1	450	300
18185	15170	1	550	380
18185	20001	2	230	380
18185	15088	3	410	300
18186	13007	1	410	320
18186	20001	2	290	360
18187	13114	1	510	360
18187	13005	2	350	340
18187	13016	3	530	480
18187	13018	4	610	440
18188	13019	1	390	380
18188	13120	2	330	400
18188	15378	3	530	360
18188	13115	4	490	340
18189	13096	1	370	340
18201	16010	1	330	320
18202	16003	1	310	340
18203	16010	1	290	340
18221	16008	1	290	300
18221	15052	2	590	360
18221	13056	3	350	460
18222	16007	1	310	320
18241	16018	1	490	400
18241	13093	2	270	500
18241	13033	3	310	420
18241	12041	4	350	560
18242	16001	1	330	400
18242	15030	2	230	300
18242	15096	3	650	440
18242	15201	4	150	500
18242	15189	5	210	480
18242	15191	6	250	520
18243	16016	1	350	400
18243	13085	2	590	500
18243	13022	3	550	420
18243	12041	4	510	560
18261	16011	1	410	240
18262	16012	1	430	240
18301	13014	1	750	400
18301	20001	2	110	480
18301	13025	3	370	360
18301	13024	4	270	400
18301	13026	5	170	440
18301	13077	6	490	580
18301	13036	7	590	320
18301	13016	8	650	340
18301	13056	9	590	540
18301	15052	10	410	480
18301	13018	11	690	500
18301	13009	12	470	320
18301	12001	13	430	500
18301	13030	14	370	480
18301	13061	15	510	300
18301	13049	16	370	560
18301	13051	17	510	340
18301	17229	18	210	500
18301	13008	19	590	440
18301	13028	20	550	460
18301	12041	21	430	500
18301	13005	22	410	440
18301	13072	23	470	440
18301	12035	24	510	480
18301	17229	25	410	500
18301	13044	26	510	400
18301	23004	27	430	460
18301	12035	28	570	440
18302	13044	1	710	400
18302	13124	2	450	520
18302	13118	3	350	480
18302	13028	4	270	440
18302	14404	5	510	320
18302	13004	6	610	360
18303	14373	1	590	440
18303	17019	2	330	320
18303	17249	3	390	520
18303	17249	4	490	480
18303	17249	5	230	360
18303	13014	6	570	320
18303	13009	7	370	420
18303	13046	8	290	420
18303	11051	9	310	480
18304	13061	1	650	380
18304	13006	2	970	420
18304	12014	3	430	600
18304	12027	4	450	520
18304	13016	5	810	380
18304	13024	6	850	520
18304	13032	7	870	600
18304	13036	8	570	360
18304	15020	9	530	460
18305	13018	1	530	260
18305	13026	2	430	300
18305	13007	3	330	340
18305	13031	4	230	380
18305	13022	5	130	420
18305	13033	6	970	440
18305	13023	7	870	480
18305	13072	8	770	520
18305	13073	9	670	560
18305	13074	10	570	600
18305	12001	11	590	420
18305	13025	12	650	440
18305	13030	13	710	260
18305	13061	14	910	280
18305	13016	15	970	320
18305	13084	16	850	400
18305	15031	17	630	360
18305	15287	18	670	380
18305	15387	19	730	400
18305	15402	20	790	420
18401	16044	1	590	1060
18401	38151	2	790	320
18402	13002	1	1210	380
18402	17061	2	1110	800
18402	17061	3	1230	800
18403	15087	1	1250	780
18403	15049	2	1390	720
18403	15042	3	1170	740
18403	13087	4	910	480
18403	17317	5	950	440
18403	13061	6	30	80
18403	12033	7	1130	500
18403	13016	8	1230	520
18404	13061	1	410	380
18404	13038	2	510	400
18404	20001	3	330	240
18404	17099	4	250	340
18404	17115	5	330	360
18404	17115	6	210	380
18404	17099	7	290	400
18404	17099	8	430	460
18404	13016	9	350	420
18404	13007	10	370	480
18404	13031	11	310	460
18404	17114	12	250	440
18404	13016	13	370	340
18404	13084	14	470	420
18404	13087	15	450	460
18404	17316	16	430	500
18404	17316	17	490	460
18404	17317	18	390	520
18404	17317	19	530	440
18404	12033	20	310	420
18404	12027	21	290	440
18405	15052	1	770	560
18405	13014	2	870	740
18405	13036	3	810	720
18405	13024	4	650	640
18405	13025	5	850	640
18405	13061	6	750	740
18405	15052	7	590	680
18405	15052	8	890	900
18405	15052	9	490	980
18405	12033	10	1070	880
18405	13016	11	1130	840
18411	13021	1	410	640
18411	13017	2	350	720
18411	13027	3	430	760
18411	13001	4	530	700
18411	13005	5	510	620
18421	13095	1	530	220
18421	12027	2	470	200
18421	12033	3	490	140
18421	41081	4	410	180
18421	12001	5	330	200
18421	13008	6	590	500
18421	13028	7	530	520
18421	13020	8	650	480
18421	13027	9	470	540
18422	14347	1	490	780
18422	14275	2	490	900
18422	14346	3	630	740
18423	17144	1	1730	660
18423	17144	2	750	1220
18423	17144	3	2710	1380
18423	17077	4	1270	1460
18423	17077	5	2670	880
18423	17077	6	2090	980
18423	17077	7	770	580
18423	17144	8	1770	1460
18423	14062	9	2590	480
18423	14084	10	2650	580
18423	13003	11	2550	620
18424	46061	1	1210	560
18424	46061	2	550	1320
18424	46061	3	450	480
18424	46062	4	1190	880
18424	46062	5	830	1080
18424	46062	6	890	1420
18432	10063	1	550	580
18432	10063	2	510	560
18432	10063	3	470	520
18432	10064	4	550	620
18432	10064	5	490	600
18432	10064	6	450	560
18432	17328	7	650	600
18433	17251	1	970	960
18433	17251	2	1950	640
18433	17251	3	2910	1040
18433	17252	4	1610	780
18433	17252	5	2910	520
18433	17252	6	450	940
18433	28034	7	310	260
18433	13047	8	1010	440
18433	13020	9	1110	380
18433	17366	10	1230	520
18433	17367	11	1150	580
18433	13002	12	1130	480
18434	40001	1	830	680
18434	17226	2	690	700
18434	14232	3	610	640
18434	14232	4	590	740
18434	13022	5	910	780
18434	13074	6	970	740
18435	13024	1	1470	220
18435	13014	2	1370	200
18435	13002	3	1510	100
18435	13009	4	1310	200
18435	17518	5	1350	220
18442	46047	1	1230	600
18442	46047	2	470	1620
18442	46047	3	1070	1260
18442	46048	4	890	800
18442	46048	5	590	1220
18442	46048	6	510	860
18443	13072	1	1050	500
18443	13073	2	1130	520
18444	17253	1	570	620
18444	17253	2	1450	880
18444	17270	3	970	920
18444	17270	4	1010	560
18444	15402	5	550	220
18444	28058	6	410	240
18444	28058	7	510	340
18451	15203	1	1170	380
18451	15171	2	1110	380
18453	17276	1	670	680
18453	17276	2	1070	680
18453	17277	3	670	1660
18453	17277	4	1070	2120
18454	14355	1	470	560
18454	14356	2	510	500
18454	14366	3	410	500
18455	46045	1	2070	540
18455	46045	2	1030	860
18455	46045	3	2650	920
18455	46046	4	2290	900
18455	46046	5	1670	860
18455	46046	6	530	900
18462	14427	1	850	420
18462	14428	2	810	440
18462	14480	3	910	400
18462	14481	4	990	440
18462	14483	5	1070	480
18462	17275	6	1030	460
18462	13009	7	1010	520
18462	14482	8	950	420
18501	24001	1	1330	280
18501	10239	2	1910	1680
18501	13038	3	2030	1740
18501	10240	4	1870	1800
18503	13008	1	3070	1520
18503	13028	2	2990	1520
18503	13020	3	3130	1600
18504	14367	1	2230	2240
18504	17235	2	2230	2160
18504	17235	3	2310	2220
18506	35010	1	3650	320
18506	15171	2	3810	260
18506	10238	3	230	1840
18506	13038	4	330	1700
18511	20001	1	1450	1040
18511	13062	2	1450	920
18511	13024	3	1370	1000
18511	13025	4	1210	1060
18511	13027	5	1290	1060
18511	13016	6	1310	940
18511	13018	7	1370	880
18511	13019	8	1230	1000
18511	14480	9	1210	800
18511	13010	10	1170	2280
18511	13044	11	1130	2340
18511	13044	12	1090	2280
18511	17231	13	1470	2120
18511	17231	14	1430	2060
18511	14424	15	1390	2120
18513	35027	1	470	280
18513	35022	2	370	180
18513	24001	3	1270	1520
18513	14495	4	290	800
18515	13005	1	1190	2240
18515	28002	2	1370	2200
18515	28002	3	1430	2260
18517	13047	1	2170	1400
18517	13048	2	2010	1420
18517	24001	3	630	860
18519	13009	1	2130	920
18519	13010	2	2190	960
18519	13017	3	2090	800
18519	13020	4	2070	880
18519	13030	5	2150	840
18519	13034	6	2210	880
18523	20001	1	1450	1460
18525	20001	1	1430	1040
18525	17272	2	1450	820
18525	14495	3	1190	880
18525	14494	4	1270	900
18525	14493	5	1290	980
18527	20001	1	1110	160
18527	13013	2	1190	220
18527	13067	3	1110	240
18527	13071	4	1050	200
18527	13074	5	1190	140
18527	13038	6	1190	280
18529	13005	1	370	940
18529	13032	2	370	860
18529	13001	3	290	900
18529	13075	4	370	780
18529	13076	5	290	820
18529	13072	6	210	860
18531	20001	1	2330	760
18531	14357	2	1250	360
18531	20001	3	250	120
18531	17309	4	2010	340
18531	17309	5	1070	900
18531	14354	6	2210	820
18531	14358	7	2290	860
18531	17310	8	2010	760
18531	17310	9	2110	760
18531	17310	10	2010	1080
18531	17310	11	2150	1080
18531	17310	12	2270	1040
18531	17231	13	1890	840
18531	17231	14	1890	1020
18531	13003	15	390	240
18531	13008	16	330	300
18531	13028	17	450	180
18531	13073	18	410	140
18531	13090	19	350	200
18531	13091	20	290	240
18701	11037	1	710	660
18701	11003	2	770	660
18701	17419	3	710	740
18701	17419	4	770	720
18701	13093	5	890	740
18701	13044	6	910	680
18701	13044	7	950	780
18701	13044	8	890	800
18701	13044	9	950	720
18701	11034	10	810	640
18701	11024	11	650	780
18701	17392	12	590	760
18701	17392	13	610	820
18701	17392	14	790	580
18701	13146	15	890	640
18701	40054	16	930	600
18701	40054	17	870	580
18701	40054	18	970	660
18701	11038	19	810	740
18701	11041	20	750	760
18701	11050	21	710	800
18701	11144	22	650	700
18701	11006	23	750	620
18701	13017	24	930	920
18701	40054	25	1030	900
18701	40054	26	1010	980
18701	40054	27	870	980
18701	40054	28	950	1000
18701	17355	29	630	740
18701	17355	30	710	620
18701	17355	31	670	840
18703	26041	1	630	620
18703	26001	2	770	620
18703	26001	3	530	720
18703	26001	4	570	500
18703	26001	5	690	500
18703	26001	6	490	620
18703	26001	7	630	760
18703	26001	8	730	720
18703	26001	9	430	740
18703	26001	10	810	740
18704	13044	1	1130	420
18704	13093	2	1010	660
18704	40054	3	1010	580
18704	40054	4	1090	640
18704	13016	5	870	660
18704	13093	6	1010	660
18704	13044	7	1130	420
18705	11037	1	210	180
18705	11144	2	270	160
18705	11006	3	150	220
18705	11050	4	330	240
18705	11014	5	270	260
18705	17418	6	470	220
18705	17418	7	210	300
18705	17418	8	410	200
18705	17418	9	270	320
18705	13017	10	490	260
18705	40054	11	550	300
18705	40054	12	410	360
18705	40054	13	470	380
18705	13044	14	570	340
18705	13044	15	530	380
18705	11003	16	610	380
18705	17419	17	690	360
18705	17419	18	650	400
18705	17419	19	590	440
18706	13017	1	490	400
18706	13146	2	510	480
18706	13093	3	350	400
18706	40054	4	230	460
18706	13044	5	370	480
18706	13016	6	430	380
18706	13093	7	370	480
18706	40054	8	410	540
18801	17061	1	1010	1040
18801	17061	2	1550	1440
18801	17108	3	1870	780
18801	17108	4	2690	820
18801	17061	5	570	1480
18801	13002	6	2750	1500
18801	14362	7	2890	1400
18801	14359	8	2790	1440
18801	14365	9	2630	1300
18801	13014	10	2530	1360
18801	13025	11	2590	1560
18801	17182	12	2450	1340
18801	17182	13	2510	1460
18801	17182	14	2930	1560
18801	17182	15	2710	1560
18801	13009	16	2810	1560
18801	14364	17	2930	1480
18801	14265	18	2610	1380
18801	12027	19	850	460
18801	12033	20	690	400
18801	41081	21	770	400
18801	13001	22	490	580
18801	13017	23	550	600
18801	13045	24	550	660
18801	13045	25	490	640
18801	13045	26	430	620
18802	14359	1	490	400
18802	14360	2	410	340
18802	14361	3	590	440
18802	17144	4	330	380
18802	17144	5	250	420
18802	13002	6	270	460
18803	17062	1	590	720
18803	17062	2	1210	600
18803	17109	3	1670	800
18803	17109	4	2090	580
18804	46037	1	630	920
18804	46037	2	610	1600
18804	46037	3	1110	2180
18804	46038	4	1010	1240
18804	46038	5	1090	760
18804	46038	6	710	2020
18805	13020	1	390	600
18805	15248	2	350	300
18805	15223	3	410	280
18805	15190	4	470	260
18805	15256	5	530	240
18806	13094	1	550	440
18806	12027	2	610	540
18806	12033	3	490	420
18806	41081	4	610	460
18806	13020	5	210	540
18806	13027	6	270	580
18806	13001	7	330	620
18806	13017	8	150	500
18807	17065	1	1610	680
18807	17065	2	1770	2040
18807	17065	3	570	2120
18807	17065	4	790	720
18807	17112	5	1170	1900
18807	17112	6	1230	1140
18808	13010	1	570	340
18809	13016	1	570	320
18809	13008	2	430	280
18809	20001	3	490	460
18809	13046	4	350	420
18810	13009	1	370	380
18810	13014	2	490	400
18810	13006	3	290	420
18811	17231	1	610	600
18811	17231	2	1730	880
18811	17232	3	1190	2500
18811	17232	4	1630	2140
18811	17231	5	370	2520
18811	13016	6	430	2740
18811	14424	7	390	2600
18811	14425	8	550	2700
18811	14426	9	310	2760
18811	14427	10	470	2880
18811	17251	11	470	2600
18811	17251	12	310	2640
18811	17251	13	370	2880
18811	17251	14	550	2820
18811	13016	15	430	2740
18811	17231	16	330	2460
18811	17231	17	310	2540
18812	46041	1	510	880
18812	46041	2	1210	1480
18812	46041	3	490	1440
18812	46042	4	870	880
18812	46042	5	1230	840
18812	46042	6	870	1340
18814	17565	1	590	840
18814	17565	2	1050	1760
18814	17565	3	1150	2240
18814	17566	4	1050	960
18814	17566	5	550	2120
18814	13003	6	1310	2440
18814	14572	7	1390	2420
18814	13044	8	350	1500
18814	13016	9	410	1520
18814	13018	10	510	1500
18814	13044	11	570	1660
18814	13021	12	370	1600
18814	13005	13	490	1660
18814	13085	14	610	1500
18815	13009	1	550	460
18815	13032	2	390	440
18815	13017	3	310	480
18815	13001	4	550	580
18815	13030	5	430	600
18815	17229	6	370	600
18815	13024	7	630	540
18815	13009	8	510	460
18815	12001	9	470	500
18815	13037	10	470	400
18815	19023	11	230	540
18816	17111	1	590	1140
18816	17111	2	1150	700
18816	17111	3	1030	1720
18816	17111	4	530	2140
18816	17074	5	1050	1240
18816	17074	6	570	1600
18816	17074	7	1110	2220
18816	14349	8	570	560
18816	14347	9	510	540
18816	17229	10	810	520
18816	13005	11	310	660
18816	17367	12	370	620
18816	17367	13	350	720
18816	17603	14	190	620
18816	13030	15	490	660
18817	13030	1	390	380
18817	14394	2	570	460
18817	14395	3	530	500
18817	17013	4	610	480
18817	12041	5	450	540
18817	13019	6	610	400
18817	13108	7	690	440
18817	13005	8	490	340
18817	13003	9	550	360
18818	17110	1	1170	980
18818	17110	2	490	940
18818	17076	3	990	700
18818	17076	4	810	900
18818	12041	5	1370	420
18818	12001	6	1550	400
18818	12027	7	1610	360
18819	13017	1	510	340
18819	17074	2	650	340
18819	17111	3	730	360
18819	17112	4	810	380
18820	13110	1	290	320
18820	13109	2	370	300
18820	13065	3	530	300
18821	17138	1	810	420
18821	17138	2	1350	780
18821	17138	3	2250	760
18821	17138	4	2350	300
18821	17138	5	2550	1540
18821	17135	6	1750	1340
18821	17135	7	930	1340
18821	17135	8	570	1160
18821	17135	9	2710	1180
18822	17146	1	890	940
18822	17146	2	710	560
18822	17147	3	350	840
18822	13038	4	1090	140
18822	14239	5	1010	160
18822	17241	6	1010	240
18822	17242	7	1110	240
18822	13016	8	950	340
18822	17243	9	790	260
18822	17243	10	790	340
18822	17241	11	810	400
18822	17242	12	1170	260
18822	17243	13	1150	340
18823	46053	1	490	2080
18823	46053	2	910	780
18823	46053	3	890	1240
18823	46054	4	530	1620
18823	46054	5	1250	1240
18823	46054	6	950	1880
18824	46055	1	2690	480
18824	46055	2	1770	760
18824	46055	3	850	840
18824	46056	4	870	420
18824	46056	5	1350	420
18824	46056	6	2250	780
18826	17075	1	670	1180
18826	17075	2	1550	780
18826	17075	3	1630	1640
18826	17139	4	1710	1280
18826	17139	5	1070	740
18826	17139	6	1470	300
18827	13019	1	370	400
18827	17013	2	670	460
18827	14396	3	570	480
18827	14397	4	530	520
18828	46063	1	570	360
18828	46063	2	510	940
18828	46063	3	1290	1380
18828	46064	4	970	960
18828	46064	5	550	1280
18828	46064	6	970	1340
18831	17159	1	990	820
18831	17159	2	590	1280
18831	17159	3	2110	620
18831	17143	4	1830	1400
18831	17143	5	3410	960
18831	17143	6	2790	800
18831	15203	7	3590	440
18831	13014	8	3830	320
18831	14421	9	3730	400
18831	14422	10	3910	380
18831	14423	11	3830	420
18831	13078	12	230	1760
18831	13079	13	310	1820
18831	13080	14	590	1760
18831	13013	15	530	1760
18831	19018	16	630	1740
18831	17229	17	570	840
18831	37001	18	490	860
18831	37001	19	450	880
18831	37001	20	410	900
18831	13016	21	490	920
18831	37001	22	530	900
18831	37001	23	450	940
18831	37001	24	490	980
18831	37001	25	530	960
18831	37001	26	570	940
18831	28002	27	390	840
18831	28002	28	430	820
18831	17159	29	990	820
18832	15310	1	310	800
18832	31001	2	310	1020
18832	31001	3	530	1120
18832	31001	4	390	780
18832	46039	5	450	460
18832	46039	6	1230	680
18832	46040	7	890	880
18832	46040	8	1230	960
18836	15088	1	590	320
18836	15209	2	470	260
18836	15211	3	430	320
18836	15187	4	470	420
18836	15001	5	630	360
18836	28034	6	610	420
18836	14430	7	510	340
18836	15027	8	550	360
18837	46057	1	570	540
18837	46057	2	1210	1580
18837	46057	3	590	1200
18837	46058	4	1010	860
18837	46058	5	1030	1280
18837	46058	6	570	860
18838	46059	1	530	580
18838	46059	2	1170	1480
18838	46059	3	770	1480
18838	46060	4	910	700
18838	46060	5	1210	920
18838	46060	6	430	1440
18841	17241	1	370	1460
18841	17241	2	670	1120
18841	17241	3	630	600
18841	17241	4	2430	760
18841	17242	5	2030	680
18841	17242	6	1530	780
18841	17242	7	1070	720
18841	17242	8	930	1400
18841	17242	9	1770	1380
18841	17241	10	2550	1420
18841	28059	11	3030	1740
18842	17243	1	1270	680
18842	17243	2	370	1460
18842	17243	3	890	1580
18842	17244	4	710	1160
18842	17244	5	790	660
18842	17244	6	1070	260
18842	14493	7	410	140
18843	17245	1	350	800
18843	17245	2	850	960
18843	17245	3	1590	1020
18843	17246	4	1610	700
18843	17246	5	770	620
18843	17246	6	1510	300
18844	46049	1	830	420
18844	46049	2	1710	780
18844	46049	3	850	940
18844	46050	4	1270	380
18844	46050	5	1270	800
18844	46050	6	470	600
18846	17114	1	670	680
18846	17114	2	1170	900
18846	17114	3	1230	560
18846	17081	4	770	1640
18846	17081	5	530	2180
18846	17081	6	1130	1940
18851	15164	1	1250	320
18851	13036	2	1150	280
18851	10240	3	1050	260
18851	10240	4	1150	380
18856	18002	1	550	560
18856	18002	2	1130	580
18856	18008	3	710	860
18856	18008	4	1370	860
18856	18002	5	1650	600
18856	18008	6	1930	820
18856	18008	7	2230	360
18856	14114	8	190	1060
18856	14679	9	490	540
18856	14679	10	650	920
18861	17148	1	1310	760
18861	17149	2	670	1160
18861	17148	3	1710	1300
18861	17149	4	2070	660
18862	17082	1	2510	580
18862	17082	2	810	400
18862	17115	3	930	820
18862	17115	4	1650	620
18862	14377	5	510	940
18862	14378	6	450	1020
18862	30002	7	410	840
18862	30002	8	290	920
18862	30002	9	390	940
18863	13060	1	570	340
18864	46051	1	1990	440
18864	46051	2	1470	860
18864	46051	3	890	820
18864	46052	4	770	400
18864	46052	5	1930	880
18864	46052	6	1230	240
18871	17145	1	570	900
18881	17239	1	590	960
18881	17239	2	1070	880
18881	17239	3	2090	500
18881	17240	4	2050	820
18881	17240	5	1270	540
18881	17240	6	370	320
18881	14366	7	270	480
18891	17250	1	510	920
18891	17250	2	1290	460
18891	17249	3	1110	940
18891	14373	4	150	1040
18891	13047	5	130	960
18891	17249	6	90	1000
18891	17249	7	70	1080
18892	46043	1	1170	540
18892	46043	2	2110	520
18892	46043	3	1090	920
18892	46044	4	1550	540
18892	46044	5	1490	880
18892	46044	6	1830	820
18990	15112	1	890	400
18990	13016	2	70	300
18990	13004	3	1230	520
18990	13005	4	930	280
18990	13016	5	830	240
18990	13003	6	50	400
18990	15104	7	170	340
18990	38134	8	510	660
18990	20006	9	1050	500
18991	28061	1	870	660
18991	28061	2	1370	860
18991	28061	3	2030	840
18991	28074	4	570	420
18991	15179	5	570	420
18992	15191	1	590	460
18992	15268	2	710	500
18992	15245	3	610	560
18992	15261	4	570	520
18992	15247	5	670	460
18992	28074	6	730	660
18992	28074	7	810	620
18992	28061	8	750	600
18992	15274	9	690	560
18992	15179	10	650	520
18992	15179	11	690	560
18992	15274	12	690	560
18992	28074	13	670	680
18992	15179	14	590	600
18992	23006	15	290	500
18992	23006	16	250	560
18992	23006	17	230	460
18992	23006	18	830	320
18992	23006	19	750	300
18992	23006	20	690	260
18992	23006	21	950	320
18992	23006	22	570	220
18993	15179	1	470	420
18993	15191	2	590	460
18993	15268	3	550	480
18993	15245	4	610	500
18993	15247	5	650	460
18993	15261	6	550	520
18993	28061	7	470	420
18993	15248	8	630	400
18993	15249	9	490	520
18993	15250	10	710	460
18993	15251	11	410	520
18993	15252	12	450	500
18993	15253	13	390	480
18993	15255	14	670	440
18993	15257	15	550	380
18993	15259	16	570	460
18993	15260	17	530	480
18993	15265	18	470	540
18993	28074	19	470	420
18994	28061	1	1190	280
18994	28074	2	1210	220
18994	28074	3	1110	280
18994	28061	4	1190	280
18994	28074	5	1110	280
18994	28074	6	1210	220
18994	15179	7	1250	340
18994	15179	8	1190	280
19000	39005	1	1570	100
19001	15158	1	690	780
19001	15204	2	630	920
19001	15024	3	770	540
19001	16005	4	1050	620
19001	16041	5	410	580
19001	41028	6	610	1080
19002	14384	1	850	420
19002	15213	2	290	120
19002	15131	3	110	640
19002	17279	4	770	300
19002	17279	5	910	380
19002	38010	6	590	380
19011	15188	1	610	840
19011	15324	2	490	520
19011	15170	3	30	60
19021	17280	1	530	380
19021	17280	2	690	340
19021	17071	3	810	460
19021	17280	4	130	580
19021	38032	5	850	140
19031	17013	1	370	1280
19031	17013	2	90	1420
19031	17227	3	50	1240
19031	18005	4	690	260
19031	18006	5	1150	120
19031	22012	6	1130	1320
19031	22012	7	1290	1420
19031	22012	8	1450	1500
19031	24006	9	90	600
19031	24005	10	1490	1000
19031	21001	11	630	740
19031	21001	12	690	700
19031	24007	13	1030	220
19031	24008	14	730	1480
19031	19028	15	110	1200
19031	15158	16	750	1580
19031	24010	17	710	1060
19031	23002	18	150	260
19031	19042	19	690	1520
19031	19043	20	510	820
19031	38080	21	1050	620
19031	19044	22	70	880
19032	16005	1	1130	340
19033	16005	1	1130	340
19034	16005	1	1190	320
19101	14177	1	310	300
19101	14032	2	230	400
19101	14184	3	210	360
19101	14384	4	530	320
19131	15131	1	570	320
19132	14418	1	330	280
19132	14445	2	250	360
19133	14032	1	470	300
19133	14184	2	530	360
19171	15214	1	330	320
19172	14266	1	410	300
19173	14402	1	250	280
19174	14385	1	470	320
19175	14393	1	350	360
19175	17306	2	250	400
19175	14485	3	470	380
19175	14484	4	550	400
19175	14486	5	310	420
19175	14486	6	590	460
19175	14485	7	350	460
19175	17024	8	250	460
19175	35046	9	370	320
19175	17273	10	430	340
19175	14393	11	330	380
19176	14485	1	490	360
19176	20001	2	530	480
19177	14407	1	590	420
19178	17280	1	530	340
19178	14486	2	250	420
19179	15110	1	510	380
19179	20001	2	170	440
19201	16021	1	270	340
19201	16003	2	570	380
19201	15131	3	330	300
19221	16002	1	290	340
19241	16015	1	350	400
19241	14383	2	250	220
19241	15113	3	690	480
19242	16018	1	490	400
19261	16012	1	430	240
19262	16011	1	390	240
19263	19029	1	370	300
19301	14176	1	570	320
19301	14386	2	230	360
19301	14387	3	130	400
19301	14419	4	490	460
19301	14420	5	390	500
19301	17279	6	310	520
19301	17279	7	130	460
19301	14445	8	450	340
19302	19026	1	170	380
19302	19027	2	650	180
19303	19027	1	650	180
19303	19026	2	170	380
19401	15215	1	1390	660
19401	15215	2	1410	640
19401	38035	3	1190	860
19401	38032	4	1430	900
19401	38032	5	1270	940
19401	38032	6	1550	860
19401	38032	7	1490	1020
19401	27092	8	890	820
19401	27093	9	850	800
19401	40056	10	970	760
19411	14407	1	1310	460
19411	14408	2	1230	500
19411	38032	3	830	1000
19412	14393	1	1290	260
19412	11047	2	1010	140
19412	11034	3	950	180
19412	14032	4	870	340
19412	14184	5	950	380
19413	11034	1	1230	400
19413	11047	2	1190	340
19413	17155	3	1070	360
19413	17300	4	1250	80
19413	11128	5	1090	380
19413	11061	6	1110	340
19506	35012	1	330	320
19506	15103	2	550	320
19509	27056	1	1230	1340
19511	14407	1	1210	1160
19511	14408	2	1290	1160
19512	15171	1	430	180
19512	27015	2	350	160
19512	27015	3	510	200
19512	35022	4	370	420
19513	15136	1	1490	1000
19513	28014	2	1390	960
19513	38032	3	510	2320
19523	11034	1	270	300
19523	11047	2	190	300
19523	14393	3	410	400
19523	14486	4	410	440
19523	14484	5	450	400
19525	35017	1	230	380
19525	35011	2	270	300
19528	17273	1	510	400
19528	35023	2	310	340
19530	14407	1	370	1540
19530	14408	2	550	1500
19530	15044	3	410	1800
19530	15084	4	470	1780
19530	15056	5	530	1800
19530	15056	6	490	1860
19530	15056	7	410	1860
19530	20002	8	2110	1840
19531	14393	1	2090	1460
19531	14406	2	2110	1520
19531	18006	3	2010	1500
19531	18006	4	2190	1460
19531	15056	5	1970	1700
19531	15056	6	2290	1680
19531	15056	7	2250	1700
19531	15056	8	2190	1720
19531	15056	9	2090	1720
19531	15056	10	2010	1720
19532	27160	1	410	240
19532	27160	2	470	260
19532	27160	3	530	260
19532	27160	4	570	240
19532	27160	5	610	200
19533	27157	1	370	800
19533	27157	2	370	800
19533	27160	3	30	80
19533	27159	4	270	800
19533	27157	5	2410	260
19533	27160	6	2270	380
19533	27160	7	2250	420
19533	27160	8	1210	740
19533	27160	9	1250	780
19533	27160	10	1290	740
19533	27157	11	1250	580
19533	27157	12	1230	1820
19533	27160	13	1170	1960
19533	27160	14	1210	1980
19533	27160	15	1270	1980
19533	27160	16	1310	1960
19534	27160	1	190	320
19534	27157	2	170	240
19541	25073	1	1530	1820
19541	25073	2	1470	1860
19541	25073	3	1030	340
19541	25073	4	1130	260
19541	25073	5	1090	1580
19543	25074	1	310	220
19543	25074	2	210	300
19543	25074	3	2330	480
19543	25074	4	2250	520
19543	25074	5	1970	880
19543	25074	6	1890	1120
19543	25074	7	1390	920
19543	25074	8	210	940
19543	25074	9	290	860
19544	25075	1	570	220
19544	25075	2	650	280
19544	25075	3	1110	940
19544	25075	4	310	860
19544	25075	5	210	940
19544	25075	6	570	1520
19544	25075	7	230	1840
19544	25075	8	2310	1520
19544	25075	9	2290	880
19545	25075	1	1330	1700
19545	25075	2	1310	320
19547	25075	1	310	240
19547	25075	2	570	560
19547	25073	3	230	300
19547	25073	4	1510	200
19547	25073	5	2250	880
19547	25075	6	2310	920
19547	25075	7	550	1200
19547	25073	8	590	1120
19547	25073	9	310	860
19548	25074	1	630	240
19548	25074	2	210	440
19548	25074	3	650	1560
19548	25074	4	190	1820
19548	25074	5	1130	220
19548	25074	6	1030	320
19550	25076	1	290	880
19550	25076	2	170	1000
19550	25076	3	670	1560
19550	25076	4	1470	260
19550	25076	5	1050	1840
19551	25076	1	570	860
19551	25076	2	210	960
19551	25076	3	570	1520
19551	25076	4	230	1840
19551	25076	5	1930	1800
19551	25076	6	2310	1520
19551	25076	7	250	920
19801	17153	1	1030	900
19801	17153	2	1850	500
19801	17152	3	1330	520
19801	17152	4	590	1020
19801	17153	5	950	1360
19801	17152	6	1550	1020
19801	17371	7	1630	1640
19802	17083	1	1050	2000
19802	17117	2	570	2020
19802	17083	3	590	1540
19802	17117	4	1090	1560
19802	17083	5	1070	1160
19802	17117	6	610	1060
19802	17024	7	350	420
19802	17024	8	430	340
19802	17273	9	670	340
19802	17139	10	750	300
19802	17139	11	750	400
19811	17281	1	2470	2080
19811	17282	2	2690	1260
19811	17281	3	2770	800
19811	17282	4	2390	460
19811	17281	5	2210	1040
19811	17282	6	1850	520
19811	17281	7	1170	560
19811	17282	8	1630	1140
19811	17282	9	630	880
19811	17281	10	1050	1560
19811	17282	11	610	2020
19812	17283	1	610	460
19812	17284	2	1050	460
19812	17283	3	930	860
19812	17284	4	570	1060
19821	17291	1	590	440
19821	17291	2	1170	1020
19821	17292	3	990	1260
19821	17292	4	550	1700
19821	17292	5	850	1700
19821	17291	6	1130	2040
19821	17291	7	450	780
19821	17292	8	510	1040
19821	15325	9	870	320
19822	28024	1	2670	440
19822	28024	2	1770	780
19822	28024	3	1230	840
19822	28024	4	610	460
19822	28024	5	570	1360
19822	28024	6	2130	840
19831	17293	1	1330	500
19831	17293	2	1830	540
19831	17293	3	1150	1700
19831	17294	4	1850	1500
19831	17294	5	1650	2000
19832	28026	1	750	460
19832	28026	2	990	720
19832	28026	3	1930	780
19851	17300	1	530	780
19851	17300	2	1470	760
19851	17301	3	2050	740
19851	17301	4	1750	440
19851	14393	5	2510	280
19851	11034	6	2650	340
19851	14407	7	2750	320
19851	14408	8	2690	400
19852	17302	1	1610	800
19852	17303	2	2010	800
19852	14291	3	250	300
19852	14177	4	430	280
19852	14384	5	430	360
19861	17289	1	490	800
19861	17290	2	1110	420
20001	15158	1	110	600
20001	16013	2	210	560
20001	17390	3	390	540
20001	17390	4	570	480
20001	17391	5	330	560
20001	15328	6	730	400
20003	16017	1	690	400
20003	14200	2	150	520
20003	14009	3	150	580
20011	15158	1	310	620
20011	16005	2	630	480
20012	16021	1	590	100
20012	17370	2	230	260
20012	17370	3	390	220
20012	15187	4	410	400
20012	15129	5	750	120
20021	16005	1	210	360
20021	15158	2	970	260
20021	16017	3	1730	340
20021	15211	4	1230	440
20021	16042	5	1810	380
20031	17382	1	550	400
20031	17382	2	690	360
20031	17383	3	530	660
20031	15158	4	1150	340
20031	14259	5	950	200
20101	11105	1	290	360
20101	11080	2	330	320
20101	11010	3	490	440
20102	11049	1	510	320
20102	11047	2	590	340
20102	15305	3	550	480
20131	20001	1	250	320
20131	14498	2	370	340
20132	11064	1	470	300
20132	20001	2	610	300
20133	20001	1	590	320
20133	15170	2	470	320
20171	11103	1	470	360
20172	15245	1	410	300
20172	14200	2	330	100
20172	14114	3	310	480
20173	12066	1	370	320
20173	15065	2	530	440
20174	14487	1	350	380
20174	20001	2	170	440
20175	14504	1	330	500
20175	14487	2	230	520
20175	14505	3	270	460
20175	14406	4	330	440
20176	20001	1	570	340
20177	20001	1	670	460
20177	14101	2	490	380
20178	14200	1	510	340
20178	15287	2	270	520
20201	16003	1	310	340
20221	16007	1	290	320
20241	16001	1	370	400
20241	14201	2	550	420
20241	17338	3	290	540
20241	10192	4	310	520
20242	16018	1	490	400
20242	15117	2	250	440
20242	17370	3	550	540
20261	16011	1	410	240
20281	16006	1	690	260
20281	15186	2	430	440
20281	15134	3	550	500
20281	20001	4	850	300
20281	12017	5	490	420
20281	17066	6	830	520
20301	14185	1	270	320
20301	14449	2	510	320
20301	17391	3	590	360
20301	17391	4	690	400
20301	17391	5	350	480
20301	17391	6	450	520
20301	20001	7	170	400
20301	14009	8	250	440
20302	17370	1	670	400
20302	17370	2	590	360
20302	14459	3	510	340
20302	14460	4	270	440
20302	17370	5	350	480
20302	17370	6	450	520
20302	14457	7	290	340
20402	11101	1	130	440
20402	11045	2	230	340
20411	38148	1	510	360
20413	11120	1	410	320
20414	20001	1	590	320
20414	11010	2	670	380
20414	11120	3	430	300
20414	11034	4	250	400
20502	24001	1	1430	1580
20505	14021	1	430	1180
20505	11029	2	610	1080
20505	11048	3	430	960
20505	14002	4	530	1000
20505	14091	5	330	1000
20505	14119	6	250	1080
20507	10056	1	2270	1560
20507	14185	2	2270	1720
20507	11106	3	2030	1540
20511	25091	1	1130	220
20511	25091	2	1090	260
20511	25091	3	1390	940
20511	20002	4	1030	360
20511	25091	5	1390	1720
20511	25091	6	2250	2160
20511	25091	7	2290	2200
20511	25091	8	1930	2440
20511	25092	9	1010	3060
20511	25092	10	1070	3100
20511	25092	11	1970	880
20511	25092	12	2010	900
20511	20001	13	2310	1160
20511	20001	14	2290	1520
20512	25091	1	1350	960
20512	25091	2	1130	260
20512	25091	3	1110	300
20512	25092	4	1170	280
20512	25092	5	1050	460
20512	25092	6	1490	1560
20512	25092	7	1470	1600
20512	25092	8	1050	1800
20512	25093	9	1930	1560
20512	25093	10	1890	1600
20512	25093	11	1890	1840
20512	25093	12	1990	260
20512	25093	13	1930	320
20512	25093	14	2310	460
20513	25091	1	2310	1620
20513	25091	2	2270	1580
20513	25091	3	1870	1840
20513	25091	4	2170	1120
20513	25092	5	2190	1140
20513	25092	6	1970	280
20513	25092	7	1930	320
20513	25092	8	2290	460
20513	25093	9	1150	280
20513	25093	10	1090	340
20513	25093	11	1130	1580
20513	25093	12	1090	1620
20513	25093	13	1490	1840
20514	25094	1	1110	1580
20514	25094	2	1070	1620
20514	25094	3	1490	1840
20514	25094	4	2350	1840
20514	25094	5	1950	1560
20514	25094	6	1910	1600
20514	25095	7	1970	280
20514	25095	8	1910	340
20514	25095	9	1130	280
20514	20002	10	2250	300
20514	25095	11	3950	1540
20514	25095	12	3590	1820
20514	25095	13	3950	260
20514	25095	14	3910	300
20515	25094	1	1150	260
20515	25094	2	1090	320
20515	25094	3	1050	460
20515	25094	4	1350	960
20515	25094	5	1490	1580
20515	25094	6	1470	1600
20515	25095	7	1510	1860
20515	25095	8	1470	1840
20515	25095	9	1070	1580
20515	25094	10	1950	1560
20515	25094	11	1910	1600
20515	25094	12	2330	1840
20515	25094	13	1970	280
20515	25094	14	1930	320
20515	25094	15	2290	460
20515	25094	16	2850	1720
20515	20002	17	1450	300
20522	24001	1	530	200
20523	20002	1	270	900
20523	20001	2	3970	880
20523	14196	3	250	1200
20523	14579	4	3630	880
20523	14589	5	3730	1000
20523	14580	6	3570	960
20523	14535	7	3810	920
20523	14530	8	3750	880
20525	20001	1	1490	1180
20525	20002	2	1910	1160
20525	10108	3	2370	1200
20525	14009	4	2210	1020
20525	14196	5	2150	1160
20526	20001	1	1470	280
20527	10106	1	610	220
20527	14111	2	450	360
20528	20002	1	290	260
20528	17386	2	370	280
20528	14504	3	470	260
20528	14505	4	530	280
20528	14009	5	310	360
20528	14157	6	510	460
20529	10018	1	590	280
20529	22044	2	330	220
20529	10192	3	530	340
20529	14581	4	490	940
20529	14533	5	370	940
20529	14534	6	530	1040
20529	14529	7	330	1040
20529	14589	8	450	1180
20529	11036	9	430	1000
20529	14590	10	330	1160
20545	15045	1	270	160
20801	17388	1	730	500
20801	17389	2	630	1120
20801	17388	3	1570	600
20801	17389	4	2190	560
20801	17388	5	2950	600
20801	17389	6	1210	1280
20801	17388	7	1910	1220
20801	17389	8	2550	1040
20801	17388	9	990	1660
20801	17389	10	590	2120
20801	17388	11	1330	2100
20801	17389	12	3470	820
20801	17388	13	3570	1480
20801	17389	14	3170	2120
20801	17388	15	2610	1760
20801	17389	16	1890	1840
20802	46071	1	2790	700
20802	46071	2	570	600
20802	46071	3	1490	840
20802	46072	4	1010	820
20802	46072	5	2290	600
20802	46072	6	1910	620
20811	17372	1	1110	2160
20811	17373	2	530	2100
20811	17372	3	530	1540
20811	17373	4	1150	1560
20811	17373	5	590	1020
20811	17372	6	1110	1000
20812	17374	1	1850	720
20812	17375	2	1370	620
20812	17374	3	910	600
20812	17375	4	530	940
20812	17374	5	1090	1040
20812	17375	6	1350	1480
20812	17374	7	1790	1180
20812	17146	8	2130	400
20812	11106	9	2210	420
20812	14085	10	2190	360
20812	14188	11	2270	400
20812	11118	12	350	1360
20812	14185	13	310	1480
20821	17376	1	590	920
20821	17377	2	990	600
20821	17376	3	1910	700
20821	17377	4	2890	680
20821	17376	5	2370	900
20822	17378	1	1950	2160
20822	17378	2	1350	2120
20822	17379	3	1590	1660
20822	17379	4	910	1380
20822	17378	5	610	1780
20822	17378	6	550	940
20822	17379	7	950	600
20822	17379	8	1970	620
20822	14079	9	490	520
20822	14187	10	590	460
20822	14111	11	390	580
20822	14237	12	590	560
20822	14450	13	490	620
20831	17370	1	510	600
20831	17371	2	1030	920
20831	17370	3	1270	520
20831	17371	4	1670	880
20831	17370	5	2110	520
20831	17371	6	2450	900
20831	17370	7	2790	540
20831	17371	8	3110	880
20831	17151	9	3430	540
20831	14460	10	3410	460
20831	11118	11	3490	500
20831	14459	12	3450	480
20831	14458	13	3390	500
20831	12017	14	3530	520
20831	17151	15	3550	620
20831	17054	16	310	1040
20831	14185	17	250	1060
20831	11064	18	410	980
20831	12017	19	470	1020
20841	17382	1	590	920
20841	17383	2	970	580
20841	17382	3	1850	900
20841	17383	4	2390	900
20841	17382	5	2790	520
20841	17383	6	3170	900
20842	17384	1	690	540
20842	17385	2	990	900
20842	17384	3	1750	900
20842	17385	4	2050	500
20842	17384	5	2930	500
20842	17385	6	2770	940
20843	46069	1	790	560
20843	46069	2	2090	540
20843	46070	3	1790	580
20843	46070	4	550	860
20851	10043	1	530	780
20851	10044	2	1090	1000
20851	10043	3	590	1380
20851	10044	4	1070	1620
20852	10162	1	2270	900
20853	10122	1	610	900
20853	10123	2	910	580
20853	10122	3	2050	540
20853	10123	4	1690	880
20853	10123	5	2890	560
20853	10122	6	2770	940
20854	46065	1	550	560
20854	46065	2	1050	760
20854	46065	3	490	1460
20854	46066	4	550	920
20854	46066	5	1050	1140
20854	46066	6	870	1520
20861	17380	1	1010	660
20861	17381	2	570	1000
20861	17380	3	630	1620
20861	17381	4	950	2140
20861	17380	5	1230	1220
20861	17381	6	2550	1160
20861	17380	7	2210	2060
20861	17381	8	2830	1580
20861	17380	9	1930	1300
20861	17381	10	1570	1860
20861	17066	11	510	420
20861	14256	12	430	400
20861	12028	13	390	460
20861	17358	14	2790	2420
20861	14185	15	2850	2480
20861	14487	16	3050	2300
20861	11101	17	3030	2020
20862	46067	1	530	580
20862	46067	2	930	940
20862	46067	3	2090	540
20862	46068	4	2070	860
20862	46068	5	930	600
20862	46068	6	1770	940
20871	14114	1	290	1000
20871	18014	2	1230	820
20871	18015	3	450	500
20871	18014	4	850	580
20871	14009	5	250	1040
20871	15305	6	1470	320
20871	11049	7	1290	300
21000	16062	1	30	80
21000	16070	2	70	80
21000	16068	3	110	80
21001	17365	1	390	540
21001	17365	2	590	480
21001	17340	3	330	580
21001	18005	4	290	800
21001	15212	5	350	820
21001	24003	6	750	400
21001	15211	7	790	440
21001	15181	8	750	460
21001	15195	9	850	440
21001	15178	10	810	480
21001	12040	11	410	600
21001	11003	12	650	440
21001	13014	13	770	640
21001	13025	14	810	620
21001	13044	15	750	680
21001	14084	16	630	580
21001	17365	17	570	580
21001	17365	18	530	600
21001	13044	19	850	620
21002	17365	1	950	1480
21002	17340	2	1050	1460
21002	17365	3	1070	1500
21002	17365	4	990	1460
21002	17365	5	1030	1520
21002	15158	6	110	360
21002	15189	7	1230	200
21002	15185	8	1170	240
21002	15188	9	1270	260
21002	16017	10	1810	1180
21002	15206	11	390	1260
21002	15198	12	310	1280
21002	15196	13	450	1320
21002	15199	14	390	1380
21002	12004	15	1650	120
21002	12060	16	1590	100
21002	15111	17	50	420
21002	16005	18	1710	1160
21002	17291	19	1250	700
21002	28003	20	1250	620
21002	28014	21	1210	640
21002	28015	22	1170	660
21002	28016	23	1130	680
21002	30002	24	1070	380
21002	15168	25	1450	540
21002	16019	26	1090	500
21002	24003	27	1910	260
21002	15120	28	970	700
21002	15119	29	1010	800
21002	15120	30	1030	560
21002	15120	31	930	640
21002	15120	32	970	580
21002	15104	33	1250	860
21002	15107	34	1390	740
21002	15109	35	1290	440
21002	15265	36	1330	500
21002	15264	37	1390	500
21002	15104	38	1170	860
21002	15263	39	1110	800
21002	15104	40	1370	800
21002	15104	41	1310	880
21002	15104	42	1210	880
21002	30002	43	1210	380
21002	15262	44	1430	640
21002	14114	45	1470	760
21002	18003	46	1550	780
21002	17365	47	90	520
21002	17365	48	70	560
21002	17365	49	130	500
21002	14231	50	1470	600
21002	14232	51	1510	640
21002	15104	52	1390	840
21002	15104	53	1330	840
21002	11003	54	1770	140
21002	14469	55	1790	180
21002	14470	56	1810	220
21002	14084	57	1730	180
21002	12033	58	1530	180
21002	18010	59	1490	200
21002	14679	60	1630	660
21002	38134	61	610	920
21002	20006	62	50	380
21003	14114	1	370	380
21003	18001	2	290	360
21003	16019	3	230	580
21003	15182	4	630	560
21003	15184	5	750	540
21003	15183	6	810	580
21003	17340	7	910	360
21003	15161	8	1010	420
21004	17365	1	510	360
21004	17365	2	670	360
21004	17340	3	730	380
21004	11047	4	790	360
21004	14084	5	870	380
21004	14468	6	830	400
21004	14466	7	910	400
21004	14472	8	950	420
21004	17464	9	950	380
21004	17464	10	990	400
21004	11025	11	690	460
21004	11071	12	1190	380
21004	11173	13	1130	340
21004	12024	14	1010	340
21011	15158	1	130	420
21011	17330	2	370	480
21011	13005	3	710	600
21011	17330	4	590	540
21011	17330	5	310	500
21011	17330	6	510	560
21011	11154	7	530	660
21011	11060	8	590	640
21011	11066	9	490	700
21011	12027	10	470	480
21011	13009	11	310	540
21011	13030	12	350	580
21011	13017	13	250	540
21011	13001	14	290	580
21011	12027	15	330	420
21011	17331	16	270	400
21011	13011	17	150	600
21011	12001	18	290	680
21011	12043	19	330	700
21011	12041	20	370	720
21011	12027	21	330	640
21011	12020	22	370	660
21011	12022	23	410	680
21011	12033	24	290	740
21011	12092	25	170	760
21011	12124	26	330	700
21011	12018	27	170	760
21011	13028	28	770	580
21011	13044	29	610	680
21011	17731	30	670	660
21012	16017	1	1210	560
21012	16013	2	850	660
21012	15140	3	1130	420
21012	15207	4	930	780
21012	17331	5	170	660
21012	12020	6	250	640
21012	12089	7	290	780
21012	12090	8	210	800
21012	17731	9	930	780
21012	17731	10	590	660
21012	17731	11	850	760
21013	15038	1	910	440
21013	12077	2	310	300
21013	24005	3	410	400
21013	15131	4	470	420
21013	19028	5	290	400
21013	17330	6	250	360
21013	17330	7	230	420
21013	17731	8	910	440
21014	12011	1	410	560
21014	12016	2	750	640
21014	12043	3	770	340
21014	12042	4	870	420
21014	17330	5	310	660
21014	17330	6	370	680
21014	17330	7	250	640
21014	17330	8	250	720
21014	17330	9	190	700
21014	17330	10	310	740
21014	17330	11	130	760
21014	17330	12	190	780
21014	17330	13	250	800
21014	17330	14	570	800
21014	17330	15	630	820
21014	17330	16	690	840
21014	17330	17	610	740
21014	17330	18	730	780
21014	17330	19	670	760
21014	17330	20	510	860
21014	17330	21	570	880
21014	17330	22	630	900
21014	10054	23	670	360
21014	12113	24	670	460
21014	13107	25	630	460
21014	13029	26	790	440
21014	12096	27	670	460
21014	12070	28	750	440
21014	12038	29	790	440
21014	12015	30	530	600
21014	12004	31	590	620
21015	12038	1	430	460
21016	13038	1	650	300
21016	13094	2	710	320
21016	13095	3	590	280
21016	13111	4	730	400
21016	12124	5	690	260
21021	15158	1	610	240
21021	15169	2	1190	560
21021	15194	3	490	440
21021	17364	4	930	340
21021	17364	5	1090	360
21021	12056	6	330	380
21021	12033	7	270	380
21021	12001	8	390	380
21021	15186	9	1410	400
21021	15080	10	1370	360
21021	15037	11	1470	400
21021	15286	12	1450	460
21021	15103	13	150	780
21021	12020	14	290	880
21021	12011	15	350	880
21021	12016	16	310	940
21021	11036	17	130	880
21021	40078	18	310	780
21021	40078	19	270	820
21021	40078	20	270	840
21021	40078	21	230	840
21021	40078	22	190	860
21021	15020	23	370	940
21021	15086	24	370	980
21021	15080	25	410	960
21021	40078	26	230	880
21021	40078	27	310	820
21021	40078	28	170	880
21021	12165	29	330	920
21021	14488	30	390	840
21021	40081	31	30	80
21031	16043	1	410	860
21031	19054	2	310	220
21042	12058	1	830	420
21042	12001	2	550	380
21042	15284	3	590	340
21042	12033	4	650	420
21042	12020	5	710	460
21042	12043	6	630	480
21042	15295	7	610	420
21043	12001	1	290	340
21043	12058	2	270	480
21043	12033	3	390	380
21043	12043	4	470	360
21043	12020	5	490	420
21051	12043	1	1110	980
21051	12042	2	1170	960
21051	12032	3	1230	940
21051	12011	4	1070	1080
21051	12016	5	1290	960
21051	13029	6	1350	1060
21051	12003	7	1090	1040
21101	14465	1	350	300
21101	20001	2	250	320
21101	14410	3	450	300
21101	14411	4	270	340
21101	14412	5	270	400
21101	14413	6	470	360
21101	12001	7	530	420
21102	12064	1	330	300
21102	12059	2	410	320
21102	20001	3	190	320
21102	14235	4	350	460
21102	14235	5	410	440
21102	14235	6	470	420
21102	14235	7	530	400
21102	14235	8	590	380
21102	12033	9	470	420
21102	12020	10	430	440
21102	12043	11	530	400
21103	12089	1	430	300
21103	20001	2	290	440
21103	12090	3	330	300
21104	12022	1	510	300
21104	20001	2	530	440
21105	12054	1	430	380
21105	12033	2	330	400
21105	12041	3	510	400
21105	11025	4	290	420
21106	11036	1	470	320
21106	11047	2	350	320
21106	11040	3	550	340
21106	11005	4	570	380
21106	17368	5	530	460
21107	12033	1	330	360
21107	12001	2	470	320
21107	12031	3	570	420
21107	13006	4	510	400
21107	12027	5	450	460
21107	12055	6	330	440
21107	13030	7	570	360
21107	12041	8	430	380
21107	12061	9	250	360
21107	12012	10	330	480
21107	12094	11	410	460
21108	12033	1	470	300
21108	12041	2	330	300
21108	12001	3	570	340
21108	12092	4	350	380
21131	12041	1	290	340
21132	12049	1	530	360
21132	12053	2	350	300
21132	20001	3	350	440
21133	15106	1	270	300
21133	20001	2	310	420
21133	15187	3	350	300
21133	17731	4	350	300
21134	17320	1	530	320
21134	17324	2	470	340
21134	17325	3	410	360
21134	17323	4	590	300
21135	12042	1	330	380
21135	12045	2	450	360
21135	12043	3	530	380
21136	12091	1	490	360
21138	12015	1	590	360
21138	17284	2	250	420
21171	12086	1	310	360
21172	15066	1	350	320
21173	12055	1	530	360
21173	20001	2	590	380
21173	12042	3	510	380
21174	20001	1	310	360
21174	15080	2	470	320
21175	15037	1	530	280
21175	12040	2	590	300
21175	15286	3	450	320
21175	12040	4	390	240
21176	12059	1	610	360
21176	12001	2	330	380
21176	22012	3	370	300
21177	15124	1	390	340
21201	16003	1	330	320
21201	16021	2	270	360
21221	16002	1	390	340
21222	16002	1	290	320
21241	16018	1	490	400
21241	16016	2	630	320
21241	15294	3	250	460
21241	15284	4	470	540
21242	16016	1	350	400
21261	16004	1	410	240
21262	16004	1	430	240
21281	16006	1	690	280
21281	15130	2	610	320
21281	15114	3	550	440
21281	15104	4	430	440
21281	15104	5	550	500
21281	15104	6	430	480
21281	15132	7	390	360
21281	11025	8	550	340
21281	12024	9	370	420
21282	16006	1	670	260
21282	14170	2	430	440
21282	14490	3	550	440
21282	12033	4	630	440
21282	12043	5	690	400
21282	12020	6	710	460
21301	14071	1	390	280
21301	14472	2	310	300
21301	14084	3	770	260
21301	14070	4	630	560
21301	14466	5	330	440
21301	11003	6	530	520
21301	14471	7	970	360
21301	14470	8	870	320
21301	14276	9	430	480
21301	14398	10	650	320
21301	14399	11	710	340
21301	14275	12	510	360
21301	13052	13	510	360
21301	11025	14	570	380
21302	12043	1	330	320
21302	12001	2	590	440
21302	12020	3	490	480
21302	12027	4	230	360
21302	12033	5	590	320
21302	13030	6	370	400
21302	14465	7	450	360
21302	12015	8	410	420
21302	12037	9	330	440
21302	12041	10	530	380
21302	12022	11	290	460
21302	12040	12	250	460
21302	17331	13	370	440
21303	12033	1	570	320
21303	12020	2	590	440
21303	12043	3	330	320
21303	12011	4	250	360
21303	12016	5	510	480
21303	12085	6	650	380
21303	17364	7	250	480
21303	18010	8	370	380
21303	12004	9	330	440
21303	11025	10	450	300
21303	15161	11	210	460
21303	12054	12	410	400
21303	12039	13	150	400
21303	12031	14	290	460
21303	12042	15	270	480
21303	12001	16	450	340
21303	14477	17	470	380
21304	12041	1	570	300
21304	12062	2	410	500
21304	17364	3	310	340
21304	17364	4	190	380
21304	12020	5	550	440
21304	15318	6	450	420
21304	15319	7	390	400
21401	13038	1	170	560
21401	13111	2	110	580
21401	12124	3	210	540
21401	12027	4	330	620
21401	13021	5	810	620
21411	11128	1	1290	460
21411	12020	2	2050	1080
21411	11034	3	1190	400
21411	11050	4	1130	420
21411	11047	5	1270	400
21411	17464	6	1810	960
21411	17464	7	1850	940
21411	17464	8	1770	980
21411	17464	9	1730	1000
21411	17464	10	1890	920
21411	11047	11	1870	1000
21411	11128	12	1910	980
21411	17015	13	1690	980
21411	17015	14	1730	960
21411	17015	15	1770	940
21411	17015	16	1810	920
21411	17015	17	1850	900
21411	17012	18	2270	1080
21411	12027	19	1890	1020
21411	12037	20	1810	1000
21411	12049	21	1870	960
21421	13130	1	30	80
21421	40070	2	910	860
21421	40070	3	1070	800
21421	40070	4	590	640
21421	40070	5	450	540
21422	12003	1	470	420
21422	13130	2	30	80
21422	13021	3	330	400
21423	12005	1	530	340
21423	12042	2	570	340
21423	13130	3	30	80
21423	40070	4	410	380
21423	40070	5	470	420
21432	15325	1	1330	480
21432	28051	2	1370	560
21432	28051	3	1410	520
21432	12165	4	1290	480
21432	40080	5	1570	80
21432	14488	6	1470	580
21432	40081	7	1530	80
21433	14488	1	430	260
21433	15020	2	570	400
21433	15086	3	630	360
21433	15080	4	570	460
21433	15325	5	630	420
21433	15199	6	690	400
21433	15186	7	570	360
21433	12165	8	570	340
21433	12042	9	570	380
21433	12011	10	630	340
21434	12087	1	550	360
21434	12001	2	610	420
21442	12085	1	1170	340
21442	17127	2	710	540
21442	12033	3	750	460
21442	18010	4	710	340
21442	14084	5	650	300
21442	14470	6	610	280
21442	14469	7	570	260
21442	12033	8	1070	400
21451	13030	1	650	260
21451	12043	2	450	380
21451	12011	3	410	400
21451	13005	4	470	440
21451	13003	5	350	360
21451	17316	6	430	460
21451	17316	7	510	420
21451	17316	8	350	420
21451	17316	9	350	460
21451	17316	10	290	420
21451	17316	11	390	340
21451	17316	12	310	380
21451	17316	13	390	480
21451	17316	14	430	320
21451	17316	15	550	400
21451	12043	16	230	480
21451	13030	17	270	460
21452	12042	1	890	660
21452	12016	2	1070	720
21452	13030	3	850	740
21452	12043	4	810	760
21452	13005	5	990	580
21452	13003	6	1190	640
21452	13030	7	1110	580
21452	13016	8	630	240
21452	13030	9	750	220
21452	13044	10	830	420
21452	13016	11	290	220
21452	13003	12	250	160
21452	13005	13	210	220
21452	13008	14	410	360
21452	13020	15	310	360
21452	13017	16	410	420
21452	13047	17	310	420
21452	13027	18	530	180
21452	13028	19	570	240
21501	12057	1	2250	820
21501	11124	2	2110	740
21501	11125	3	2050	760
21501	11126	4	2170	760
21502	24001	1	590	220
21503	11030	1	390	780
21503	17321	2	2310	820
21503	11111	3	2030	840
21503	11001	4	2110	960
21503	11020	5	2070	900
21503	11131	6	2010	880
21503	11121	7	2050	940
21504	24001	1	570	220
21506	11028	1	1910	180
21506	11020	2	2110	360
21506	11065	3	2090	460
21506	11071	4	1970	460
21506	11042	5	2230	380
21506	11021	6	2230	260
21506	20001	7	1910	1500
21506	11050	8	2030	200
21506	17015	9	2030	140
21506	17015	10	2070	160
21506	17015	11	2110	180
21506	12038	12	2010	320
21506	12030	13	1950	320
21506	12031	14	2050	280
21506	17320	15	1890	300
21506	17320	16	2090	220
21506	17015	17	1930	280
21508	12033	1	1430	800
21508	12020	2	1330	740
21508	12043	3	1470	880
21508	12014	4	1430	960
21508	12027	5	1070	860
21508	11028	6	1250	820
21508	11058	7	1210	760
21508	11014	8	1190	680
21508	11111	9	1150	820
21508	11088	10	1270	720
21509	11028	1	590	1040
21509	11029	2	530	820
21509	11031	3	410	840
21509	11048	4	370	780
21509	11083	5	310	900
21509	11067	6	310	820
21510	11016	1	2290	140
21512	14499	1	1230	180
21512	11036	2	3130	820
21512	20001	3	2270	300
21512	12060	4	1710	900
21512	12061	5	1690	960
21512	12062	6	1530	900
21512	12063	7	1550	960
21512	12043	8	1790	880
21512	12022	9	1450	880
21512	11001	10	1650	880
21521	11042	1	2290	860
21521	11036	2	2250	780
21522	24001	1	330	240
21522	12092	2	390	260
21525	15294	1	1150	200
21525	12001	2	1290	300
21525	28038	3	1150	200
21527	13003	1	1210	200
21527	14140	2	1130	280
21529	24001	1	2310	860
21529	12033	2	290	160
21529	12020	3	390	140
21529	12038	4	510	300
21529	12027	5	290	240
21529	12037	6	410	340
21529	12020	7	3090	1440
21529	11003	8	2890	1500
21529	11151	9	2950	1560
21533	12015	1	250	180
21533	11071	2	370	260
21533	11173	3	450	280
21533	12024	4	430	160
21533	11016	5	370	340
21533	11144	6	470	340
21533	11178	7	510	260
21534	11005	1	2310	1460
21536	11040	1	610	820
21536	13008	2	430	700
21536	13003	3	470	920
21536	11042	4	370	800
21536	17064	5	590	1020
21536	17064	6	470	1040
21536	17064	7	350	1020
21541	25100	1	1410	980
21541	25100	2	1350	940
21541	25102	3	850	960
21542	25100	1	570	220
21542	25100	2	610	260
21542	25103	3	210	500
21543	25100	1	1130	240
21543	25100	2	1090	300
21543	25103	3	1090	1560
21543	25103	4	1050	1600
21543	25103	5	1490	1840
21543	25103	6	1350	940
21543	20002	7	1430	300
21544	20002	1	590	240
21544	25100	2	310	220
21544	25100	3	250	260
21544	25100	4	630	520
21545	25100	1	570	1220
21545	25100	2	310	900
21545	25100	3	230	980
21545	25100	4	1110	260
21545	25100	5	1050	340
21545	25103	6	1030	1800
21545	25103	7	1090	1840
21545	25103	8	1090	1560
21545	25106	9	2310	1600
21545	25106	10	2270	1580
21545	25100	11	1970	260
21545	25100	12	1930	320
21545	25100	13	2310	460
21545	25100	14	1910	1860
21545	25100	15	1870	1800
21545	25100	16	1450	280
21546	25101	1	550	220
21546	25101	2	590	260
21546	20002	3	270	240
21546	25101	4	610	500
21547	25101	1	1370	460
21547	25101	2	1150	940
21547	25101	3	290	880
21547	25101	4	230	960
21547	25102	5	310	920
21547	25102	6	250	1180
21547	25102	7	2310	900
21547	25102	8	2250	880
21547	25102	9	1930	1160
21548	25101	1	290	200
21548	25101	2	250	260
21549	25101	1	550	940
21549	25101	2	1430	880
21549	25101	3	1470	920
21549	25101	4	1130	880
21549	25101	5	1470	1140
21549	25101	6	1150	1520
21549	25101	7	250	2180
21549	25101	8	230	2240
21549	25101	9	670	2460
21549	20002	10	250	2460
21550	25102	1	550	220
21550	25102	2	570	260
21550	25102	3	210	500
21551	25102	1	310	880
21551	25102	2	250	940
21551	25102	3	550	1180
21551	25102	4	1390	940
21551	25102	5	1970	880
21551	25102	6	2010	900
21551	20002	7	2290	900
21552	25102	1	250	220
21552	25102	2	630	500
21553	25102	1	630	280
21553	25102	2	590	240
21553	25102	3	210	440
21553	25102	4	1130	240
21553	25102	5	1050	320
21553	25104	6	650	1560
21553	25104	7	610	1540
21553	25102	8	670	1600
21553	25102	9	230	1820
21553	20002	10	290	280
21701	17228	1	730	480
21701	17228	2	930	500
21701	17228	3	930	360
21701	11073	4	670	520
21701	12043	5	610	560
21701	12033	6	670	560
21701	12001	7	710	540
21701	13017	8	790	480
21701	13001	9	870	480
21701	12027	10	650	560
21702	13010	1	530	660
21702	17229	2	490	620
21702	17229	3	450	580
21702	17229	4	410	540
21702	13005	5	1710	780
21702	13044	6	1710	1000
21702	13021	7	1630	840
21703	13025	1	490	300
21703	13025	2	390	220
21703	13025	3	310	80
21703	13034	4	370	380
21704	13003	1	370	420
21704	13045	2	650	480
21705	13041	1	390	280
21705	13041	2	710	460
21705	12001	3	550	340
21705	13030	4	470	360
21705	13066	5	150	520
21705	13009	6	190	580
21705	17229	7	90	600
21705	17229	8	90	520
21705	12001	9	390	580
21705	13030	10	450	640
21706	13027	1	1130	1360
21706	17110	2	1150	1420
21706	17110	3	1190	1400
21706	17110	4	1230	1380
21706	17110	5	1270	1360
21707	15311	1	950	360
21708	13034	1	570	340
21709	13032	1	230	280
21709	13008	2	630	300
21710	13001	1	710	560
21710	13005	2	630	380
21710	13017	3	710	380
21710	13021	4	550	400
21710	17229	5	590	680
21710	17229	6	670	660
21710	17229	7	830	620
21710	17229	8	750	640
21710	17229	9	910	600
21710	17229	10	650	740
21710	17229	11	730	720
21710	17229	12	810	700
21710	17229	13	890	680
21710	17229	14	970	660
21710	17229	15	870	760
21710	17229	16	790	780
21710	17229	17	710	800
21710	17229	18	950	740
21710	17229	19	1030	720
21710	13009	20	650	420
21710	13003	21	650	580
21710	13002	22	590	600
21710	13010	23	530	620
21710	13025	24	770	560
21710	13027	25	830	540
21710	13032	26	890	540
21710	13047	27	950	520
21710	17076	28	470	660
21711	17127	1	410	500
21711	17127	2	590	440
21712	12001	1	310	360
21712	17127	2	490	440
21712	13029	3	430	440
21712	13030	4	470	420
21712	13064	5	490	440
21713	17076	1	550	1340
21713	17076	2	510	1320
21713	17076	3	470	1300
21713	17076	4	430	1280
21713	17263	5	1090	1080
21713	13009	6	950	1000
21713	11073	7	890	1000
21713	17041	8	630	1100
21713	12001	9	1210	1180
21713	13002	10	870	1320
21713	17076	11	750	1380
21714	13009	1	670	380
21714	11073	2	570	440
21714	13025	3	390	480
21714	13030	4	590	320
21714	12001	5	550	380
21714	13009	6	750	400
21715	13020	1	650	280
21715	13028	2	270	300
21716	13062	1	370	580
21716	17249	2	310	560
21716	17249	3	250	540
21717	13009	1	910	420
21717	13030	2	510	400
21717	13006	3	170	560
21717	13018	4	970	640
21717	13004	5	770	740
21717	13035	6	650	800
21717	11149	7	350	680
21717	13015	8	270	520
21717	17074	9	410	720
21717	13015	10	690	500
21717	11073	11	470	640
21717	13070	12	790	600
21717	12037	13	510	620
21717	12033	14	350	460
21717	12043	15	390	460
21717	13010	16	630	520
21717	13027	17	750	580
21717	13062	18	550	560
21717	13020	19	670	620
21717	17316	20	430	620
21717	17316	21	550	680
21717	14469	22	730	540
21717	14470	23	690	560
21717	13003	24	610	600
21717	13025	25	710	460
21717	12001	26	870	700
21717	12001	27	830	560
21717	17316	28	750	480
21717	13054	29	570	500
21717	13024	30	730	400
21717	13008	31	750	520
21717	13032	32	790	560
21717	13028	33	710	640
21717	12014	34	450	740
21718	13024	1	470	400
21718	13070	2	370	400
21718	13043	3	290	520
21718	13009	4	230	500
21719	13030	1	370	400
21719	17015	2	530	460
21720	13047	1	230	340
21722	13045	1	1190	820
21722	13045	2	1690	820
21722	13048	3	1350	740
21723	13029	1	470	420
21725	15271	1	650	320
21725	11073	2	570	280
21725	12041	3	310	300
21725	13015	4	830	480
21725	13060	5	790	480
21726	12041	1	410	360
21726	11073	2	530	420
21727	13042	1	150	860
21727	13042	2	230	880
21727	13042	3	310	900
21727	13042	4	390	920
21727	13042	5	470	940
21727	13042	6	550	960
21727	13042	7	630	980
21727	13043	8	110	920
21727	13043	9	190	940
21727	13043	10	270	960
21727	13043	11	350	980
21727	13043	12	430	1000
21727	13043	13	510	1020
21727	13043	14	590	1040
21727	13044	15	70	980
21727	13044	16	150	1000
21727	13044	17	230	1020
21727	13044	18	310	1040
21727	13044	19	390	1060
21727	13044	20	470	1080
21727	13044	21	550	1100
21727	12001	22	990	320
21731	12041	1	690	360
21731	11025	2	590	340
21732	11024	1	1170	820
21732	11014	2	1190	920
21732	17125	3	1290	920
21732	17125	4	1370	920
21732	17125	5	1450	920
21732	13020	6	1270	1020
21732	13027	7	1270	1140
21732	13010	8	1250	1080
21732	13062	9	1330	1040
21732	13063	10	1370	1080
21732	11154	11	1110	800
21732	15284	12	2050	940
21733	11034	1	350	400
21734	11060	1	490	400
21735	15299	1	270	400
21736	11066	1	650	220
21736	17147	2	910	340
21736	17147	3	330	440
21736	17147	4	410	480
21737	11071	1	990	640
21737	11016	2	3270	480
21737	17123	3	630	400
21737	17123	4	2830	660
21737	17123	5	2450	820
21737	17123	6	1270	620
21737	17123	7	1470	780
21737	15296	8	310	400
21738	14468	1	330	340
21738	14084	2	570	320
21739	11001	1	350	400
21739	11004	2	470	360
21740	14469	1	610	200
21740	14470	2	510	220
21742	11083	1	270	300
21742	11047	2	390	260
21742	12041	3	470	300
21743	11003	1	650	300
21743	11034	2	430	240
21743	17452	3	470	200
21743	12001	4	850	100
21743	13044	5	790	100
21743	11047	6	250	300
21743	11066	7	370	240
21743	11060	8	310	260
21744	17167	1	270	1700
21744	17167	2	450	1760
21744	11042	3	890	1260
21744	11031	4	970	740
21744	17167	5	1290	600
21744	17167	6	990	900
21744	17167	7	1090	1300
21744	17167	8	350	400
21744	15297	9	1230	420
21744	11073	10	990	460
21744	13032	11	790	1420
21744	13096	12	810	1360
21744	13029	13	890	1400
21744	13101	14	850	1380
21744	13017	15	770	1340
21744	11154	16	850	1220
21745	11025	1	450	340
21745	17266	2	510	460
21745	11114	3	470	440
21746	17147	1	310	360
21747	11021	1	890	500
21747	11072	2	510	720
21747	17064	3	510	960
21747	17064	4	750	840
21748	11116	1	510	380
21749	17189	1	210	500
21749	17189	2	390	520
21749	13024	3	410	440
21749	13008	4	370	420
21749	13019	5	470	420
21749	13005	6	330	440
21749	13030	7	430	400
21749	13016	8	270	540
21749	13021	9	210	540
21749	13009	10	310	560
21749	13002	11	170	560
21749	13003	12	350	600
21749	11154	13	130	520
21749	11031	14	90	560
21749	11113	15	410	580
21750	11041	1	1150	420
21750	11038	2	1310	500
21750	17155	3	1350	540
21750	17155	4	1390	580
21750	17155	5	1430	620
21750	13089	6	1250	700
21750	13070	7	1290	680
21750	13102	8	1330	660
21750	13047	9	1370	640
21750	13048	10	1210	720
21750	11154	11	1030	400
21752	15298	1	710	260
21753	11050	1	510	280
21754	11073	1	390	340
21755	11047	1	310	360
21755	13044	2	250	500
21755	11112	3	530	420
21755	13034	4	570	400
21755	11073	5	610	380
21755	11001	6	490	440
21755	11060	7	250	420
21755	11050	8	370	460
21756	11047	1	150	140
21756	11067	2	770	220
21756	11057	3	410	440
21756	11006	4	670	180
21756	11066	5	230	380
21756	11050	6	270	160
21756	11034	7	870	260
21756	11129	8	190	120
21756	15298	9	470	120
21756	15299	10	530	140
21756	15299	11	590	160
21756	15299	12	550	180
21756	15299	13	490	160
21756	11031	14	390	320
21756	11003	15	470	260
21756	14181	16	430	340
21756	12072	17	510	280
21756	11004	18	410	240
21756	11001	19	350	300
21756	11060	20	310	320
21756	11067	21	370	260
21756	13025	22	690	400
21756	13028	23	690	440
21756	13001	24	750	400
21756	11154	25	30	80
21756	13009	26	710	300
21756	13016	27	650	280
21756	15171	28	250	280
21756	15284	29	290	260
21757	11013	1	470	460
21757	17077	2	490	640
21757	17077	3	530	620
21757	17077	4	570	600
21757	17077	5	610	580
21757	17077	6	650	560
21757	17077	7	530	680
21757	17077	8	570	660
21757	17077	9	610	640
21757	17077	10	650	620
21757	17077	11	690	600
21757	11073	12	790	480
21757	11047	13	870	480
21757	12041	14	950	500
21758	11020	1	450	480
21758	11085	2	830	480
21758	17358	3	1090	600
21758	17358	4	190	700
21758	11073	5	350	440
21758	11047	6	690	480
21758	11034	7	650	500
21758	13025	8	410	440
21758	13016	9	350	480
21758	13009	10	310	500
21759	11047	1	370	280
21759	11025	2	870	320
21759	11060	3	770	280
21759	11073	4	430	500
21759	11066	5	330	460
21759	17349	6	850	460
21759	17349	7	850	540
21759	11065	8	530	540
21759	14084	9	490	400
21759	14468	10	590	340
21759	11073	11	410	380
21759	11006	12	630	580
21759	12041	13	630	360
21759	11001	14	630	400
21760	26005	1	1950	340
21760	26006	2	2030	1120
21760	26007	3	730	1440
21760	26008	4	390	860
21760	14469	5	1890	340
21760	14478	6	1970	1120
21760	14397	7	650	1440
21760	14084	8	330	860
21760	13006	9	330	940
21760	26009	10	470	840
21760	26004	11	510	920
21760	13003	12	550	960
21760	26001	13	470	960
21760	17062	14	510	1000
21761	12001	1	590	360
21761	13030	2	510	400
21761	13041	3	370	260
21761	13041	4	730	440
21762	12001	1	330	360
21762	13030	2	490	320
21762	13041	3	490	440
21763	13032	1	110	1920
21763	13008	2	170	1920
21763	11047	3	230	1920
21763	26010	4	1810	960
21763	26011	5	1770	980
21763	26012	6	1770	900
21763	26013	7	1710	940
21763	11013	8	290	1920
21763	11003	9	350	1920
21763	11071	10	410	1920
21763	11036	11	470	1920
21763	26014	12	330	1320
21763	26015	13	1870	240
21763	26016	14	1130	620
21763	26017	15	770	460
21763	26003	16	350	240
21763	11001	17	530	1920
21763	11083	18	50	1920
21771	13111	1	450	240
21771	13038	2	370	260
21771	13094	3	290	320
21771	13095	4	230	300
21771	12124	5	330	260
21771	12020	6	610	280
21771	12027	7	530	320
21771	12124	8	510	360
21801	17320	1	690	3120
21801	17321	2	1090	3140
21801	17320	3	530	2280
21801	17321	4	1150	2160
21801	17320	5	570	1640
21801	17321	6	1150	1480
21801	17320	7	610	1180
21801	17320	8	1170	720
21801	17322	9	830	1040
21801	11020	10	950	1040
21801	11016	11	1030	1140
21801	11085	12	990	1080
21801	11136	13	1010	1020
21801	11122	14	1050	1080
21802	17322	1	2790	560
21802	17323	2	2710	940
21802	17322	3	1850	560
21802	17323	4	1270	480
21802	17322	5	610	960
21802	17323	6	1170	940
21802	12057	7	190	240
21802	12001	8	270	200
21802	11111	9	410	220
21802	11085	10	430	280
21802	11136	11	470	340
21802	11020	12	370	260
21802	11001	13	390	320
21802	11016	14	430	380
21803	17324	1	710	2100
21803	17325	2	850	1400
21803	17325	3	1170	2100
21803	17324	4	730	1040
21803	17325	5	1150	900
21803	17324	6	610	1700
21803	14084	7	270	220
21803	13053	8	490	380
21803	13004	9	390	460
21803	13006	10	470	460
21804	46035	1	490	660
21804	46035	2	1090	2020
21804	46035	3	590	1420
21804	46036	4	1030	1220
21804	46036	5	1010	1640
21804	46036	6	570	1820
21806	17326	1	730	1480
21806	17326	2	1610	640
21806	17327	3	1790	1500
21806	17327	4	550	660
21806	17326	5	1030	1180
21807	14489	1	670	380
21807	11111	2	390	360
21807	11020	3	470	360
21807	11021	4	410	440
21807	11048	5	330	460
21807	11028	6	470	500
21807	12033	7	490	400
21807	12043	8	410	380
21807	12020	9	430	460
21808	14114	1	1370	1680
21808	18010	2	590	640
21808	18014	3	1090	620
21808	18014	4	1110	1200
21808	18014	5	650	1380
21808	18014	6	850	900
21808	14084	7	310	280
21808	11081	8	390	340
21808	14469	9	370	460
21808	14470	10	470	460
21808	14471	11	510	400
21808	14492	12	1370	300
21808	14491	13	1310	340
21808	12020	14	1210	420
21808	15092	15	1270	440
21808	18010	16	1230	480
21809	46075	1	2050	540
21809	46075	2	470	880
21809	46075	3	2570	920
21809	46076	4	1850	880
21809	46076	5	830	900
21809	46076	6	1030	560
21811	17035	1	1130	860
21811	17035	2	1410	420
21811	17036	3	530	700
21811	12043	4	170	1260
21811	12042	5	230	1260
21811	17364	6	130	1240
21811	17364	7	90	1180
21811	11178	8	290	1120
21811	17035	9	270	1060
21811	17036	10	350	1120
21812	17039	1	810	2060
21812	17039	2	1830	1580
21812	17039	3	2490	2020
21812	17040	4	850	960
21812	17040	5	1550	1200
21812	17040	6	1810	2020
21812	12042	7	2390	680
21812	15088	8	2390	680
21812	12042	9	2790	440
21812	12043	10	2810	500
21812	15088	11	2730	560
21812	12043	12	3210	260
21812	15088	13	3210	260
21812	17364	14	2870	520
21812	11024	15	2690	660
21812	11047	16	2630	600
21812	11036	17	2770	620
21812	11024	18	2310	900
21812	12011	19	2350	720
21812	12015	20	2390	740
21812	11024	21	2090	1200
21812	12016	22	2110	1040
21812	12004	23	2190	1060
21813	12043	1	490	400
21813	12042	2	390	380
21813	12001	3	310	420
21813	17364	4	330	480
21813	12004	5	550	460
21813	12016	6	490	500
21813	15088	7	410	420
21813	13021	8	410	480
21813	13044	9	410	520
21814	17010	1	2670	780
21814	17010	2	2010	840
21814	17033	3	2890	560
21814	17033	4	770	920
21814	17033	5	3010	920
21814	12043	6	3970	1240
21814	12042	7	3850	1180
21814	11077	8	3830	1160
21814	17069	9	3830	1100
21814	17069	10	3770	1140
21814	17069	11	3870	1080
21814	17069	12	3790	1120
21814	17069	13	3730	1180
21814	17069	14	3710	1220
21814	17364	15	3990	1260
21814	12042	16	3970	1280
21814	12042	17	1310	1020
21814	11024	18	1590	1020
21814	17033	19	1670	980
21814	17033	20	1670	1060
21814	12016	21	3490	460
21814	12042	22	3410	460
21814	11024	23	810	540
21814	12042	24	810	640
21814	11208	25	770	760
21814	11209	26	850	760
21814	17033	27	730	520
21814	17033	28	890	520
21814	12042	29	810	640
21814	12043	30	3550	1020
21814	12042	31	3550	1080
21814	17364	32	3610	1000
21814	17364	33	3610	1080
21814	17364	34	3570	1140
21814	11024	35	3370	1000
21814	17033	36	3310	1000
21814	17033	37	3310	1080
21814	17033	38	3250	1040
21814	11036	39	3370	1060
21815	11036	1	350	400
21815	11067	2	450	380
21815	11024	3	370	460
21816	17328	1	510	920
21816	17329	2	1130	560
21816	17328	3	990	940
21816	17329	4	1970	940
21817	46073	1	2450	740
21817	46073	2	1250	660
21817	46073	3	630	580
21817	46074	4	870	900
21817	46074	5	1690	820
21817	46074	6	2850	920
21818	12043	1	430	260
21818	12042	2	470	260
21818	12011	3	510	260
21818	19045	4	430	340
21818	17364	5	510	340
21819	11206	1	150	580
21819	11001	2	210	500
21819	11158	3	430	600
21819	11159	4	370	180
21819	11207	5	1010	320
21819	11077	6	1150	320
21819	12043	7	130	740
21819	12042	8	50	800
21819	12011	9	190	900
21819	17364	10	210	740
21819	17364	11	250	840
21819	11001	12	110	800
21819	11077	13	170	820
21820	46079	1	1490	640
21820	46079	2	2190	1260
21820	46079	3	970	1400
21820	46080	4	930	920
21820	46080	5	1550	1160
21820	46080	6	2690	1440
21821	17336	1	690	660
21821	17337	2	1150	580
21821	17487	3	1190	1120
21821	17487	4	1250	1120
21821	17487	5	1290	1080
21821	17365	6	1050	1180
21821	17365	7	1090	1220
21821	17365	8	1130	1260
21821	17365	9	1390	1020
21821	17365	10	1430	1060
21821	17365	11	1470	1100
21821	17365	12	1070	920
21821	17365	13	1110	900
21821	17365	14	1150	880
21821	17365	15	1190	860
21821	17365	16	1230	840
21821	17365	17	1030	940
21821	11011	18	1130	1020
21821	11012	19	1230	980
21821	11202	20	1170	980
21821	12031	21	1230	1080
21823	17338	1	3450	900
21823	17338	2	2610	640
21823	17339	3	3130	620
21823	17339	4	1210	860
21823	17340	5	1790	860
21823	17340	6	2990	920
21823	17341	7	3650	660
21823	17341	8	2330	880
21824	12031	1	370	400
21824	20001	2	450	320
21826	17396	1	490	940
21826	17397	2	1290	520
21826	17396	3	1490	920
21826	17397	4	2010	880
21827	12070	1	350	400
21831	17054	1	1010	580
21831	17058	2	470	740
21831	17054	3	1030	1580
21831	17058	4	1510	1320
21831	17054	5	1130	960
21831	17058	6	1970	960
21831	17321	7	330	280
21831	12037	8	290	220
21831	12014	9	230	240
21831	12039	10	350	200
21831	12033	11	410	340
21831	12064	12	350	380
21831	12042	13	450	300
21831	12066	14	310	360
21831	12059	15	490	360
21831	11137	16	270	320
21831	12020	17	430	260
21831	15124	18	750	1100
21831	12001	19	550	420
21831	11003	20	490	460
21831	12033	21	230	280
21831	12027	22	170	240
21832	17212	1	850	560
21832	17225	2	1050	960
21832	17212	3	1430	560
21832	17225	4	1770	720
21832	15124	5	2110	1040
21832	11124	6	2050	920
21832	11132	7	2090	840
21832	11133	8	1950	880
21832	12053	9	370	900
21832	11033	10	610	1100
21833	17064	1	450	780
21833	17072	2	1310	520
21833	17064	3	1490	920
21833	17072	4	2550	900
21833	17064	5	2910	500
21833	17072	6	3250	900
21833	17064	7	4030	560
21833	17072	8	4210	920
21833	17464	9	4710	340
21833	11047	10	4790	320
21833	11040	11	4810	420
21833	17464	12	4710	500
21833	17094	13	1950	700
21833	11125	14	1990	800
21833	11113	15	1810	700
21833	11031	16	1790	840
21834	46085	1	590	580
21834	46085	2	670	1440
21834	46085	3	1310	960
21834	46086	4	1810	780
21834	46086	5	610	980
21834	46086	6	1070	1540
21836	17392	1	510	860
21836	17393	2	470	2060
21836	17392	3	870	1760
21836	17393	4	1110	1200
21837	17394	1	590	780
21837	17395	2	1010	720
21837	17394	3	1490	640
21837	17395	4	1790	880
21837	17394	5	530	1500
21837	17395	6	2030	1600
21837	17395	7	1550	1620
21837	12043	8	2110	640
21837	12033	9	2250	740
21837	12001	10	2190	680
21837	11020	11	2030	700
21837	11060	12	2070	780
21837	12065	13	1930	800
21841	17043	1	2630	500
21841	17043	2	870	720
21841	17043	3	1810	1380
21841	17044	4	1650	800
21841	17044	5	750	380
21841	17044	6	630	1200
21842	11001	1	470	420
21844	17045	1	410	380
21844	17045	2	830	1640
21844	17045	3	1010	1240
21844	17048	4	570	1180
21844	17048	5	750	420
21844	17048	6	1330	700
21846	13012	1	510	320
21847	17607	1	670	760
21847	17608	2	1090	1000
21847	17607	3	1370	640
21847	17607	4	1930	860
21847	17608	5	2090	520
21847	17608	6	1590	980
21847	14275	7	330	300
21847	13012	8	470	500
21847	17351	9	630	360
21847	17351	10	210	440
21847	17351	11	690	400
21847	17351	12	210	520
21847	13014	13	490	540
21847	13024	14	550	560
21847	13025	15	490	600
21847	14275	16	2490	720
21847	14572	17	2410	640
21847	14572	18	2630	620
21847	14572	19	2510	900
21847	13012	20	2650	800
21848	46077	1	770	600
21848	46077	2	1590	900
21848	46077	3	2850	620
21848	46078	4	2430	520
21848	46078	5	1230	520
21848	46078	6	450	960
21851	17350	1	830	860
21851	17351	2	1130	1500
21852	17352	1	750	760
21852	17352	2	1190	1860
21852	17352	3	2590	1520
21852	17353	4	2530	2100
21852	17353	5	1830	1260
21852	17353	6	1330	620
21853	12117	1	430	300
21855	17354	1	790	640
21855	17354	2	750	1460
21855	17354	3	2330	1460
21855	17354	4	2350	580
21855	17355	5	1430	1160
21855	17355	6	690	980
21855	17355	7	1870	1460
21856	12022	1	350	400
21856	20001	2	430	320
21857	12033	1	670	340
21857	12005	2	510	380
21857	20001	3	750	400
21861	17356	1	990	900
21861	17356	2	1730	560
21861	17356	3	2870	540
21861	17357	4	1350	560
21861	17357	5	1610	920
21861	17357	6	3250	860
21861	17356	7	3710	540
21861	17357	8	4510	900
21861	11024	9	4730	260
21861	11031	10	4810	280
21861	11154	11	4610	300
21861	12027	12	4610	560
21861	17196	13	4690	620
21861	17196	14	4510	580
21861	11050	15	2230	380
21861	11154	16	2370	420
21861	11066	17	2150	360
21861	12020	18	1990	600
21861	17452	19	1930	580
21861	17452	20	2050	620
21862	17358	1	530	760
21862	17359	2	950	900
21862	17358	3	1250	500
21862	17359	4	1670	840
21862	17358	5	2110	520
21862	17359	6	2470	860
21862	17358	7	2890	560
21862	17364	8	250	320
21862	12001	9	310	320
21862	12033	10	210	280
21862	13009	11	470	480
21862	13017	12	530	500
21862	13001	13	470	520
21862	12020	14	390	560
21862	12043	15	390	420
21862	12022	16	590	420
21862	12040	17	610	560
21862	13024	18	3250	400
21862	13009	19	3170	360
21862	12001	20	3090	460
21862	12043	21	3030	500
21862	12040	22	3070	560
21862	12020	23	2990	460
21862	12027	24	2950	420
21863	17362	1	570	880
21863	17363	2	1290	520
21863	17362	3	2070	1000
21863	17363	4	1370	900
21863	15300	5	1910	440
21863	11154	6	2110	620
21864	17360	1	450	960
21864	17361	2	1310	540
21864	17360	3	1650	900
21864	17361	4	3270	580
21864	17360	5	3350	920
21864	17361	6	3630	600
21864	12043	7	2430	520
21864	12042	8	2350	560
21864	11154	9	2610	740
21864	11060	10	2530	780
21864	11034	11	2610	820
21864	12011	12	2490	920
21864	17468	13	2790	680
21864	17123	14	2550	840
21871	17344	1	650	1460
21871	17344	2	570	580
21871	17345	3	1010	1460
21871	17345	4	1230	540
21871	13008	5	1030	820
21871	13028	6	950	820
21871	12033	7	1370	780
21871	13038	8	1350	800
21871	13009	9	1170	720
21871	13043	10	1130	680
21871	12001	11	1330	880
21872	17346	1	570	2140
21872	17346	2	1950	2180
21872	17346	3	750	1160
21872	17347	4	1570	1260
21872	17347	5	1710	720
21872	17347	6	690	1600
21872	14394	7	410	980
21872	13003	8	390	1120
21872	13014	9	1270	1960
21872	13044	10	1310	1880
21872	13044	11	1350	1900
21872	13044	12	1390	1920
21872	13025	13	1170	1900
21872	13024	14	1210	1880
21872	13016	15	2290	380
21872	13030	16	2150	380
21872	13005	17	2090	420
21873	14062	1	390	400
21873	14473	2	310	420
21873	20001	3	450	340
21873	13003	4	430	480
21873	14473	5	370	460
21873	13003	6	570	360
21873	13016	7	510	380
21874	17348	1	670	1460
21874	17348	2	1330	660
21874	17348	3	2730	1480
21874	17349	4	2110	1120
21874	17349	5	1810	680
21874	17349	6	1550	1380
21874	17364	7	2990	920
21874	12001	8	2830	900
21874	12033	9	2890	940
21874	12020	10	2830	1020
21874	12038	11	2770	1080
21874	12043	12	2770	980
21874	12027	13	2710	1040
21874	12042	14	2670	1080
21874	12011	15	2730	1120
21874	14465	16	2710	940
21874	12040	17	3010	520
21874	13009	18	2850	720
21874	13025	19	2910	740
21874	13032	20	2790	700
21874	13001	21	2970	760
21874	13017	22	2730	680
21874	12043	23	3050	660
21874	12022	24	2730	560
21874	12001	25	2910	500
21875	12033	1	490	420
21875	14465	2	350	380
21875	12001	3	390	360
21875	13030	4	330	460
21875	17065	5	290	520
21875	12043	6	370	480
21875	12020	7	490	480
21875	12042	8	350	540
21875	12027	9	450	500
21875	12014	10	250	480
21875	13009	11	390	440
21875	12063	12	290	460
21876	46093	1	650	780
21876	46093	2	1110	720
21876	46093	3	1550	840
21876	46094	4	1910	620
21876	46094	5	2330	740
21876	46094	6	2770	820
21881	17330	1	610	2060
21881	17330	2	850	840
21881	17330	3	1130	2200
21881	17331	4	1170	740
21881	17331	5	570	1760
21881	17331	6	550	680
21881	11005	7	270	2000
21881	11040	8	310	1940
21881	13028	9	390	1980
21881	13017	10	330	2080
21881	12092	11	1130	400
21881	12001	12	1290	360
21881	12041	13	1330	400
21881	12033	14	1250	420
21882	17332	1	590	580
21882	17332	2	730	2040
21882	17332	3	1790	1620
21882	17333	4	1370	2000
21882	17333	5	1590	580
21882	17333	6	1970	980
21882	11036	7	1630	1100
21882	13009	8	1430	1100
21882	13047	9	1370	1040
21882	13020	10	1350	1160
21882	13010	11	2310	340
21882	11036	12	2190	540
21882	17333	13	1510	1020
21883	13009	1	350	400
21883	13030	2	450	380
21883	13024	3	550	520
21883	15302	4	310	460
21883	11036	5	970	760
21883	13086	6	510	520
21884	17334	1	1150	660
21884	17335	2	670	540
21884	11058	3	630	960
21885	46083	1	710	560
21885	46083	2	1230	580
21885	46083	3	2030	820
21885	46084	4	1630	640
21885	46083	5	710	940
21885	46084	6	1050	960
21891	17342	1	750	2040
21891	17342	2	1410	640
21891	17342	3	1970	1620
21891	17343	4	1210	2040
21891	17343	5	690	1640
21891	17343	6	1370	1660
21891	12043	7	2230	420
21891	12032	8	2250	480
21891	12042	9	2170	420
21891	13062	10	2350	340
21891	40053	11	2330	280
21891	40053	12	2410	360
21891	40053	13	350	480
21891	40053	14	470	480
21891	40053	15	530	480
21891	40053	16	410	480
21891	40053	17	570	580
21891	40053	18	510	580
21891	40053	19	450	580
21891	40053	20	390	580
21891	40053	21	330	800
21891	40053	22	390	800
21891	40053	23	510	800
21891	40053	24	570	800
21891	40053	25	490	400
21891	40053	26	470	360
21891	40053	27	410	400
21891	40053	28	330	380
21891	40053	29	370	700
21891	40053	30	430	700
21891	40053	31	490	700
21891	40053	32	550	700
21891	13001	33	390	320
21891	13001	34	650	500
21891	13001	35	450	800
21891	12042	36	130	240
21891	12016	37	210	180
21891	12042	38	270	480
21891	12043	39	2090	2080
21891	12042	40	2150	2120
21891	13028	41	1950	2080
21891	13044	42	1890	2040
21891	13044	43	1890	2100
21891	17364	44	2150	2040
21891	12043	45	370	2240
21891	12042	46	350	2160
21891	17364	47	430	2280
21891	13028	48	510	2120
21891	13032	49	390	2040
21891	13008	50	570	2280
21891	13044	51	510	2020
21891	13044	52	610	2160
21891	12043	53	1190	1180
21891	17364	54	1150	1140
21891	17364	55	1230	1140
21891	17364	56	1190	1240
21891	15207	57	1390	1160
21891	15038	58	1230	1360
21891	15106	59	1070	1000
21891	15187	60	1030	1020
21891	13028	61	1290	1280
21891	13001	62	1010	1260
21891	13017	63	1310	1060
21891	13044	64	1250	980
21891	13044	65	1410	1060
21891	12042	66	1230	1140
21891	12016	67	1150	1220
21891	13005	68	1190	1180
21892	46087	1	1070	1240
21892	46087	2	590	1620
21892	46087	3	1130	2120
21892	46088	4	1070	1660
21892	46088	5	690	2040
21892	46088	6	630	1180
21892	12043	7	190	2520
21892	12042	8	190	2560
21892	12032	9	130	2520
21892	13027	10	310	2420
21892	40053	11	310	2360
21892	40053	12	370	2400
21892	12042	13	390	440
21892	12043	14	450	420
21892	12032	15	510	500
21892	40053	16	50	400
21892	40053	17	70	440
21892	40053	18	90	480
21892	40053	19	110	520
21892	40053	20	130	540
21892	40053	21	750	320
21892	40053	22	790	340
21892	40053	23	910	400
21892	40053	24	870	380
21892	40053	25	830	360
21892	40053	26	370	200
21892	40053	27	410	180
21892	40053	28	450	160
21892	40053	29	490	140
21892	40053	30	330	180
21892	40053	31	290	700
21892	40053	32	330	720
21892	40053	33	370	760
21892	40053	34	410	800
21892	40053	35	70	240
21892	40053	36	110	220
21892	40053	37	150	200
21892	40053	38	190	180
21892	40053	39	230	160
21892	40053	40	270	140
21892	40053	41	550	220
21892	40053	42	590	240
21892	40053	43	630	260
21892	40053	44	670	280
21892	40053	45	710	300
21892	40053	46	530	740
21892	40053	47	570	720
21892	40053	48	610	700
21892	40053	49	650	680
21892	40053	50	690	660
21892	40053	51	730	640
21892	40053	52	510	820
21892	40053	53	550	800
21892	40053	54	590	780
21892	40053	55	630	760
21892	40053	56	670	740
21892	40053	57	710	720
21892	40053	58	750	700
21892	40053	59	790	680
21892	40053	60	830	660
21892	13005	61	570	540
21892	13001	62	550	600
21892	13062	63	630	560
21892	13027	64	830	460
21892	12135	65	610	320
21896	12031	1	1070	1040
21896	17487	2	930	980
21896	17487	3	990	1100
21896	17487	4	930	1100
21896	17487	5	990	980
21896	17487	6	1050	1000
21896	17487	7	1050	1080
21896	17365	8	930	1040
21896	17365	9	1250	420
21896	17365	10	1370	420
21896	17487	11	1190	560
21896	17487	12	1230	580
21896	17487	13	1390	580
21896	17487	14	1430	560
21896	17487	15	1270	600
21896	17487	16	1350	600
21896	12031	17	1310	560
21896	12094	18	1310	460
21896	12094	19	330	320
21896	12031	20	410	400
21896	11024	21	430	300
21896	11028	22	270	400
21896	17365	23	270	480
21896	17365	24	230	420
21896	17365	25	190	360
21896	17365	26	230	300
21896	17365	27	290	260
21896	17365	28	350	240
21896	17365	29	450	220
21896	17365	30	510	260
21896	17365	31	570	300
21896	17487	32	330	440
21896	17487	33	370	460
21896	17487	34	430	460
21896	17487	35	470	440
21896	17487	36	490	400
21896	17487	37	470	360
21901	11203	1	1610	920
21901	11179	2	1610	1000
21901	11036	3	1670	860
21901	12043	4	1810	920
21901	11203	5	1850	1640
21901	11179	6	2090	1740
21901	11203	7	810	1140
21901	12016	8	830	1220
21902	11036	1	590	580
21902	11179	2	450	360
21902	11203	3	350	400
21902	17353	4	470	600
21902	12042	5	670	560
21903	12043	1	490	400
21903	12042	2	310	400
21903	12016	3	350	380
21903	12011	4	270	420
21903	12015	5	570	460
21903	12004	6	530	480
21903	12003	7	490	500
21903	17364	8	310	480
21903	12037	9	370	460
23001	17010	1	410	620
23001	17010	2	590	580
23001	16044	3	830	660
23001	13065	4	430	520
23001	15261	5	310	780
23002	15259	1	750	360
23002	15260	2	830	680
23002	15256	3	250	680
23002	15257	4	290	640
23002	17329	5	310	740
23002	16005	6	570	780
23003	15003	1	990	540
23003	15041	2	950	580
23003	15158	3	290	380
23003	15170	4	790	800
23003	15399	5	230	740
23003	13005	6	150	660
23011	14510	1	270	620
23011	17012	2	510	620
23011	17012	3	310	580
23011	12001	4	190	680
23011	12070	5	330	620
23011	12074	6	370	640
23011	17087	7	410	680
23011	13109	8	530	480
23011	12073	9	530	740
23011	13005	10	370	820
23011	13044	11	410	880
23011	13044	12	470	880
23012	15158	1	450	240
23012	16005	2	950	340
23012	17012	3	630	440
23012	15014	4	1030	560
23012	15018	5	70	380
23012	15186	6	350	460
23021	12083	1	850	300
23021	12020	2	430	220
23021	12089	3	330	180
23021	12090	4	390	160
23021	12010	5	450	340
23021	17331	6	510	260
23031	15186	1	1150	740
23031	15257	2	1210	700
23031	15043	3	930	620
23031	15302	4	990	580
23031	15193	5	930	540
23031	15032	6	870	580
23031	15400	7	990	740
23031	15261	8	1050	580
23031	15262	9	990	620
23031	15256	10	930	660
23041	15158	1	1510	400
23041	16005	2	1430	340
23041	17012	3	770	320
23041	17012	4	670	340
23041	15013	5	650	520
23041	15026	6	1090	340
23041	15047	7	410	280
23041	15133	8	450	460
23041	15089	9	390	500
23041	15081	10	310	420
23041	15076	11	370	400
23041	15062	12	270	500
23041	14511	13	1270	820
23041	12033	14	1290	920
23041	12001	15	1250	980
23041	12027	16	1350	980
23041	13110	17	1330	800
23051	15262	1	1110	920
23102	15302	1	450	260
23103	15193	1	530	360
23104	15250	1	310	360
23104	12044	2	510	340
23105	15279	1	310	380
23106	15268	1	470	260
23107	15267	1	330	320
23107	12023	2	530	320
23131	12069	1	490	360
23132	12081	1	310	340
23132	12033	2	290	440
23132	12022	3	430	320
23132	12001	4	310	480
23133	14509	1	550	360
23133	14508	2	350	320
23134	15032	1	330	340
23135	15043	1	350	320
23136	12018	1	590	300
23136	12042	2	550	300
23136	12059	3	290	400
23172	14397	1	530	360
23172	12022	2	390	420
23173	15090	1	330	360
23175	12084	1	330	340
23176	12010	1	550	280
23177	12083	1	550	300
23178	15007	1	590	360
23179	12015	1	490	360
23180	12080	1	510	380
23180	12042	2	450	380
23180	12059	3	570	500
23201	16010	1	570	360
23201	16021	2	310	360
23221	16008	1	270	360
23241	16016	1	310	400
23241	16018	2	370	400
23242	16018	1	470	400
23242	15265	2	310	400
23242	12073	3	270	500
23261	16004	1	430	240
23262	16004	1	430	240
23281	16006	1	650	260
23281	12122	2	430	440
23301	12022	1	510	320
23301	17412	2	610	360
23301	17412	3	710	400
23301	12040	4	250	440
23301	17412	5	350	480
23301	17412	6	450	520
23301	14515	7	270	320
23301	12022	8	530	440
23301	12040	9	230	340
23301	17412	10	530	460
23301	17412	11	570	440
23302	14511	1	250	320
23302	14512	2	510	320
23302	14513	3	250	420
23302	12027	4	350	360
23302	15306	5	390	340
23401	27004	1	890	180
23401	27005	2	990	240
23401	27003	3	1090	380
23401	15068	4	690	160
23403	15208	1	530	380
23403	15186	2	510	280
23411	10151	1	590	840
23411	10152	2	1250	500
23421	40057	1	750	1080
23421	40057	2	810	1040
23421	27146	3	990	1160
23422	40057	1	310	1140
23422	40057	2	350	1220
23422	40057	3	410	1120
23422	40057	4	510	1040
23422	40057	5	530	1100
23422	40057	6	610	1060
23422	40057	7	630	1080
23422	40057	8	730	980
23422	40057	9	710	940
23422	40057	10	750	1040
23422	27146	11	250	1240
23422	27146	12	630	880
23422	12087	13	30	80
23423	15166	1	470	480
23423	27002	2	170	720
23423	27146	3	110	740
23423	40057	4	230	880
23423	40057	5	290	900
23423	40057	6	330	860
23423	40058	7	270	840
23424	12087	1	570	420
23424	27146	2	470	380
23424	40057	3	430	480
23424	40057	4	510	480
23424	40057	5	610	460
23431	15256	1	510	520
23502	24001	1	610	260
23511	12055	1	1450	2100
23511	17331	2	1510	2120
23512	24001	1	310	320
23513	12005	1	3110	800
23513	17364	2	3170	820
23513	12059	3	3070	740
23514	24001	1	570	220
23516	20001	1	290	140
23522	24001	1	410	200
23526	24001	1	510	200
23529	17221	1	270	140
23529	14509	2	310	120
23529	14510	3	230	160
23529	12075	4	230	200
23529	14508	5	350	140
23529	12033	6	410	180
23529	12001	7	410	220
23529	17221	8	390	260
23529	17221	9	350	280
23529	17221	10	310	280
23529	17089	11	450	280
23529	12043	12	410	300
23535	24001	1	510	200
23568	17013	1	2010	200
23568	13002	2	2090	320
23568	12022	3	2110	480
23801	13005	1	150	520
23801	13105	2	330	420
23802	17398	1	1130	2180
23802	17399	2	1130	1520
23802	17398	3	610	1500
23802	17399	4	630	840
23802	17398	5	1050	1000
23802	13002	6	370	2020
23802	17366	7	290	1980
23802	17366	8	370	1960
23803	17400	1	1970	840
23803	17401	2	1430	560
23803	17400	3	990	580
23803	17401	4	550	580
23803	13005	5	330	1100
23803	13044	6	230	1120
23803	13044	7	2050	460
23804	13037	1	430	360
23804	13030	2	330	360
23804	13024	3	270	380
23804	13009	4	490	380
23806	17431	1	590	2020
23806	17432	2	990	1900
23806	17432	3	750	1520
23806	17431	4	510	900
23806	17432	5	1150	840
23807	12020	1	370	240
23807	17571	2	710	300
23807	17571	3	630	340
23807	17571	4	550	380
23807	12022	5	450	200
23808	17433	1	570	700
23808	17434	2	1110	960
23808	17434	3	650	1140
23808	17433	4	590	1560
23808	17434	5	1030	1280
23811	17402	1	490	440
23811	17403	2	1170	1000
23811	17403	3	690	2000
23811	17402	4	670	1700
23811	17402	5	1170	1320
23812	17404	1	710	1360
23812	17405	2	890	960
23812	17405	3	1850	1380
23812	17404	4	1650	620
23812	17405	5	2110	460
23812	17257	6	550	360
23812	12071	7	610	340
23812	14516	8	670	340
23812	12072	9	710	380
23812	12043	10	510	460
23812	12022	11	550	480
23812	12033	12	650	360
23812	12001	13	690	400
23812	12040	14	690	520
23812	17257	15	690	560
23812	17257	16	730	520
23812	17257	17	510	380
23821	17406	1	970	1460
23821	17407	2	1850	1000
23821	17406	3	1510	620
23821	17407	4	750	1000
23821	17406	5	610	620
23822	17408	1	610	1500
23822	17409	2	1130	1540
23822	17409	3	450	800
23822	17408	4	1210	560
23822	28001	5	330	320
23822	14512	6	330	240
23822	14513	7	250	280
23831	17411	1	570	1520
23831	17410	2	2650	1440
23831	17410	3	1330	1040
23831	17411	4	1210	560
23831	17411	5	1810	1480
23831	17410	6	2110	640
23831	17411	7	2450	980
23831	17410	8	2750	700
23831	12027	9	390	360
23831	14512	10	450	520
23831	14513	11	550	480
23831	17380	12	490	480
23831	12095	13	410	500
23831	12065	14	530	440
23841	17412	1	790	680
23841	17413	2	1990	900
23841	17412	3	2650	760
23841	17413	4	3390	600
23851	17414	1	690	1400
23851	17415	2	610	820
23851	17414	3	1650	600
23851	17415	4	1790	1300
23861	17424	1	710	680
23861	17425	2	1530	880
23861	17424	3	2570	720
23862	17426	1	610	480
23862	17427	2	630	1340
23862	17426	3	1270	1720
23862	17427	4	690	820
23872	17420	1	570	2120
23872	17421	2	1170	2240
23872	17420	3	910	1700
23872	17421	4	510	1440
23872	15274	5	550	860
23872	15274	6	590	920
23872	15274	7	1170	760
23872	15274	8	1210	840
23872	15274	9	1170	920
23872	15274	10	350	440
23872	15274	11	410	400
23872	15274	12	470	360
23873	17422	1	1910	800
23873	17423	2	450	980
23873	17422	3	950	560
23873	15274	4	2070	1100
23873	15274	5	2130	1100
23873	15274	6	2190	1100
23873	15274	7	2010	1100
23873	15274	8	610	500
23873	15274	9	550	540
23873	15274	10	550	480
23873	15274	11	490	520
23873	15400	12	370	440
23881	17416	1	750	840
23881	17417	2	1150	480
23881	17416	3	2050	760
23881	17417	4	2410	560
23881	17417	5	3630	580
23881	17416	6	3170	700
23882	17418	1	1170	960
23882	17419	2	530	580
23882	17418	3	770	880
23883	46095	1	630	580
23883	46095	2	990	900
23883	46095	3	1770	720
23883	46096	4	2170	620
23883	46096	5	2650	740
23883	46096	6	490	940
24000	11064	1	30	80
24001	17436	1	530	680
24001	17436	2	270	620
24001	16041	3	770	480
24002	16017	1	310	440
24002	15158	2	530	760
24003	16005	1	610	420
24011	17435	1	190	560
24011	17435	2	590	440
24011	16094	3	650	600
24012	16005	1	910	420
24012	14114	2	570	720
24012	18009	3	410	720
24012	15158	4	1150	760
24012	15146	5	350	440
24012	17317	6	530	580
24012	17244	7	450	620
24012	15390	8	630	620
24013	16017	1	1230	420
24013	15201	2	390	600
24013	15202	3	490	640
24013	15203	4	390	680
24021	16015	1	990	440
24021	16005	2	590	300
24021	17435	3	910	340
24021	15270	4	470	840
24021	17437	5	710	540
24021	17454	6	610	560
24021	17475	7	510	580
24021	17438	8	770	600
24021	17437	9	830	680
24021	17478	10	770	480
24021	17475	11	690	700
24021	17454	12	570	660
24021	17442	13	850	540
24021	15123	14	610	960
24021	11023	15	430	680
24021	11156	16	370	660
24021	12017	17	310	760
24021	17438	18	430	800
24021	17438	19	250	740
24021	12028	20	370	780
24021	12133	21	390	680
24021	11021	22	490	700
24021	11031	23	370	660
24021	12134	24	370	780
24031	15158	1	710	220
24031	14259	2	790	240
24031	17454	3	290	360
24031	17454	4	430	300
24031	15288	5	1090	460
24031	17558	6	950	620
24031	17422	7	950	740
24031	17422	8	1050	720
24031	17422	9	1090	640
24031	17437	10	890	860
24031	15425	11	230	860
24031	16094	12	290	620
24041	17446	1	390	380
24041	17663	2	850	620
24041	17686	3	910	600
24041	17686	4	790	640
24041	11191	5	990	740
24041	17445	6	990	680
24041	17445	7	1050	720
24041	11142	8	1050	800
24041	11218	9	950	900
24041	17773	10	630	640
24041	17773	11	610	700
24041	17773	12	750	440
24041	17773	13	790	480
24041	17773	14	390	440
24041	17773	15	450	400
24051	15158	1	770	260
24051	14259	2	570	620
24051	10090	3	350	600
24051	17663	4	1010	580
24051	17681	5	1070	540
24051	17682	6	950	620
24051	17684	7	850	620
24051	17683	8	1030	440
24051	17683	9	950	420
24051	17684	10	770	600
24051	14674	11	710	440
24051	17678	12	650	480
24051	17678	13	770	400
24051	15425	14	290	380
24051	14674	15	450	320
24051	15427	16	410	580
24051	15426	17	350	360
24051	15425	18	290	380
24051	14674	19	510	520
24051	17678	20	570	480
24051	17678	21	450	560
24051	15426	22	350	380
24101	15115	1	370	300
24102	14256	1	370	320
24102	14527	2	470	340
24102	14528	3	330	360
24102	12028	4	430	380
24102	14257	5	550	380
24102	12017	6	370	460
24103	14534	1	310	380
24104	14524	1	550	320
24104	17437	2	390	420
24104	14525	3	470	380
24104	14526	4	630	380
24104	12017	5	550	400
24104	17437	6	850	580
24105	14556	1	610	400
24105	14257	2	550	500
24105	14557	3	490	480
24105	14531	4	410	640
24105	14536	5	190	540
24106	12017	1	550	360
24106	12028	2	570	440
24106	11077	3	370	340
24106	17439	4	410	380
24131	14529	1	430	320
24131	14530	2	550	340
24132	15261	1	430	300
24133	15054	1	370	340
24133	15106	2	290	340
24134	14526	1	310	360
24134	14525	2	550	360
24135	14257	1	530	380
24135	14557	2	410	360
24136	14558	1	350	320
24171	15170	1	490	360
24171	12175	2	390	340
24172	15104	1	390	340
24174	14531	1	650	320
24174	14536	2	510	340
24175	14557	1	390	320
24175	14559	2	270	420
24221	16008	1	410	260
24241	16018	1	570	500
24241	17466	2	810	600
24241	17466	3	690	540
24242	16018	1	570	500
24242	15216	2	730	700
24242	15019	3	650	740
24242	14270	4	90	440
24242	17380	5	190	380
24242	17381	6	130	400
24243	16018	1	370	380
24243	15123	2	710	500
24243	10167	3	510	560
24243	12017	4	530	420
24243	12028	5	650	420
24243	15073	6	230	520
24243	15307	7	290	480
24261	16012	1	430	240
24262	16004	1	430	240
24302	11156	1	570	320
24302	11023	2	570	460
24302	11157	3	310	340
24302	17027	4	430	520
24401	15400	1	650	1020
24402	12017	1	350	400
24402	12028	2	470	340
24403	14533	1	790	260
24403	14535	2	710	480
24411	17461	1	3250	560
24411	17462	2	2950	880
24411	17461	3	1870	600
24411	17462	4	1510	860
24412	17463	1	550	940
24412	17464	2	510	1500
24412	17463	3	1050	1380
24412	17464	4	1170	2140
24415	11052	1	510	380
24417	11166	1	810	240
24417	11023	2	710	240
24417	15386	3	870	260
24421	17465	1	1990	540
24421	17466	2	1670	1360
24421	17465	3	1050	1500
24421	17466	4	910	560
24421	15106	5	2230	1660
24432	17473	1	2850	1180
24432	17473	2	670	1360
24432	17473	3	1250	840
24432	17474	4	690	820
24432	17474	5	2290	800
24432	17474	6	2410	1340
24443	15400	1	650	580
24443	17507	2	710	440
24443	17507	3	590	440
24443	17507	4	650	440
24501	17437	1	290	800
24501	17478	2	470	780
24501	17442	3	310	980
24501	15188	4	450	940
24501	17435	5	570	900
24501	17323	6	590	1020
24501	17435	7	490	1060
24501	15188	8	30	1200
24501	17440	9	1250	1060
24501	12210	10	1950	1640
24501	12211	11	1910	1660
24501	12211	12	1990	1600
24502	24001	1	570	240
24504	24001	1	450	260
24505	11156	1	1150	1460
24505	17124	2	1150	1400
24505	17129	3	1070	1460
24505	12017	4	1070	1680
24505	17773	5	510	280
24505	17773	6	510	380
24505	11191	7	770	320
24505	17445	8	830	280
24505	17445	9	830	340
24505	16094	10	30	80
24505	17686	11	270	320
24506	35050	1	1910	840
24506	14559	2	1990	920
24507	17701	1	2310	780
24507	17701	2	2310	780
24507	40061	3	2050	940
24507	40062	4	2110	980
24507	40062	5	1990	900
24507	40063	6	2030	1020
24507	40063	7	1970	980
24508	24001	1	570	240
24508	17686	2	330	300
24508	16094	3	30	80
24509	11013	1	650	1440
24509	11021	2	590	1400
24509	14525	3	430	1580
24509	14625	4	490	1620
24509	14626	5	370	1540
24509	14526	6	430	1580
24509	17686	7	510	2100
24509	16094	8	630	2200
24510	17437	1	390	240
24510	17437	2	490	160
24510	17437	3	330	160
24510	11041	4	430	400
24510	17343	5	370	440
24510	17444	6	490	520
24510	17343	7	490	440
24510	17444	8	370	520
24511	24001	1	2330	860
24521	25145	1	1310	320
24521	25145	2	1370	920
24521	25145	3	1170	1080
24521	25145	4	1410	940
24521	25145	5	330	300
24522	25145	1	1130	960
24522	25145	2	1030	320
24522	25145	3	1130	260
24522	25145	4	1150	240
24522	25145	5	1370	1560
24522	25145	6	1410	1600
24522	25145	7	530	1520
24522	25145	8	590	1560
24522	25145	9	570	1860
24522	25145	10	2030	1740
24522	25145	11	1350	2220
24522	25145	12	1390	2240
24522	25145	13	650	2240
24522	25145	14	2350	2480
24522	25145	15	2310	2460
24522	25145	16	1950	2160
24523	25146	1	550	240
24523	25146	2	590	280
24523	25146	3	230	560
24523	25146	4	1950	520
24523	25146	5	1890	480
24523	25146	6	1350	920
24523	25146	7	470	940
24523	25146	8	2150	940
24523	25146	9	1950	240
24524	25146	1	550	860
24524	25146	2	590	920
24524	25146	3	1090	300
24524	25146	4	2310	920
24524	25146	5	2270	880
24524	25146	6	1910	1180
24525	25147	1	590	280
24525	25147	2	530	220
24525	25147	3	230	560
24525	25147	4	590	940
24525	25147	5	550	880
24525	25147	6	290	860
24525	25147	7	1090	940
24525	25147	8	1370	460
24525	25147	9	2230	320
24525	25147	10	1370	1540
24525	25147	11	1410	1580
24525	25153	12	570	240
24525	25153	13	270	880
24802	17479	1	870	500
24802	17479	2	1430	840
24802	17479	3	2030	400
24802	17480	4	2090	1100
24802	17480	5	1190	1500
24802	17480	6	490	1020
24803	17481	1	1250	360
24803	17481	2	810	980
24803	17481	3	410	380
24803	17482	4	850	520
24803	17482	5	1270	900
24803	17482	6	390	800
24806	17563	1	630	1660
24806	17564	2	1110	1500
24806	17563	3	630	1040
24806	17564	4	1110	920
24806	12028	5	1330	2180
24806	11157	6	1390	2280
24806	12017	7	1250	2180
24806	17197	8	1390	2280
24806	12017	9	490	2320
24806	12028	10	550	2360
24806	11077	11	430	2280
24806	11023	12	430	2420
24806	11021	13	370	2380
24812	17485	1	1190	980
24812	17485	2	530	440
24812	17485	3	570	2120
24812	17486	4	1230	1880
24812	17486	5	570	1200
24812	17486	6	1090	380
24816	27037	1	370	420
24816	27038	2	310	360
24816	27038	3	410	360
24816	12017	4	330	440
24816	14524	5	510	620
24816	17477	6	430	700
24816	17477	7	530	720
24816	17477	8	610	680
24816	17454	9	450	460
24816	15057	10	1350	1260
24816	20003	11	1410	1080
24816	28037	12	1230	1020
24816	28037	13	1110	980
24816	28037	14	1230	920
24816	28037	15	1510	1100
24821	17451	1	2090	560
24821	17451	2	610	900
24821	17451	3	1290	560
24821	17452	4	990	900
24821	17452	5	1670	880
24821	17452	6	2390	940
24821	11171	7	370	300
24821	14065	8	2830	520
24821	14068	9	2890	480
24821	12017	10	3010	720
24821	12028	11	390	420
24821	12017	12	450	400
24821	11181	13	250	340
24821	11180	14	430	280
24821	11023	15	310	320
24821	12134	16	450	400
24821	11182	17	3030	1200
24821	11166	18	2990	1220
24821	11183	19	2950	1240
24821	11184	20	2910	1260
24821	15385	21	430	280
24821	11077	22	570	520
24821	12017	23	510	540
24821	12028	24	450	560
24822	46099	1	1430	580
24822	46099	2	590	940
24822	46099	3	1850	880
24822	46100	4	2690	860
24822	46100	5	2250	580
24822	46100	6	1010	880
24832	17455	1	1030	1240
24832	17455	2	490	2880
24832	17455	3	1070	1760
24832	17456	4	550	1540
24832	17456	5	670	2180
24832	17456	6	1150	2740
24834	17457	1	1250	660
24834	17457	2	490	720
24834	17457	3	770	960
24834	17458	4	1210	1000
24834	17458	5	910	700
24834	17458	6	430	1000
24834	14532	7	290	660
24841	17467	1	3690	860
24841	17467	2	510	920
24841	17467	3	2030	600
24841	17468	4	1190	560
24841	17468	5	1610	880
24841	17468	6	2510	880
24842	17471	1	490	940
24842	17471	2	1390	520
24842	17471	3	2410	900
24842	17472	4	1970	580
24842	17472	5	1550	880
24842	17472	6	970	860
24843	17469	1	2070	540
24843	17469	2	1530	880
24843	17469	3	1190	520
24843	17470	4	990	900
24843	17470	5	1550	520
24843	17470	6	1990	920
24851	17443	1	550	600
24851	17443	2	1650	780
24851	17443	3	2090	420
24851	17444	4	1950	740
24851	17444	5	830	800
24851	17444	6	1310	820
24852	17445	1	590	780
24852	17445	2	1270	1600
24852	17445	3	890	2120
24852	17446	4	1130	1200
24852	17446	5	630	1300
24852	17446	6	1150	1940
24854	17447	1	1350	480
24854	17447	2	990	2040
24854	17447	3	810	1080
24854	17448	4	510	440
24854	17448	5	1210	1000
24854	17448	6	570	1620
24855	17449	1	2150	420
24855	17449	2	1290	780
24855	17449	3	1590	860
24855	17450	4	470	920
24855	17450	5	1410	500
24855	17450	6	1950	700
24857	46091	1	570	620
24857	46091	2	730	1320
24857	46091	3	1890	660
24857	46092	4	1930	1220
24857	46092	5	1010	720
24857	46092	6	1450	620
24861	17459	1	2050	580
24861	17459	2	1150	1020
24861	17459	3	1910	1480
24861	17460	4	1730	1040
24861	17460	5	730	1080
24861	17460	6	790	1520
24871	17453	1	1250	580
24871	17453	2	610	860
24871	17453	3	630	1420
24871	17454	4	1090	1700
24871	17454	5	1070	1260
24871	17454	6	1170	900
24881	17475	1	570	1420
24881	17475	2	1130	580
24881	17475	3	1250	960
24881	17476	4	730	660
24881	17476	5	670	1020
24881	17476	6	1050	1360
24881	17437	7	290	480
24881	27038	8	310	600
24881	27038	9	430	500
24881	17442	10	350	500
24881	17682	11	1170	1640
24881	17681	12	1110	1600
24882	17477	1	930	540
24882	17477	2	690	1200
24882	17477	3	1250	1740
24882	17478	4	930	2080
24882	17478	5	1150	1340
24882	17478	6	610	580
24882	14524	7	1350	400
24882	11021	8	1130	560
24882	17705	9	1410	1060
24882	17681	10	1470	1120
24882	17682	11	1350	1020
24891	17483	1	590	900
24891	17484	2	1150	460
24891	17483	3	1450	900
24891	17484	4	1610	380
24901	11191	1	330	1160
24901	17445	2	390	1180
24901	11142	3	310	900
24901	15456	4	470	1040
24901	17773	5	550	1040
24901	17773	6	570	1100
24901	17773	7	410	980
24901	17773	8	490	1000
24901	11218	9	670	1100
24901	17445	10	670	1020
24901	17445	11	630	940
24901	17445	12	590	880
24901	17445	13	530	840
24901	17445	14	450	840
24901	17445	15	370	860
24901	11191	16	2350	720
24901	17445	17	2410	760
24901	15456	18	2510	620
24901	17773	19	2610	700
24901	17773	20	2590	620
24901	17773	21	2510	560
24901	17773	22	2430	540
24901	11191	23	1390	880
24901	17445	24	1450	920
24901	15456	25	1570	780
24901	17773	26	1510	700
24901	17773	27	1610	700
24901	17773	28	1670	760
24901	17773	29	1690	860
25000	11144	1	30	80
25000	11040	2	70	80
25000	14529	3	110	80
25001	12095	1	670	520
25001	17488	2	590	500
25001	17488	3	450	540
25001	16017	4	290	640
25001	14537	5	650	580
25001	14538	6	530	560
25001	12092	7	830	600
25001	14544	8	530	520
25001	12029	9	590	600
25001	12093	10	710	560
25001	12106	11	570	700
25001	12017	12	770	600
25001	12033	13	710	600
25001	12001	14	670	640
25001	12027	15	770	600
25002	16005	1	1130	820
25002	15158	2	510	560
25002	17519	3	210	860
25002	17519	4	130	920
25002	12012	5	1210	680
25002	15216	6	1130	600
25002	15089	7	1090	640
25002	15034	8	1050	680
25002	12092	9	1290	640
25002	15086	10	690	860
25002	15451	11	750	880
25003	12096	1	1170	700
25003	15059	2	710	280
25003	15063	3	190	560
25004	12106	1	710	240
25004	17520	2	890	300
25004	17520	3	950	280
25004	17520	4	1090	340
25004	17520	5	1030	380
25004	15058	6	130	560
25004	15070	7	450	660
25004	15071	8	590	880
25004	12033	9	910	360
25004	17491	10	730	420
25004	17491	11	650	460
25004	17491	12	570	500
25004	17491	13	490	540
25004	17491	14	810	460
25004	17491	15	730	500
25004	17491	16	650	540
25004	17491	17	570	600
25004	17491	18	970	360
25004	12001	19	830	420
25004	12114	20	950	420
25004	12101	21	790	320
25004	12027	22	890	420
25004	12093	23	790	380
25004	12015	24	830	280
25004	12020	25	830	340
25004	19056	26	410	120
25004	12148	27	490	160
25004	17488	28	570	160
25004	17488	29	610	140
25004	12001	30	410	120
25004	12005	31	310	200
25004	12018	32	350	220
25004	12029	33	390	240
25004	12039	34	250	220
25004	12080	35	290	240
25004	12101	36	330	260
25004	12154	37	190	240
25004	12025	38	230	260
25004	12035	39	270	280
25004	19056	40	450	120
25004	12025	41	490	200
25004	12154	42	450	220
25005	17503	1	310	420
25005	17503	2	150	440
25006	12001	1	210	520
25006	12001	2	210	520
25006	12148	3	270	560
25011	17490	1	590	480
25011	17490	2	410	540
25011	10228	3	230	560
25011	10232	4	470	580
25011	10230	5	330	720
25011	10228	6	310	800
25011	10228	7	410	760
25011	15184	8	170	640
25011	10229	9	330	640
25011	10229	10	230	680
25011	11032	11	570	560
25011	12206	12	690	440
25012	16005	1	150	380
25012	15158	2	230	240
25012	17490	3	490	220
25012	17490	4	370	260
25013	15201	1	890	560
25013	15209	2	1150	380
25013	15088	3	950	520
25013	10228	4	830	440
25013	10230	5	810	460
25013	10228	6	790	380
25013	10228	7	730	420
25013	15201	8	890	700
25013	10232	9	350	480
25013	10235	10	410	420
25013	11032	11	410	540
25013	11047	12	290	400
25014	12040	1	470	340
25014	12028	2	610	320
25014	17491	3	590	720
25014	17491	4	650	700
25014	17491	5	650	800
25014	17491	6	710	780
25014	17491	7	690	880
25014	17491	8	750	860
25014	17492	9	730	680
25014	17492	10	790	660
25014	17492	11	790	760
25014	17492	12	850	740
25014	17492	13	850	840
25014	17492	14	910	820
25014	17504	15	950	620
25014	17504	16	1010	600
25014	17504	17	1010	700
25014	17504	18	1070	680
25014	17504	19	1090	780
25014	17504	20	1150	760
25014	17499	21	1090	580
25014	17499	22	1150	560
25014	17499	23	1170	660
25014	17499	24	1230	640
25014	17499	25	1290	720
25014	17499	26	1230	740
25021	17487	1	510	420
25021	17487	2	630	440
25021	15130	3	190	620
25021	16041	4	590	800
25021	12092	5	590	380
25021	12103	6	490	480
25021	12110	7	550	480
25021	12103	8	330	640
25021	12110	9	370	680
25021	12001	10	490	480
25021	12018	11	550	480
25022	16005	1	610	560
25022	15146	2	830	360
25022	15337	3	750	360
25022	15360	4	490	360
25022	17618	5	410	400
25022	17618	6	550	420
25022	27089	7	470	200
25022	27063	8	510	200
25023	15158	1	1130	340
25023	17520	2	690	360
25023	17520	3	490	360
25031	17515	1	410	620
25031	17515	2	570	580
25031	15059	3	330	740
25031	27035	4	510	840
25031	27036	5	430	880
25031	27036	6	490	740
25031	27034	7	630	820
25031	10165	8	730	740
25031	10165	9	670	760
25031	10165	10	610	780
25031	10177	11	730	780
25031	10165	12	790	720
25031	12103	13	650	700
25031	12046	14	170	200
25031	12020	15	390	480
25031	15454	16	670	580
25032	15158	1	130	260
25032	15018	2	290	720
25032	16005	3	970	340
25032	15047	4	1090	800
25032	15142	5	610	240
25032	15143	6	530	780
25033	15188	1	150	200
25033	15199	2	1090	580
25033	15202	3	530	240
25041	17510	1	570	480
25041	17510	2	390	540
25041	12092	3	670	440
25041	14538	4	370	240
25041	12001	5	670	580
25041	12009	6	590	600
25041	14546	7	610	680
25041	14547	8	710	640
25041	12027	9	490	560
25041	12022	10	810	700
25041	12001	11	470	500
25041	17654	12	750	540
25041	17654	13	790	560
25041	17654	14	830	580
25042	15158	1	510	340
25042	16005	2	390	480
25042	15070	3	210	800
25042	15237	4	850	300
25051	15158	1	1390	700
25051	15170	2	890	300
25051	16013	3	350	640
25051	15196	4	710	780
25051	17535	5	290	240
25051	17535	6	190	300
25051	15183	7	90	420
25051	15131	8	170	420
25051	15148	9	1490	940
25051	14549	10	550	1000
25051	14550	11	470	1020
25051	17503	12	570	940
25051	17503	13	530	880
25051	17503	14	470	840
25051	17503	15	410	1000
25051	15211	16	730	1140
25051	15148	17	1250	260
25051	15290	18	1350	320
25051	14554	19	1230	320
25051	17503	20	1110	320
25051	17503	21	1150	340
25051	17503	22	1190	360
25051	17503	23	1230	380
25051	17503	24	1270	400
25051	15211	25	1030	320
25051	15136	26	1030	380
25051	15136	27	1050	420
25051	15104	28	1090	440
25051	15104	29	1170	480
25051	15136	30	1130	460
25051	15104	31	1250	480
25051	15136	32	1210	480
25051	14236	33	730	300
25051	28022	34	670	280
25051	17056	35	130	360
25052	12027	1	1610	920
25052	12017	2	1690	900
25052	12020	3	1530	940
25052	12022	4	1770	880
25052	12101	5	950	1120
25052	12158	6	1030	1100
25052	12080	7	870	1140
25052	12114	8	790	1160
25052	17491	9	1210	1140
25052	12012	10	910	440
25052	12001	11	970	460
25052	12033	12	670	460
25052	12033	13	670	460
25052	17491	14	1150	1160
25052	17491	15	1370	1220
25052	17491	16	1030	1200
25052	17491	17	970	1220
25052	17491	18	1250	1180
25052	17491	19	1190	1200
25052	17491	20	1310	1240
25052	17491	21	1070	1240
25052	17491	22	1010	1260
25052	17491	23	1630	1040
25052	17491	24	1690	1020
25052	17491	25	1670	1080
25052	17491	26	1730	1060
25052	17491	27	1410	1260
25052	17491	28	1870	960
25052	17491	29	1810	980
25052	17491	30	1850	1020
25052	17491	31	1910	1000
25052	17491	32	1830	1140
25052	17491	33	1890	1120
25052	17491	34	1870	1180
25052	17488	35	870	1020
25052	17488	36	810	1040
25052	17488	37	750	1060
25052	17488	38	1390	860
25052	17488	39	1450	840
25052	17488	40	1510	820
25052	12040	41	1850	860
25052	12098	42	470	1080
25052	12163	43	430	440
25052	12047	44	470	460
25052	12089	45	1990	840
25052	12090	46	1930	860
25052	12148	47	730	500
25052	12114	48	690	560
25052	12012	49	750	540
25052	12001	50	810	520
25052	12040	51	870	500
25052	12106	52	910	440
25052	12151	53	530	1120
25052	12152	54	590	1160
25052	12153	55	650	1200
25052	12154	56	1610	720
25052	12155	57	1690	760
25052	12156	58	1770	800
25052	12157	59	1530	680
25052	12148	60	1530	940
25052	12162	61	490	420
25052	12160	62	650	340
25052	12161	63	710	320
25052	12159	64	1450	640
25101	12093	1	270	340
25101	12033	2	490	360
25101	12001	3	530	400
25101	13029	4	410	320
25102	15451	1	390	300
25102	15454	2	490	320
25102	15116	3	470	420
25102	17014	4	530	440
25102	17014	5	450	460
25102	15452	6	310	360
25102	15455	7	470	420
25103	12001	1	550	360
25103	12012	2	350	380
25103	12101	3	390	440
25103	12114	4	450	460
25103	12080	5	510	480
25103	12001	6	550	360
25103	12033	7	610	420
25103	12106	8	570	480
25103	12158	9	350	380
25103	12004	10	310	420
25103	12006	11	390	440
25104	11021	1	350	320
25104	11164	2	250	340
25105	12110	1	470	280
25106	15262	1	330	300
25106	20001	2	190	340
25107	12008	1	370	340
25107	12006	2	330	380
25107	12033	3	490	300
25107	12001	4	550	340
25107	12022	5	430	440
25107	12020	6	550	460
25107	12012	7	270	400
25107	12108	8	210	380
25107	12120	9	490	460
25107	12017	10	590	420
25108	14543	1	530	360
25108	14553	2	270	400
25108	14552	3	290	440
25133	12092	1	350	300
25133	12012	2	270	360
25133	12094	3	550	400
25134	12012	1	350	360
25134	17487	2	530	440
25135	15025	1	550	360
25136	10236	1	350	300
25137	12009	1	310	380
25137	12097	2	490	340
25138	15073	1	490	280
25138	27051	2	570	360
25138	27051	3	510	440
25138	27051	4	250	400
25138	27051	5	310	340
25138	27051	6	430	460
25139	15329	1	290	400
25139	15331	2	630	340
25139	15332	3	490	300
25139	15161	4	590	480
25139	17515	5	350	300
25139	17515	6	290	340
25139	15330	7	350	320
25140	12102	1	550	360
25141	12104	1	390	340
25141	12105	2	310	360
25141	12019	3	490	340
25142	12001	1	390	320
25142	12148	2	510	340
25142	12035	3	310	400
25142	17364	4	470	420
25143	15453	1	430	260
25143	15454	2	590	320
25143	15451	3	370	340
25143	15455	4	530	480
25151	12033	1	590	320
25151	12001	2	650	400
25151	12006	3	370	460
25171	12094	1	570	400
25172	12029	1	430	340
25172	12033	2	530	460
25172	12001	3	590	420
25173	15455	1	390	300
25173	15451	2	310	320
25174	12101	1	290	420
25175	10236	1	410	320
25177	10230	1	370	380
25177	15201	2	330	440
25178	12109	1	370	340
25179	15286	1	430	320
25179	15031	2	350	320
25179	28022	3	290	340
25181	15290	1	350	340
25181	17437	2	450	460
25181	17437	3	530	420
25181	20001	4	490	440
25181	15147	5	390	400
25181	15148	6	430	380
25181	14543	7	290	380
25181	14555	8	290	420
25181	14554	9	90	580
25182	12103	1	370	360
25183	15329	1	470	360
25183	15330	2	250	360
25183	15286	3	230	400
25201	16003	1	590	400
25201	16021	2	290	360
25202	16003	1	590	420
25202	16021	2	290	360
25203	16010	1	330	320
25221	16002	1	430	260
25222	16002	1	550	320
25223	16008	1	550	340
25241	16018	1	570	520
25241	15018	2	830	560
25241	15063	3	670	580
25242	16018	1	350	380
25243	16018	1	490	380
25243	15145	2	690	540
25243	12009	3	290	460
25244	16018	1	490	400
25244	15024	2	150	480
25244	15198	3	430	460
25245	16018	1	370	380
25245	15088	2	630	420
25245	15292	3	550	420
25246	16018	1	490	400
25246	15147	2	370	420
25246	14547	3	310	440
25246	17503	4	310	480
25246	17503	5	270	460
25246	15104	6	550	560
25246	15148	7	590	500
25261	16004	1	430	240
25262	16004	1	410	240
25263	16004	1	410	240
25263	15371	2	390	340
25263	15215	3	650	380
25264	16004	1	430	240
25265	16004	1	430	240
25266	16012	1	430	240
25281	16006	1	670	260
25281	10058	2	910	500
25282	16006	1	670	260
25282	15164	2	430	440
25282	15293	3	550	280
25282	15274	4	710	400
25283	12111	1	870	440
25283	15183	2	630	260
25301	12033	1	370	260
25301	12001	2	290	320
25301	12027	3	750	260
25301	12017	4	850	300
25301	12101	5	430	480
25301	12114	6	530	520
25301	12080	7	630	560
25301	12029	8	1050	500
25301	12012	9	330	440
25301	12042	10	630	340
25301	13029	11	510	400
25301	17491	12	910	520
25301	12040	13	570	380
25301	12022	14	430	380
25301	12020	15	950	340
25302	14537	1	290	340
25302	12093	2	510	340
25302	12098	3	590	360
25302	14542	4	350	480
25302	14551	5	270	440
25302	12012	6	390	400
25302	12092	7	470	420
25302	14544	8	550	400
25302	14538	9	410	320
25302	17488	10	450	520
25302	12094	11	450	380
25303	19053	1	1250	340
25304	12033	1	830	240
25304	12148	2	650	240
25304	12001	3	550	320
25304	12012	4	390	340
25304	12114	5	370	400
25304	12080	6	350	460
25304	12096	7	330	520
25304	12002	8	950	460
25304	12029	9	290	640
25304	12027	10	910	340
25304	12098	11	310	580
25304	12008	12	930	400
25304	17488	13	510	780
25304	17488	14	790	780
25304	17488	15	890	780
25304	17488	16	410	780
25304	12059	17	510	300
25304	12060	18	970	520
25304	17491	19	650	400
25304	12045	20	750	400
25304	17364	21	650	500
25304	17364	22	650	440
25304	17364	23	650	360
25304	12015	24	710	400
25304	12016	25	590	400
25304	12152	26	990	580
25304	12155	27	1010	640
25304	12109	28	270	700
25304	12031	29	650	360
25304	17491	30	690	400
25304	12109	31	610	400
25304	12017	32	650	360
25304	12016	33	650	380
25304	12106	34	550	480
25304	12027	35	490	380
25304	12001	36	510	400
25304	12093	37	530	420
25304	12164	38	570	440
25304	12015	39	610	460
25304	12057	40	650	460
25304	12022	41	690	460
25304	12071	42	730	440
25304	12072	43	770	420
25304	12117	44	790	400
25304	12102	45	810	380
25304	12101	46	510	340
25304	19055	47	590	200
25304	12154	48	610	380
25304	12025	49	690	380
25304	12035	50	650	380
25304	13072	51	730	360
25304	12107	52	790	460
25304	12080	53	750	480
25304	12021	54	710	500
25304	12146	55	610	500
25304	12145	56	570	480
25304	12027	57	550	520
25304	12040	58	530	460
25304	12002	59	730	700
25304	12102	60	630	700
25305	12001	1	590	360
25305	12024	2	690	400
25305	12008	3	290	500
25305	12102	4	790	440
25305	12103	5	390	540
25305	12033	6	310	340
25305	17491	7	490	580
25306	10232	1	270	300
25306	10236	2	290	440
25306	10237	3	430	500
25306	10235	4	530	340
25306	11032	5	650	380
25306	12017	6	530	440
25306	17489	7	730	440
25306	10233	8	250	400
25306	10234	9	410	340
25308	12033	1	350	280
25308	12001	2	450	320
25308	12009	3	390	400
25308	12018	4	510	380
25308	12027	5	330	400
25308	12015	6	450	400
25308	12162	7	290	300
25308	12163	8	410	260
25308	12033	9	250	380
25308	12177	10	570	360
25308	12001	11	450	320
25309	12046	1	390	420
25309	12099	2	350	340
25309	12100	3	570	420
25309	10232	4	330	440
25309	17487	5	290	440
25309	17488	6	330	460
25309	14072	7	590	320
25309	15215	8	350	440
25309	12020	9	490	360
25310	14538	1	290	320
25310	14539	2	290	440
25310	17510	3	570	460
25311	12020	1	430	460
25401	12027	1	750	580
25404	12027	1	790	500
25404	12008	2	810	460
25404	17436	3	570	540
25404	17436	4	750	480
25411	12092	1	470	540
25411	12055	2	390	500
25411	14555	3	330	800
25411	14554	4	250	800
25411	30010	5	130	1020
25411	30010	6	210	1020
25411	30010	7	190	920
25411	30010	8	270	920
25411	10228	9	310	740
25411	17042	10	310	680
25411	12046	11	430	580
25411	12022	12	370	580
25411	12094	13	450	480
25412	12033	1	790	400
25412	12079	2	850	400
25412	12041	3	730	400
25412	14508	4	890	440
25413	12055	1	470	500
25413	10233	2	550	720
25413	10235	3	490	720
25413	10228	4	610	780
25413	10228	5	550	780
25413	10228	6	490	780
25413	12033	7	590	860
25413	12017	8	710	980
25413	12001	9	530	840
25413	12020	10	610	880
25413	12055	11	630	860
25413	12098	12	710	960
25415	17498	1	630	640
25415	17497	2	970	880
25415	17497	3	1270	520
25415	17498	4	1730	780
25415	17497	5	2230	640
25415	12094	6	2430	700
25415	12018	7	2370	740
25415	12117	8	2350	820
25415	12122	9	2370	880
25415	12017	10	2590	820
25415	12017	11	530	440
25415	12020	12	270	200
25415	12033	13	210	180
25415	12022	14	310	260
25415	12046	15	410	240
25415	12055	16	370	300
25415	12094	17	450	300
25415	12031	18	250	320
25415	11028	19	390	480
25415	11085	20	450	440
25415	17490	21	470	520
25415	12033	22	290	1140
25415	12001	23	230	1040
25415	12027	24	390	940
25415	12022	25	410	1020
25415	12119	26	490	1020
25415	17491	27	310	980
25416	12028	1	470	440
25416	12017	2	610	420
25416	12098	3	430	520
25416	10230	4	510	560
25416	10236	5	390	500
25417	12022	1	770	480
25417	17491	2	830	500
25417	17490	3	890	300
25417	11031	4	830	320
25417	12046	5	930	220
25417	17491	6	1010	240
25417	17491	7	890	380
25417	12046	8	810	380
25417	11028	9	410	640
25417	11085	10	470	640
25417	17490	11	530	620
25418	11028	1	890	340
25418	11085	2	930	380
25418	17490	3	970	340
25419	17500	1	790	1060
25419	17499	2	610	1480
25419	17499	3	1410	1420
25419	17500	4	1970	1480
25419	17499	5	1490	920
25419	17500	6	1950	660
25419	11032	7	2230	400
25419	10228	8	2330	420
25419	10228	9	2150	360
25419	10228	10	2270	360
25419	11028	11	270	1760
25419	11085	12	310	1840
25419	17490	13	330	1780
25419	12022	14	1010	760
25419	12119	15	1090	760
25419	12027	16	850	780
25419	12102	17	790	760
25419	17491	18	870	720
25419	11047	19	1070	960
25419	11031	20	970	940
25419	11024	21	1050	880
25419	17355	22	1170	940
25419	17355	23	1050	1040
25420	12027	1	350	400
25420	12102	2	470	380
25420	12022	3	450	440
25420	12119	4	450	500
25421	12092	1	310	620
25425	17523	1	690	760
25425	17523	2	1630	620
25425	17524	3	2010	860
25425	17524	4	1070	540
25425	17523	5	3310	820
25425	17524	6	1270	860
25427	17525	1	570	800
25427	17525	2	990	1060
25427	17526	3	1010	540
25427	17526	4	1250	800
25431	14549	1	770	480
25431	14550	2	590	560
25431	17369	3	550	280
25431	12022	4	1010	720
25431	12033	5	950	760
25433	12033	1	390	460
25433	12041	2	450	460
25433	12031	3	490	600
25433	12022	4	350	520
25433	12040	5	350	580
25433	12012	6	510	480
25433	12109	7	550	560
25435	17507	1	790	1360
25435	17507	2	1170	1580
25435	17508	3	570	840
25435	14540	4	1090	800
25435	14541	5	1090	920
25435	12040	6	1150	840
25435	12022	7	1010	900
25435	12033	8	910	840
25435	12109	9	1030	1000
25435	12041	10	850	880
25435	12006	11	990	840
25435	12008	12	970	900
25435	12007	13	930	920
25435	12020	14	810	940
25437	14538	1	130	460
25437	12042	2	250	440
25437	12040	3	310	480
25437	12041	4	310	420
25437	17491	5	370	560
25437	12041	6	350	420
25439	12033	1	290	140
25439	12022	2	230	180
25439	14538	3	330	180
25439	14539	4	210	100
25439	17496	5	390	240
25440	17509	1	530	740
25440	17509	2	1390	560
25440	17510	3	1690	880
25440	17510	4	1070	500
25440	14540	5	1130	1040
25440	17197	6	1070	1060
25440	12022	7	1270	1020
25440	12033	8	1330	1040
25441	12033	1	410	560
25441	12001	2	370	540
25441	12041	3	470	540
25441	12012	4	310	660
25441	12094	5	370	720
25443	11031	1	450	600
25443	40059	2	390	540
25443	40059	3	470	540
25443	12020	4	430	540
25443	40059	5	410	480
25443	12040	6	490	720
25443	12020	7	550	720
25445	40059	1	970	400
25445	40059	2	890	380
25445	40059	3	930	360
25446	40059	1	810	440
25446	40059	2	810	500
25446	40059	3	750	480
25447	17501	1	630	840
25447	17502	2	1130	920
25447	17501	3	550	2060
25447	11040	4	770	2040
25447	11038	5	830	2120
25447	12027	6	1010	1940
25447	12020	7	270	260
25447	17491	8	410	400
25447	12040	9	410	360
25447	12026	10	350	400
25447	12020	11	450	500
25447	11031	12	690	500
25447	17500	13	550	460
25447	17500	14	550	500
25447	17500	15	550	540
25447	17491	16	470	420
25447	17491	17	390	500
25447	17491	18	470	580
25447	15110	19	350	580
25447	15121	20	410	580
25448	12033	1	890	400
25448	12001	2	530	400
25448	12012	3	410	460
25448	12040	4	290	520
25448	12027	5	970	640
25448	12046	6	850	680
25448	14259	7	1030	600
25448	17491	8	690	560
25449	12022	1	390	400
25451	12018	1	730	1460
25451	12075	2	610	640
25451	12076	3	2290	1480
25451	12001	4	2110	180
25451	12064	5	1950	360
25452	17493	1	630	720
25452	17494	2	1590	720
25452	17493	3	2830	600
25452	17494	4	3170	920
25452	12056	5	670	320
25452	12119	6	470	420
25452	12103	7	510	440
25452	12110	8	610	480
25452	12120	9	650	500
25453	15104	1	690	480
25453	35036	2	710	580
25453	38026	3	750	540
25453	15337	4	790	460
25453	27062	5	830	420
25453	27063	6	870	440
25453	15336	7	1590	840
25463	15284	1	450	400
25464	14523	1	530	340
25464	15010	2	350	380
25464	10210	3	330	420
25464	10206	4	290	380
25464	14538	5	330	360
25464	14539	6	310	400
25464	14540	7	250	380
25464	14541	8	270	420
25464	15284	9	570	480
25464	14523	10	30	80
25471	15063	1	190	400
25471	15237	2	550	540
25471	15215	3	650	500
25473	14560	1	470	300
25481	17460	1	1390	3580
25481	28036	2	1510	3640
25481	15059	3	1130	3700
25481	17528	4	1250	3520
25481	15458	5	630	3460
25481	15458	6	490	1440
25481	15458	7	1250	840
25481	15458	8	1290	600
25481	15009	9	550	1480
25481	28038	10	430	1360
25481	28020	11	450	1300
25481	28017	12	310	1300
25481	28018	13	350	1380
25481	28019	14	390	1300
25481	14522	15	1630	80
25481	14215	16	1350	900
25481	28033	17	1150	700
25481	27049	18	1130	820
25481	27101	19	1230	720
25481	28004	20	1170	800
25481	28009	21	1230	780
25481	28073	22	1170	540
25481	28072	23	1170	480
25481	28072	24	1110	480
25481	28072	25	1110	540
25481	28072	26	1030	480
25481	28072	27	950	420
25481	28072	28	1090	440
25481	28072	29	1230	420
25481	28073	30	1170	540
25481	15459	31	1210	1620
25481	15459	32	1210	1620
25481	15458	33	1210	1620
25482	28040	1	890	580
25482	15009	2	730	660
25482	14522	3	670	700
25482	14215	4	790	620
25482	15458	5	730	660
25483	14225	1	530	380
25483	17430	2	430	560
25483	17408	3	310	580
25483	17408	4	390	660
25483	14522	5	170	820
25483	15458	6	170	820
25483	15009	7	170	820
25491	15063	1	470	460
25491	12001	2	630	500
25491	12097	3	810	560
25491	17001	4	890	580
25491	17001	5	850	600
25501	12040	1	290	1400
25501	14540	2	410	1540
25502	24001	1	410	260
25503	12022	1	290	780
25503	14541	2	390	920
25504	14553	1	3690	1580
25504	12022	2	3610	1520
25504	12078	3	1950	320
25504	12001	4	2050	240
25504	14538	5	2130	320
25504	12027	6	2190	220
25504	12020	7	2230	300
25504	12022	8	2210	380
25504	12040	9	2130	420
25511	11032	1	270	800
25511	12065	2	2910	240
25511	12033	3	2990	300
25511	12041	4	2850	300
25511	14549	5	2970	440
25511	14550	6	2890	440
25513	10232	1	1190	480
25513	10233	2	1050	280
25513	10235	3	1250	280
25513	12012	4	1150	360
25513	17503	5	1090	360
25513	17503	6	1210	360
25513	10056	7	1470	280
25513	17284	8	1270	540
25514	24001	1	230	200
25515	12019	1	2310	960
25517	12045	1	390	160
25521	14547	1	1290	420
25521	14548	2	1170	480
25521	12022	3	1110	320
25522	24001	1	510	240
25523	20001	1	1930	160
25523	20001	2	2290	2940
25523	14546	3	1990	260
25523	14627	4	1890	240
25523	14628	5	2030	180
25523	12009	6	2230	200
25523	12022	7	2190	500
25524	20001	1	1390	1040
25524	24001	2	2090	920
25524	24001	3	2910	260
25524	12130	4	2810	700
25524	12020	5	2990	700
25524	12031	6	2170	1500
25524	17487	7	2070	1420
25524	17487	8	2130	1420
25524	17487	9	2190	1420
25524	17487	10	2250	1420
25525	24001	1	410	440
25526	20001	1	1110	1700
25526	20001	2	530	160
25527	20001	1	290	840
25531	24001	1	1410	900
25531	12046	2	1150	900
25531	12020	3	1050	1000
25533	10177	1	1170	880
25533	28022	2	1290	860
25534	12111	1	250	940
25534	12046	2	410	980
25540	14554	1	1170	220
25540	17503	2	1250	240
25540	17503	3	1290	260
25540	17503	4	1130	280
25540	17503	5	1150	320
25542	24001	1	1370	920
25552	24001	1	330	240
25701	14547	1	790	1640
25701	17487	2	750	1580
25701	17487	3	830	1580
25701	14548	4	1190	560
25701	17503	5	1210	620
25701	17503	6	1270	580
25701	14537	7	1690	900
25701	14538	8	1630	900
25701	14539	9	1630	840
25701	14540	10	1630	960
25701	14541	11	1570	900
25701	12033	12	1830	900
25701	12041	13	1890	900
25701	12022	14	1890	960
25701	12040	15	1890	840
25701	12031	16	1950	900
25702	14537	1	330	340
25702	12107	2	570	360
25702	14540	3	270	480
25702	14541	4	690	400
25702	12114	5	370	520
25703	14538	1	490	400
25703	14539	2	530	600
25706	12072	1	2310	760
25706	17331	2	2170	640
25706	17331	3	2170	800
25706	12071	4	710	620
25706	17365	5	750	680
25706	17365	6	790	620
25706	14537	7	1590	600
25706	12033	8	1650	600
25706	14538	9	1490	640
25706	12041	10	1750	640
25706	12040	11	1790	720
25706	14539	12	1450	720
25706	14540	13	1450	800
25706	12031	14	1790	800
25706	17487	15	1630	740
25707	12033	1	890	420
25707	12012	2	510	400
25707	12094	3	950	620
25707	12031	4	850	680
25707	12042	5	390	460
25707	12055	6	270	520
25707	12041	7	990	460
25708	12041	1	490	400
25709	12022	1	410	340
25709	12040	2	450	500
25711	15021	1	730	340
25731	17490	1	1210	600
25731	17489	2	790	940
25731	17490	3	1130	1440
25731	17489	4	610	1540
25731	17490	5	1090	2060
25731	17489	6	950	2540
25731	17490	7	730	3020
25731	11047	8	690	640
25731	11065	9	730	660
25731	11031	10	830	600
25731	11021	11	630	740
25731	11024	12	770	640
25731	11050	13	690	700
25731	17184	14	730	720
25731	17184	15	810	680
25731	10232	16	390	380
25731	10236	17	330	400
25731	11077	18	430	340
25731	17490	19	370	320
25731	17490	20	330	340
25731	11077	21	770	700
25731	17549	22	810	680
25731	17549	23	770	700
25731	17549	24	730	720
25731	12001	25	510	660
25731	12020	26	850	760
25731	12022	27	830	600
25731	12027	28	630	740
25732	17490	1	1130	940
25732	17491	2	1070	1580
25732	17490	3	630	1680
25732	17491	4	970	2540
25732	17490	5	550	2760
25732	11047	6	310	3000
25732	11065	7	350	2980
25732	11077	8	210	3080
25732	17697	9	150	3080
25732	17699	10	230	3140
25733	11047	1	850	580
25733	11065	2	810	560
25733	11077	3	1070	660
25733	17490	4	1090	720
25733	17490	5	1130	660
25733	17184	6	910	680
25733	11024	7	890	580
25733	11050	8	1150	720
25733	11031	9	1110	560
25733	11021	10	1170	600
25733	15131	11	2130	1420
25733	11047	12	2310	400
25733	11050	13	2170	400
25801	10090	1	650	240
25801	15184	2	730	300
25801	10165	3	430	360
25801	10165	4	490	320
25801	10165	5	550	380
25801	12022	6	250	380
25801	12031	7	350	460
25801	12046	8	350	400
25801	11085	9	1010	240
25801	17491	10	790	240
25801	17491	11	810	300
25801	38149	12	890	240
25802	17549	1	630	660
25802	17549	2	670	1260
25802	17549	3	590	2120
25802	17550	4	1070	880
25802	17550	5	1430	1240
25802	17550	6	1610	1920
25802	11173	7	350	300
25802	12046	8	2070	2440
25802	12022	9	350	420
25802	11031	10	290	320
25802	11028	11	410	280
25802	43043	12	490	460
25802	12046	13	650	500
25803	11028	1	410	340
25803	11085	2	150	420
25806	17519	1	670	1500
25806	17519	2	750	940
25806	17519	3	1890	700
25806	17520	4	1330	740
25806	17520	5	1690	1520
25807	10232	1	730	440
25807	11032	2	790	440
25807	10236	3	890	440
25807	10232	4	2010	1660
25807	11032	5	1950	1680
25807	10235	6	2030	1580
25807	10236	7	1890	1640
25807	11050	8	2130	1720
25807	10236	9	830	740
25807	10232	10	910	820
25807	10235	11	890	880
25807	11047	12	870	1000
25807	11021	13	850	1140
25807	11031	14	790	1140
25807	11024	15	910	1140
25807	11050	16	970	1140
25807	11065	17	830	1040
25807	17184	18	1030	1180
25807	17184	19	730	1180
25808	12094	1	1190	500
25811	12022	1	650	420
25811	12013	2	570	380
25811	17491	3	510	440
25811	12012	4	570	420
25812	17553	1	590	3480
25812	17553	2	630	2580
25812	17553	3	1050	1960
25812	17553	4	690	1060
25812	17554	5	1010	2880
25812	17554	6	550	1580
25812	17554	7	1010	1440
25812	17554	8	1190	600
25812	11040	9	1130	3620
25812	11031	10	1070	3680
25812	12022	11	750	3540
25812	12022	12	830	700
25812	11021	13	470	480
25812	11028	14	550	560
25812	12012	15	830	600
25813	17561	1	770	1420
25813	17561	2	1270	1080
25813	17562	3	1230	620
25813	17562	4	1870	820
25813	17562	5	1550	1520
25813	17553	6	690	540
25813	17554	7	670	620
25816	17012	1	290	380
25816	11021	2	170	500
25816	11031	3	230	540
25816	10234	4	470	500
25816	17676	5	530	520
25817	11021	1	330	560
25817	10233	2	510	600
25818	11032	1	590	340
25818	10233	2	590	440
25818	10234	3	330	340
25818	17489	4	250	480
25819	12033	1	2850	2420
25819	12001	2	2790	2380
25819	12022	3	2970	2320
25819	12027	4	2930	2380
25819	12002	5	2930	2260
25819	11024	6	2830	2180
25819	17399	7	2750	2220
25819	17399	8	450	320
25819	11024	9	450	400
25819	12022	10	530	700
25819	12027	11	670	640
25819	17491	12	610	700
25819	17491	13	470	760
25819	17491	14	730	600
25819	11047	15	490	540
25819	17399	16	570	540
25819	17491	17	3010	2380
25819	17399	18	1430	820
25819	17399	19	950	1140
25819	17399	20	750	1780
25819	17399	21	1810	1960
25819	17399	22	2670	1680
25819	17399	23	1570	1420
25820	11047	1	1870	780
25820	11024	2	1930	780
25820	11052	3	1890	720
25820	17399	4	1990	760
25820	17491	5	530	1740
25820	12033	6	410	1640
25820	12001	7	350	1640
25820	12022	8	270	1720
25820	12027	9	290	1660
25820	11047	10	1050	1040
25820	11024	11	1170	1040
25820	12033	12	1250	1000
25820	12001	13	1190	940
25821	17555	1	490	2080
25821	17555	2	1050	620
25821	17555	3	730	1280
25821	17556	4	570	720
25821	17556	5	1670	2060
25821	17556	6	1770	1340
25821	15248	7	350	360
25821	10230	8	530	480
25821	10229	9	530	580
25821	10229	10	630	540
25821	11047	11	330	2400
25821	11024	12	410	2380
25821	11050	13	330	2340
25821	10234	14	270	2500
25821	10233	15	210	2460
25821	11047	16	2270	360
25821	11024	17	2330	380
25821	11021	18	2090	360
25821	11031	19	2150	320
25821	10233	20	2110	560
25821	10234	21	2050	520
25821	17489	22	2110	660
25821	17491	23	1950	540
25821	11031	24	1450	840
25821	11024	25	1510	900
25821	12022	26	1350	960
25821	12119	27	1350	1040
25821	17355	28	1350	840
25821	17355	29	1510	1020
25821	17355	30	1230	900
25821	17355	31	1450	1120
25821	17491	32	1250	1060
25821	11003	33	1150	1140
25821	17355	34	1050	1120
25821	17355	35	1170	1240
25821	12027	36	870	1900
25821	11200	37	1030	1820
25821	11201	38	990	1780
25821	17355	39	970	1700
25821	17355	40	890	1700
25821	12027	41	1290	1160
25821	12119	42	2130	2440
25821	11003	43	2050	2360
25821	17355	44	2150	2540
25821	17355	45	2230	2480
25821	17355	46	1950	2320
25821	12027	47	2130	2240
25821	12027	48	1070	1860
25822	17262	1	890	460
25822	17262	2	750	660
25822	11047	3	410	540
25822	11021	4	290	500
25822	11020	5	410	460
25822	11036	6	410	620
25822	11050	7	470	500
25822	11024	8	470	580
25822	11031	9	290	580
25822	11047	10	1310	460
25822	11065	11	1230	440
25822	11020	12	1090	460
25822	11031	13	1130	540
25823	11047	1	650	360
25823	11050	2	410	360
25823	11077	3	290	400
25823	11031	4	670	500
25823	11024	5	570	540
25823	11020	6	190	440
25823	11006	7	470	580
25823	11040	8	410	480
25824	11063	1	490	400
25825	12002	1	570	220
25825	12118	2	470	260
25826	17125	1	410	480
25826	17125	2	210	340
25827	11021	1	470	420
25827	10233	2	550	500
25827	17678	3	530	580
25827	17678	4	590	540
25827	17678	5	650	500
25827	17678	6	650	560
25827	17678	7	590	600
25827	17012	8	470	340
25827	17012	9	410	360
25828	11021	1	230	420
25828	11031	2	190	460
25831	17537	1	610	1340
25831	17537	2	1110	700
25831	17538	3	590	620
25831	17538	4	1090	1220
25831	12017	5	1170	1680
25833	12022	1	730	520
25833	11165	2	590	460
25833	12012	3	530	500
25833	17491	4	670	600
25833	17553	5	990	800
25833	17553	6	930	820
25833	17553	7	870	820
25833	17553	8	1030	760
25833	11021	9	1010	860
25833	11052	10	1030	820
25833	11028	11	950	840
25833	17554	12	890	860
25833	17554	13	1070	780
25833	12022	14	1070	900
25833	17491	15	1130	900
25833	17491	16	1050	940
25836	17521	1	590	2140
25836	17521	2	830	1180
25836	17522	3	590	1600
25836	17522	4	1110	1580
25841	12001	1	290	540
25841	12015	2	190	600
25841	17491	3	290	500
25841	17491	4	350	520
25842	17527	1	490	560
25842	17528	2	1170	1020
25843	17529	1	550	880
25843	17529	2	2050	540
25843	17529	3	2270	860
25843	17530	4	990	640
25843	17530	5	1610	860
25843	17530	6	2750	920
25843	17515	7	2750	500
25843	17269	8	2650	480
25843	28022	9	2610	600
25844	11031	1	410	340
25846	17533	1	1890	860
25846	17533	2	490	900
25846	17534	3	1450	580
25851	17535	1	1050	1200
25851	17536	2	550	2080
25851	17535	3	710	1660
25851	17536	4	1130	1580
25851	17535	5	1270	420
25851	17535	6	1210	480
25851	17535	7	1170	380
25851	12020	8	1210	400
25851	12020	9	1210	400
25861	17515	1	810	580
25861	17516	2	590	1440
25861	17516	3	1030	980
25861	17515	4	1070	1360
25862	12020	1	530	460
25862	12089	2	390	440
25862	12090	3	330	460
25862	17515	4	370	600
25862	17042	5	310	540
25863	17518	1	630	820
25863	17517	2	1130	680
25863	17518	3	950	1780
25863	17517	4	590	2160
25863	17517	5	1370	2040
25863	17515	6	1210	2040
25865	12046	1	750	380
25865	12020	2	810	380
25871	17531	1	590	580
25871	17531	2	2650	780
25871	17532	3	1770	840
25871	12013	4	3010	420
25871	12046	5	2910	600
25871	12020	6	2850	540
25881	17543	1	690	1300
25881	17543	2	1150	660
25881	17543	3	1510	1540
25881	17544	4	570	740
25881	17544	5	1810	680
25881	17544	6	1990	1140
25881	12092	7	1470	380
25882	17545	1	630	760
25882	17545	2	1690	780
25882	17546	3	1150	620
25891	17559	1	1110	820
25891	17559	2	3570	860
25891	17560	3	2490	880
25891	17560	4	1770	700
25894	17557	1	590	2440
25894	17557	2	490	860
25894	17557	3	1130	1580
25894	17558	4	610	1680
25894	17558	5	1130	960
25894	17558	6	890	2800
25895	17551	1	950	640
25895	17551	2	2370	880
25895	17552	3	590	760
25895	17552	4	2870	540
25896	17547	1	610	940
25896	17547	2	1450	860
25896	17548	3	1110	540
25896	17548	4	1970	780
26000	26025	1	4590	1440
26000	26025	2	4590	1500
26001	17573	1	310	580
26001	17573	2	530	640
26001	16042	3	610	800
26002	15044	1	410	680
26002	28007	2	310	320
26002	15080	3	690	580
26002	15258	4	730	480
26002	15180	5	850	480
26002	15073	6	830	580
26002	15145	7	1130	360
26002	28010	8	910	120
26003	16005	1	410	780
26003	15158	2	110	460
26003	15075	3	1130	560
26003	15276	4	330	360
26003	28001	5	370	400
26003	15146	6	950	440
26003	15093	7	430	480
26003	15090	8	470	420
26003	15089	9	450	340
26004	17572	1	270	220
26004	17572	2	470	200
26004	15315	3	230	280
26011	17575	1	310	600
26011	17575	2	530	640
26011	15158	3	610	780
26011	13085	4	510	480
26012	16005	1	90	440
26012	14709	2	310	680
26012	13085	3	250	720
26021	15158	1	1190	1120
26021	16023	2	1530	480
26021	15068	3	230	1020
26021	28006	4	830	120
26021	28008	5	910	180
26021	15205	6	210	560
26021	17578	7	1530	820
26021	14562	8	1490	760
26021	13007	9	1370	920
26031	16023	1	650	320
26031	15158	2	1250	320
26031	15289	3	510	880
26031	15300	4	810	300
26031	15326	5	590	680
26031	10225	6	590	780
26031	10227	7	630	680
26031	10227	8	550	680
26031	13011	9	690	820
26051	15138	1	470	220
26051	15132	2	370	1080
26103	15279	1	470	320
26103	15260	2	290	400
26103	15013	3	370	420
26103	12049	4	530	360
26103	40105	5	430	300
26104	14567	1	370	320
26104	13007	2	370	520
26104	17577	3	610	300
26104	17577	4	670	320
26105	15204	1	490	300
26106	15186	1	510	320
26107	15312	1	530	360
26108	15146	1	330	300
26110	14624	1	530	360
26131	14566	1	530	320
26134	13007	1	430	280
26135	13152	1	490	340
26135	13153	2	550	380
26135	13044	3	290	320
26135	13085	4	350	300
26138	15313	1	550	320
26138	15315	2	550	480
26138	17340	3	330	380
26138	17572	4	310	420
26139	15315	1	290	340
26172	13011	1	410	300
26177	15326	1	410	300
26177	13011	2	330	320
26177	10249	3	190	380
26177	10249	4	630	360
26177	14584	5	490	460
26181	15113	1	490	300
26181	15130	2	550	320
26201	16003	1	570	360
26201	16021	2	270	360
26221	16002	1	210	320
26241	16018	1	730	540
26241	16015	2	190	460
26241	17572	3	470	620
26241	17572	4	590	560
26241	15111	5	930	560
26241	15115	6	350	360
26241	15070	7	390	360
26241	15030	8	1050	340
26242	16018	1	350	400
26242	16015	2	410	400
26242	15096	3	610	400
26242	17596	4	250	540
26261	16004	1	410	240
26262	16012	1	470	240
26281	16006	1	690	280
26281	15260	2	550	500
26281	15259	3	430	440
26281	15271	4	610	400
26281	15205	5	870	300
26281	15309	6	430	280
26281	15297	7	530	300
26301	14561	1	250	300
26301	14565	2	530	340
26301	14564	3	310	440
26301	15179	4	530	440
26301	27062	5	530	480
26301	27063	6	610	440
26302	14563	1	590	320
26302	14562	2	650	380
26411	15316	1	290	280
26411	15317	2	490	340
26411	14576	3	530	460
26411	17596	4	590	480
26411	17597	5	510	520
26421	15111	1	150	400
26514	24001	1	210	200
26515	15156	1	1990	1380
26515	38026	2	2010	1500
26515	27051	3	2110	1500
26515	38026	4	2150	1420
26515	27050	5	2070	1460
26522	10265	1	570	220
26522	10266	2	490	220
26522	10267	3	630	260
26522	10268	4	410	260
26523	43021	1	1210	2760
26523	43022	2	1330	2760
26523	43020	3	1210	2580
26523	43019	4	1330	2580
26523	43020	5	1210	2420
26523	43019	6	1330	2420
26523	43021	7	1210	2260
26523	43022	8	1330	2260
26523	26001	9	1210	1940
26523	26001	10	1330	1940
26523	26001	11	1190	1800
26523	26001	12	1350	1800
26523	26001	13	1210	1480
26523	26001	14	1330	1480
26523	26001	15	1190	1320
26523	26001	16	1310	1320
26523	10266	17	1270	180
26523	43021	18	1210	200
26523	43019	19	1330	200
26525	43019	1	3830	400
26525	43020	2	3830	340
26525	43022	3	3650	340
26525	43021	4	3650	400
26525	43022	5	3490	320
26525	43019	6	3490	380
26525	43019	7	3270	320
26525	43020	8	3270	400
26525	43022	9	3130	400
26525	43020	10	3130	320
26525	43020	11	2990	420
26525	43021	12	2990	340
26525	10265	13	290	960
26525	43019	14	210	980
26525	43019	15	330	900
26525	43020	16	250	1020
26525	43020	17	370	940
26525	13048	18	450	1100
26525	26001	19	2610	320
26525	26001	20	2630	380
26525	26001	21	2510	320
26525	26001	22	2510	380
26525	26001	23	2410	320
26525	26001	24	2410	380
26525	26001	25	2190	340
26525	26001	26	2270	380
26525	26001	27	2030	520
26525	26001	28	2150	520
26525	26001	29	2050	640
26525	26001	30	2130	640
26525	26001	31	2030	760
26525	26001	32	2130	760
26525	26001	33	2030	900
26525	26001	34	2130	920
26525	26001	35	1910	1000
26525	26001	36	2050	1040
26525	26001	37	1750	980
26525	26001	38	1810	1020
26525	26001	39	1590	980
26525	26001	40	1690	1020
26525	26001	41	1450	1000
26525	26001	42	1530	1040
26525	10267	43	30	80
26529	14584	1	450	240
26529	10226	2	510	240
26529	10226	3	390	240
26529	13011	4	510	320
26529	15326	5	450	320
26529	10225	6	510	320
26531	35041	1	390	380
26531	15130	2	570	400
26541	25164	1	1130	460
26541	25164	2	1850	1200
26541	25166	3	2330	900
26541	25166	4	3010	600
26541	25170	5	2190	480
26541	25170	6	1530	1200
26542	25163	1	390	440
26542	25163	2	2330	540
26542	25167	3	1010	2480
26542	25167	4	1370	480
26542	25169	5	1850	1080
26542	25169	6	1350	1880
26543	25165	1	2050	440
26543	25165	2	1930	2440
26543	25168	3	570	1220
26543	25168	4	1350	600
26543	25171	5	570	1860
26543	25171	6	1330	1660
26551	25173	1	1110	940
26551	25173	2	2330	1820
26551	25176	3	1170	1420
26551	25176	4	190	1820
26551	25178	5	270	240
26551	25178	6	1690	1060
26552	25172	1	1330	500
26552	25172	2	210	460
26552	25177	3	3010	620
26552	25177	4	2290	260
26552	25179	5	2210	1100
26552	25179	6	3950	420
26553	25174	1	1150	1360
26553	25174	2	270	260
26553	25175	3	850	420
26553	25175	4	1090	960
26553	25180	5	230	1200
26553	25180	6	1270	540
26554	25174	1	1450	880
26554	25175	2	530	940
26554	25180	3	1090	1160
26554	25180	4	1470	520
26554	25174	5	170	340
26554	25175	6	1150	240
26801	17576	1	750	1760
26801	17577	2	1130	1160
26801	17577	3	550	1160
26801	15126	4	1430	260
26802	17578	1	550	1060
26802	17578	2	1810	1560
26802	17579	3	1130	1580
26802	17579	4	1350	560
26802	17578	5	1710	1160
26806	10244	1	630	540
26806	10244	2	970	940
26806	10245	3	1330	520
26806	10245	4	1510	940
26811	17588	1	690	800
26811	17588	2	2570	780
26811	17589	3	1830	780
26812	17590	1	770	1200
26812	17591	2	770	680
26816	10246	1	490	780
26816	10246	2	590	1280
26816	10247	3	1050	1520
26816	10247	4	1190	1040
26821	17598	1	630	560
26821	17598	2	1330	920
26821	17598	3	2350	520
26821	17598	4	2890	940
26821	17599	5	1250	500
26821	17599	6	890	980
26821	17599	7	2170	920
26821	17599	8	2730	580
26831	17580	1	650	600
26831	17580	2	1990	1480
26831	17581	3	1250	580
26831	17581	4	690	1160
26831	17581	5	1570	900
26841	17582	1	790	800
26841	17582	2	2670	700
26841	17583	3	1250	580
26841	17583	4	2430	940
26841	17583	5	1590	920
26841	17582	6	2130	680
26842	31001	1	490	540
26842	31002	2	810	660
26842	31003	3	1330	1000
26842	31004	4	410	1040
26851	10252	1	950	580
26851	10252	2	510	1520
26851	10252	3	1990	1540
26851	10252	4	2090	500
26851	10253	5	490	840
26851	10253	6	1330	940
26851	10253	7	1390	1500
26851	10253	8	1870	1100
26852	10254	1	590	580
26852	10254	2	1150	960
26852	10255	3	1190	560
26852	10255	4	670	920
26861	17592	1	1010	1540
26861	17592	2	1790	800
26861	17593	3	1710	1500
26861	17593	4	1450	580
26862	17594	1	1030	700
26862	17595	2	1550	940
26871	13085	1	730	520
26871	13152	2	770	480
26871	13153	3	670	500
26871	14707	4	830	580
26871	14706	5	770	600
26872	17596	1	670	1080
26872	17596	2	1110	1480
26872	17596	3	650	2040
26872	17596	4	1130	2780
26872	17597	5	1130	920
26872	17597	6	590	1480
26872	17597	7	1130	2120
26872	17597	8	630	2760
26872	13085	9	450	780
26872	14708	10	410	680
26872	14709	11	490	680
26872	14562	12	450	620
26872	14563	13	530	620
26872	14564	14	370	620
26872	13152	15	670	760
26872	13153	16	210	760
26872	13044	17	610	700
26872	13044	18	550	740
26872	13044	19	290	700
26872	13044	20	350	760
26872	13044	21	590	880
26881	17574	1	1230	500
26881	17574	2	1090	920
26881	17575	3	1670	760
26881	17575	4	2830	780
26891	17584	1	2750	840
26891	17584	2	950	800
26891	17585	3	2430	620
26891	17585	4	1470	600
26891	17585	5	2070	840
26892	17586	1	750	2140
26892	17586	2	1130	900
26892	17587	3	750	1200
26892	17587	4	1150	2080
27001	15348	1	1390	740
27001	14314	2	390	380
27001	11174	3	450	420
27001	17196	4	450	500
27001	17254	5	310	400
27001	14597	6	630	360
27001	15367	7	1250	240
27001	15368	8	1150	240
27001	15363	9	250	1140
27011	14610	1	330	660
27011	17610	2	510	340
27011	17610	3	330	400
27011	14261	4	930	380
27011	15158	5	630	520
27011	16054	6	1150	500
27011	15111	7	770	600
27021	14611	1	330	360
27021	14612	2	410	340
27021	17611	3	990	400
27021	17611	4	790	320
27021	15158	5	150	500
27021	16054	6	970	660
27021	14260	7	650	520
27031	18001	1	1590	660
27031	18002	2	1910	500
27031	15348	3	1570	440
27031	18015	4	470	500
27031	18015	5	930	780
27031	18015	6	290	1020
27031	18001	7	1730	420
27031	17328	8	1770	500
27031	17329	9	1790	460
27031	15111	10	2470	80
27101	14589	1	650	360
27101	14596	2	450	360
27101	14408	3	550	300
27101	17611	4	570	620
27102	14590	1	550	320
27131	11116	1	330	260
27134	14591	1	490	380
27134	14592	2	350	380
27134	14408	3	350	500
27134	14589	4	310	480
27134	17610	5	230	440
27134	17611	6	290	400
27135	14594	1	350	380
27135	14595	2	490	380
27136	11175	1	450	300
27171	15349	1	470	320
27171	15350	2	410	300
27171	14597	3	530	340
27171	11174	4	330	420
27171	17129	5	390	440
27171	17150	6	270	400
27173	14597	1	410	320
27173	15290	2	450	460
27176	14593	1	330	360
27401	15366	1	650	480
27411	17610	1	710	700
27411	15364	2	170	660
27421	15365	1	1010	620
27421	18004	2	1230	800
27421	18006	3	1170	720
27421	14679	4	850	680
27431	15111	1	1370	1100
27501	15290	1	430	1520
27501	15348	2	350	1520
27501	14597	3	430	1620
27521	25181	1	450	1200
27521	25184	2	470	1840
27521	25187	3	2150	1160
27522	25182	1	450	220
27522	25185	2	3130	1000
27522	25188	3	2110	220
27523	25183	1	410	240
27523	25189	2	2150	220
27523	25186	3	2130	860
27531	18001	1	1270	1700
27531	18001	2	1210	1700
27531	15111	3	1150	1580
27531	40064	4	1190	1600
27531	40065	5	1330	1760
27531	40066	6	1370	1720
27531	40066	7	1370	1800
27531	40066	8	1270	1780
27801	17634	1	610	600
27801	17635	2	1230	500
27801	17634	3	1150	880
27801	17635	4	690	1020
27801	17634	5	570	1480
27801	17635	6	1050	1800
27801	17634	7	530	2140
27801	17635	8	970	2180
27802	17636	1	530	540
27802	17637	2	910	880
27802	17636	3	1210	980
27802	17637	4	510	920
27811	17624	1	570	720
27811	17625	2	1210	680
27811	17624	3	1070	1020
27811	17625	4	630	1240
27811	17624	5	1130	1440
27811	17625	6	610	1660
27811	17624	7	1050	1860
27811	17625	8	630	2060
27811	17624	9	650	2440
27811	17625	10	1050	2220
27811	17624	11	1030	2660
27821	17620	1	650	580
27821	17621	2	1070	580
27821	17620	3	1950	560
27821	17621	4	2370	560
27821	17620	5	2730	560
27821	17621	6	3750	560
27821	17620	7	4470	640
27821	17621	8	810	920
27821	17620	9	1890	920
27821	17621	10	2970	880
27821	17620	11	3410	900
27821	17621	12	4130	940
27822	17622	1	1210	560
27822	17623	2	1010	860
27822	17622	3	670	1200
27822	17623	4	1050	1380
27822	17622	5	530	1560
27831	17612	1	590	920
27831	17613	2	490	520
27831	17612	3	1010	740
27831	17613	4	2090	900
27831	17612	5	2570	920
27831	17613	6	2490	560
27831	17612	7	2990	700
27831	17613	8	3470	660
27841	17614	1	510	520
27841	17614	2	1770	580
27841	17614	3	2690	680
27841	17615	4	750	780
27841	17615	5	1470	860
27841	17615	6	2230	700
27851	17616	1	490	660
27851	17617	2	910	640
27851	17617	3	1290	640
27851	17616	4	1650	560
27851	17617	5	1950	640
27851	17617	6	990	1360
27851	17616	7	1430	1300
27851	17617	8	1910	1460
27851	17616	9	1670	1940
27851	17617	10	1130	1860
27851	17616	11	690	2040
27851	17617	12	1070	2220
27851	17616	13	650	1680
27852	17618	1	710	2060
27852	17619	2	1070	1940
27852	17618	3	1110	1620
27852	17619	4	610	1660
27852	17618	5	650	1300
27852	17619	6	1050	1320
27852	17618	7	1130	960
27852	17619	8	690	880
27852	17618	9	1150	600
27861	17630	1	590	420
27861	17631	2	1470	1060
27861	17630	3	1550	540
27861	17631	4	2010	520
27861	17630	5	2130	1000
27861	17631	6	1790	900
27861	17630	7	690	960
27861	17631	8	650	1360
27861	17630	9	1270	1340
27861	17631	10	1790	1400
27862	17632	1	630	700
27862	17633	2	1330	440
27862	17632	3	1230	900
27862	17633	4	630	1080
27862	17632	5	570	1440
27862	17633	6	1030	1360
27871	17626	1	670	420
27871	17627	2	1050	560
27871	17626	3	1130	900
27871	17627	4	570	820
27871	17626	5	930	1220
27871	17627	6	570	1760
27871	17626	7	1070	1960
27871	17627	8	550	2080
27872	17628	1	1490	420
27872	17629	2	1890	420
27872	17628	3	1990	820
27872	17629	4	1530	780
27872	17628	5	430	860
27873	11101	1	370	420
28001	17374	1	590	580
28001	17374	2	390	620
28001	15400	3	570	400
28002	17329	1	590	580
28002	17328	2	370	620
28002	17374	3	230	820
28002	27168	4	850	120
28002	27168	5	850	120
28002	15450	6	1110	300
28003	17374	1	1290	480
28003	15142	2	730	420
28003	15130	3	650	440
28003	15062	4	670	480
28003	15047	5	730	480
28004	15158	1	750	340
28004	16005	2	490	780
28004	17374	3	250	280
28004	16003	4	610	860
28011	15387	1	330	340
28011	15388	2	230	380
28011	15393	3	270	300
28012	15390	1	790	220
28012	15392	2	570	340
28012	15394	3	1010	880
28012	16081	4	910	540
28012	15158	5	1210	300
28012	16080	6	790	580
28012	14236	7	390	520
28012	15126	8	1130	440
28012	15130	9	1050	360
28012	17244	10	650	220
28012	15317	11	790	320
28021	15158	1	110	440
28021	16080	2	830	160
28021	14236	3	250	320
28021	15397	4	910	460
28021	15396	5	610	880
28031	15158	1	130	420
28031	16080	2	1250	500
28031	14236	3	970	280
28031	16081	4	450	320
28031	15398	5	950	580
28031	15131	6	550	280
28031	15401	7	30	80
28101	15389	1	230	360
28102	15389	1	450	320
28103	14635	1	510	360
28131	14630	1	390	260
28133	15398	1	350	320
28134	14634	1	570	380
28135	15057	1	350	360
28171	15023	1	370	320
28171	15450	2	490	420
28171	15450	3	370	320
28172	14629	1	290	440
28173	15395	1	570	300
28174	15395	1	630	320
28201	16010	1	550	380
28201	16021	2	330	320
28221	16083	1	230	320
28241	16018	1	570	520
28261	16012	1	410	240
28301	14632	1	830	320
28301	14633	2	890	420
28301	17658	3	610	420
28301	17658	4	890	480
28301	17658	5	530	500
28301	17658	6	830	580
28301	17658	7	430	580
28301	17658	8	770	680
28301	15390	9	510	120
28401	15397	1	450	440
28401	27100	2	450	440
28401	14639	3	330	380
28401	27100	4	370	540
28401	27100	5	230	400
28511	15319	1	2210	980
28511	17244	2	2110	940
28511	17244	3	2110	1020
28511	15390	4	2410	700
28801	17677	1	470	600
28801	17677	2	1010	500
28801	17677	3	1470	1040
28801	17677	4	2010	420
28801	17677	5	1970	1540
28801	17678	6	1350	1580
28801	17678	7	730	1500
28801	17678	8	490	1060
28801	17678	9	1150	960
28801	17678	10	2110	1100
28811	17675	1	610	620
28811	17675	2	1130	620
28811	17675	3	1930	1340
28811	17675	4	970	1260
28811	17676	5	590	1040
28811	17676	6	1630	600
28811	17676	7	2090	960
28821	17671	1	550	500
28821	17671	2	670	1240
28821	17671	3	670	1900
28821	17671	4	1110	1540
28821	17672	5	1110	1020
28821	17672	6	650	860
28821	17672	7	630	1620
28822	17673	1	650	880
28822	17673	2	1050	1400
28822	17673	3	1130	1000
28822	17674	4	650	1340
28822	17674	5	1150	600
28831	17667	1	730	400
28831	17667	2	1130	880
28831	17667	3	2310	440
28831	17667	4	2370	900
28831	17667	5	3230	440
28831	17667	6	3810	840
28831	17668	7	3710	440
28831	17668	8	3230	880
28831	17668	9	2710	380
28831	17668	10	1790	700
28831	17668	11	530	880
28832	17669	1	590	400
28832	17669	2	1190	1380
28832	17669	3	790	1620
28832	17670	4	570	1040
28832	17670	5	1130	480
28841	17659	1	970	860
28841	17659	2	610	480
28841	17660	3	490	840
28841	17660	4	970	420
28842	17661	1	590	540
28842	17661	2	2110	880
28842	17661	3	1270	740
28842	17662	4	1770	440
28842	17662	5	710	880
28842	17662	6	1650	840
28851	17665	1	3710	380
28851	17666	2	3770	860
28851	17665	3	2970	880
28851	17666	4	2930	460
28851	17665	5	2410	480
28851	17666	6	2350	900
28851	17665	7	1890	500
28851	17666	8	1770	960
28851	17666	9	1230	480
28851	17665	10	1230	900
28851	17666	11	570	440
28861	46105	1	630	640
28861	46105	2	1830	1080
28861	46105	3	1530	660
28861	46106	4	1350	1400
28861	46106	5	650	1420
28861	46106	6	1110	960
28862	46107	1	590	640
28862	46107	2	2730	660
28862	46107	3	2090	720
28862	46108	4	890	880
28862	46108	5	1670	740
28862	46108	6	2390	880
29001	15387	1	710	340
29001	15391	2	770	380
29001	15400	3	430	400
29002	15395	1	1230	220
29002	15394	2	490	240
29002	15138	3	670	360
29002	15387	4	750	340
29003	15393	1	910	420
29003	15057	2	150	640
29011	15158	1	270	400
29011	10255	2	290	580
29011	10255	3	550	640
29012	16081	1	110	220
29012	15390	2	1030	680
29013	15391	1	1030	660
29013	15394	2	630	360
29013	16003	3	830	380
29013	14636	4	610	520
29013	17658	5	590	460
29013	17658	6	670	480
29013	15389	7	350	700
29013	15390	8	290	700
29013	15392	9	430	680
29013	15393	10	370	740
29013	40033	11	550	500
29013	40034	12	510	500
29013	40035	13	470	500
29013	40036	14	430	500
29013	40037	15	670	540
29013	40038	16	690	580
29013	40039	17	710	620
29013	40040	18	730	660
29013	15401	19	30	80
29021	15395	1	470	540
29021	16081	2	330	300
29021	15401	3	30	80
29021	16054	4	1070	580
29021	14641	5	70	80
29021	17689	6	210	480
29021	17690	7	270	540
29031	15158	1	370	140
29031	15391	2	410	340
29102	14639	1	390	320
29104	14642	1	450	320
29131	14637	1	390	280
29133	14641	1	310	360
29135	14641	1	350	360
29241	16084	1	690	520
29241	15400	2	590	600
29241	17670	3	890	720
29261	16080	1	410	240
29281	16082	1	670	280
29301	14636	1	510	420
29302	14638	1	790	420
29303	14640	1	270	300
29303	10184	2	290	460
29303	10184	3	550	340
29303	14641	4	90	120
29403	15397	1	490	380
29403	27079	2	490	380
29403	14639	3	630	400
29403	27079	4	770	540
29403	27079	5	630	560
29508	14637	1	1370	1580
29508	17695	2	1430	1540
29508	17695	3	1430	1500
29508	17696	4	1430	1620
29508	17696	5	1430	1660
29508	14641	6	1370	1520
29511	25200	1	1090	1200
29511	25202	2	2230	1180
29511	25206	3	690	300
29512	25199	1	490	220
29512	25204	2	630	1560
29512	25205	3	1130	220
29513	25201	1	550	1180
29513	25201	2	530	1200
29513	25201	3	350	880
29513	25201	4	310	920
29513	25203	5	550	1520
29513	25203	6	590	1540
29513	25203	7	250	1820
29513	25207	8	290	1840
29513	25207	9	2310	1540
29801	17703	1	670	680
29801	17703	2	2030	1520
29801	17703	3	1450	1000
29801	17703	4	950	1520
29801	17704	5	1970	940
29801	17704	6	1670	620
29801	17704	7	1130	740
29801	17704	8	1470	1400
29811	17689	1	4550	480
29811	17690	2	3870	840
29811	17689	3	3150	600
29811	17690	4	2450	440
29811	17689	5	2070	920
29811	17690	6	1630	500
29811	17689	7	1070	900
29811	17690	8	450	660
29811	14641	9	4770	60
29811	14640	10	350	1080
29811	17689	11	4870	120
29811	17690	12	4910	180
29811	17689	13	370	1020
29811	17690	14	430	1080
29812	46113	1	510	400
29812	46115	2	490	900
29812	46113	3	1210	620
29812	46115	4	1930	560
29812	46113	5	2490	940
29812	46115	6	2650	440
29812	46113	7	3230	660
29812	46115	8	3870	840
29812	46113	9	4550	420
29813	17679	1	770	440
29813	17680	2	770	360
29813	17680	3	830	400
29813	14641	4	670	440
29813	15138	5	730	520
29813	40068	6	670	440
29813	40068	7	730	420
29813	40069	8	650	540
29813	40069	9	730	600
29813	40067	10	610	480
29813	17679	11	270	540
29813	17695	12	1130	480
29813	14642	13	450	360
29814	46114	1	470	720
29814	46116	2	1210	920
29814	46114	3	1890	400
29814	46116	4	2050	880
29814	46114	5	1050	440
29821	17683	1	410	800
29821	17684	2	1930	360
29821	17683	3	2130	900
29821	17684	4	1150	940
29821	17683	5	2390	1200
29821	17684	6	2330	1240
29821	14641	7	1810	1280
29822	17685	1	470	460
29822	17686	2	1250	700
29822	17685	3	450	1000
29822	17686	4	1250	1220
29822	17685	5	550	1860
29822	17686	6	1210	2060
29822	17705	7	390	2300
29822	17685	8	370	2220
29822	17686	9	470	2340
29822	14641	10	50	2340
29831	17697	1	510	440
29831	17697	2	2730	820
29831	17697	3	1770	500
29831	17698	4	2230	700
29831	17698	5	1810	940
29831	17698	6	970	420
29831	17698	7	510	880
29841	17691	1	1970	1180
29841	17692	2	770	1280
29841	17691	3	730	680
29841	17692	4	1690	680
29842	17693	1	1030	2000
29842	17694	2	1150	1360
29842	17693	3	630	1520
29842	17694	4	590	640
29842	17693	5	1190	480
29851	17687	1	430	880
29851	17688	2	1050	480
29851	17687	3	2050	780
29862	17699	1	450	720
29862	17699	2	1970	560
29862	17699	3	1710	2140
29862	17700	4	1050	1020
29862	17700	5	2090	1880
29862	17700	6	2050	1020
29862	17701	7	610	2140
29862	17701	8	1650	340
29862	17701	9	1170	1380
29862	17702	10	1170	1800
29862	17702	11	910	600
29862	17702	12	1630	1140
29871	17681	1	530	680
29871	17682	2	1330	800
29871	17681	3	2030	540
29871	17682	4	2790	740
29871	17681	5	3630	680
30001	17707	1	530	460
30002	15405	1	890	420
30002	15407	2	430	400
30002	15410	3	490	400
30003	16087	1	1010	520
30003	17707	2	170	740
30003	15414	3	770	540
30003	14665	4	470	420
30004	17707	1	710	440
30004	15411	2	370	740
30004	15409	3	610	260
30004	28061	4	190	440
30004	17714	5	250	400
30005	14651	1	470	280
30011	17713	1	1410	820
30011	17713	2	1190	860
30011	14652	3	650	380
30011	16041	4	1390	320
30011	15016	5	730	700
30011	15033	6	810	700
30011	17713	7	1030	540
30011	17713	8	970	560
30011	17713	9	910	580
30011	17225	10	870	480
30011	17655	11	690	420
30011	15121	12	1350	900
30011	15138	13	1430	880
30011	15102	14	1450	960
30011	15082	15	1610	840
30011	14236	16	1550	820
30011	15082	17	30	80
30011	17713	18	690	420
30011	14668	19	1350	900
30011	17713	20	1270	880
30011	17713	21	1330	860
30011	12001	22	1450	960
30011	17491	23	1530	960
30011	17491	24	1490	1000
30011	14652	25	1290	960
30012	15272	1	1370	280
30012	27174	2	1430	300
30012	15350	3	30	80
30012	27165	4	1450	980
30012	15138	5	70	80
30021	17708	1	370	460
30021	12001	2	490	380
30022	15405	1	290	540
30022	17708	2	850	420
30022	17723	3	890	700
30022	17728	4	930	720
30022	17722	5	970	800
30022	17722	6	1010	780
30022	17717	7	790	660
30022	17717	8	830	640
30023	17716	1	790	660
30023	14667	2	850	680
30023	15413	3	670	220
30023	17725	4	770	380
30024	17708	1	170	380
30024	28062	2	310	480
30024	17715	3	1130	420
30025	17708	1	790	760
30025	17708	2	730	760
30025	28061	3	350	520
30025	28061	4	350	600
30025	28062	5	510	560
30025	28061	6	950	460
30031	17712	1	370	360
30031	17712	2	690	720
30031	17712	3	890	720
30031	14669	4	1130	320
30031	17715	5	1090	440
30031	17716	6	1150	440
30031	14644	7	790	700
30031	40093	8	770	600
30031	40093	9	710	600
30031	40093	10	830	600
30031	40093	11	890	600
30041	17709	1	670	380
30041	17710	2	330	380
30041	15405	3	1190	380
30041	14663	4	670	800
30041	14662	5	730	800
30041	12001	6	510	560
30041	12027	7	610	620
30041	12103	8	610	700
30041	12040	9	410	620
30041	12135	10	410	700
30041	17491	11	510	760
30041	14658	12	450	760
30041	14646	13	570	760
30041	14644	14	470	800
30041	14645	15	530	800
30041	14644	16	470	800
30041	17709	17	670	380
30041	17710	18	330	380
30041	15405	19	1190	380
30041	14663	20	670	800
30041	14662	21	730	800
30041	14645	22	810	320
30041	14662	23	830	360
30041	14664	24	830	280
30041	14665	25	850	400
30041	14658	26	850	240
30041	40086	27	890	260
30041	40086	28	930	300
30041	40086	29	890	320
30041	40086	30	930	340
30041	40086	31	890	380
30041	12103	32	730	280
30041	12135	33	730	340
30041	17491	34	610	280
30041	17491	35	670	260
30041	17491	36	670	300
30041	17491	37	670	340
30041	17491	38	610	320
30041	12103	39	730	280
30041	12135	40	730	340
30101	14648	1	410	400
30102	15121	1	610	400
30102	15138	2	590	460
30102	15102	3	410	340
30102	27162	4	150	620
30102	15037	5	210	460
30103	14657	1	530	400
30103	17708	2	410	400
30103	17708	3	330	440
30103	12001	4	570	460
30104	14665	1	450	400
30104	14664	2	510	440
30105	14659	1	410	340
30105	14670	2	310	360
30105	14669	3	250	380
30105	14644	4	330	440
30105	14645	5	410	480
30105	14646	6	250	460
30105	14658	7	330	520
30106	14645	1	390	380
30106	14704	2	450	380
30107	17491	1	590	460
30107	17491	2	510	500
30107	17491	3	430	540
30107	17491	4	870	580
30107	17491	5	790	620
30107	17491	6	690	660
30107	12001	7	810	480
30107	12002	8	590	580
30107	14652	9	650	620
30108	14647	1	470	380
30108	12001	2	570	460
30108	17491	3	570	500
30108	17491	4	630	460
30108	17491	5	690	520
30133	14650	1	530	400
30134	15037	1	530	360
30134	15349	2	570	380
30134	15138	3	370	360
30134	15272	4	690	420
30134	15350	5	30	80
30134	27165	6	450	580
30134	14260	7	570	460
30135	15078	1	570	380
30135	15078	2	610	500
30135	15037	3	370	360
30135	15349	4	310	380
30135	15138	5	410	440
30135	27167	6	550	480
30135	28071	7	630	420
30139	17711	1	450	340
30171	14654	1	470	400
30172	14655	1	350	420
30173	12002	1	590	340
30174	40077	1	570	540
30174	40075	2	590	480
30174	40076	3	650	540
30174	40075	4	650	460
30174	40076	5	710	500
30174	40076	6	790	460
30174	40075	7	730	420
30174	12139	8	490	560
30174	12140	9	410	560
30174	12141	10	470	620
30174	12142	11	350	600
30174	12144	12	390	640
30174	12143	13	390	640
30174	12139	14	270	580
30201	16089	1	430	400
30241	16091	1	430	360
30242	16092	1	310	460
30261	16011	1	410	240
30261	16005	2	590	300
30262	16088	1	370	400
30301	14668	1	270	340
30301	17713	2	510	320
30301	17713	3	610	360
30301	14652	4	430	400
30301	17713	5	490	400
30303	14644	1	850	400
30303	14646	2	950	520
30303	14656	3	790	600
30303	14645	4	690	440
30303	12103	5	730	440
30303	12135	6	770	460
30303	12028	7	610	480
30303	40086	8	650	420
30303	14662	9	710	460
30303	14664	10	730	480
30303	14665	11	750	500
30303	14658	12	690	480
30303	14703	13	730	480
30401	14648	1	950	640
30401	14651	2	850	720
30401	17729	3	830	620
30401	17729	4	770	660
30401	17729	5	890	580
30401	14652	6	1010	740
30401	17713	7	1030	800
30401	17713	8	1090	740
30403	14648	1	390	420
30403	14651	2	490	460
30403	17729	3	450	340
30403	17729	4	510	320
30403	17729	5	530	380
30412	12040	1	1270	440
30413	14650	1	1950	1740
30413	14648	2	1910	1780
30413	17770	3	1990	1760
30413	17770	4	1970	1780
30413	17770	5	1950	1800
30413	17770	6	2030	1780
30413	17770	7	1990	1820
30413	12040	8	1850	1720
30413	17491	9	1850	1660
30413	17491	10	1830	1680
30413	17491	11	1810	1700
30413	17491	12	1790	1720
30413	17491	13	1770	1740
30413	14649	14	1930	1760
30413	12002	15	1890	1680
30413	12102	16	1810	1760
30413	12040	17	1450	1300
30413	17491	18	1410	1260
30413	17491	19	1490	1260
30413	17770	20	1490	1440
30413	17770	21	1410	1440
30413	17770	22	1530	1440
30413	17770	23	1450	1440
30413	14649	24	1450	1380
30413	17770	25	790	460
30413	17770	26	790	500
30413	17770	27	750	500
30413	17770	28	710	480
30413	17770	29	750	460
30413	17770	30	790	700
30413	17770	31	790	740
30413	17770	32	750	740
30413	17770	33	750	700
30413	17770	34	710	700
30413	12001	35	630	560
30413	12040	36	630	620
30413	14649	37	710	540
30413	17491	38	770	540
30413	17491	39	770	580
30413	17491	40	770	620
30413	17491	41	610	500
30413	17491	42	610	680
30413	14650	43	710	620
30413	17770	44	930	540
30413	17770	45	990	600
30413	17770	46	930	660
30421	17730	1	1970	580
30421	17730	2	650	1060
30421	17730	3	1310	720
30421	17730	4	1350	1420
30421	17730	5	670	1480
30421	17730	6	1930	1040
30421	14659	7	2310	1700
30421	14670	8	2450	1740
30421	14669	9	2330	1820
30421	17712	10	2250	1800
30421	14644	11	2370	1740
30421	12040	12	650	600
30421	17491	13	570	580
30421	17491	14	530	600
30421	14659	15	770	680
30421	14659	16	770	680
30421	14670	17	750	760
30421	14669	18	830	680
30421	17712	19	870	740
30421	17712	20	810	780
30421	14669	21	830	680
30421	14670	22	750	760
30421	14669	23	710	640
30422	17711	1	370	180
30422	12040	2	270	220
30422	17491	3	290	160
30422	17491	4	210	200
30431	14661	1	610	500
30431	14657	2	770	600
30432	15406	1	470	240
30461	12028	1	490	540
30461	17491	2	550	580
30461	14644	3	630	500
30461	40086	4	630	440
30462	17727	1	610	500
30462	17720	2	850	840
30462	17727	3	490	880
30462	14644	4	1710	800
30462	40086	5	1710	880
30462	12027	6	1590	840
30462	17491	7	1530	780
30462	17491	8	1530	900
30463	17720	1	2750	1280
30463	17727	2	2330	1380
30463	17720	3	1630	1420
30463	17727	4	670	780
30463	17727	5	1270	1380
30463	14644	6	1390	800
30463	14646	7	1470	800
30463	40086	8	1350	860
30463	40086	9	1510	860
30463	12002	10	1570	780
30463	17491	11	1570	860
30463	12135	12	1290	780
30463	17491	13	1290	860
30464	46117	1	1170	740
30464	46118	2	610	860
30464	46117	3	1070	1300
30464	46118	4	1030	2060
30464	46117	5	590	1380
30465	17720	1	2870	540
30465	17727	2	2650	1380
30465	17720	3	2270	1080
30465	17727	4	1590	1400
30465	17720	5	730	1340
30466	46119	1	570	500
30466	46120	2	1070	880
30466	46119	3	650	1360
30466	14644	4	1310	460
30466	17727	5	1210	360
30466	17723	6	1270	400
30466	17728	7	1390	400
30466	17724	8	1330	360
30467	17723	1	530	380
30467	17725	2	610	380
30467	14652	3	570	340
30467	12028	4	330	580
30467	17491	5	270	580
30467	17491	6	310	460
30467	17491	7	370	500
30467	17491	8	390	440
30467	14654	9	470	520
30467	17729	10	550	520
30467	17729	11	530	460
30467	17729	12	470	440
30467	30005	13	470	380
30467	30005	14	590	400
30467	30005	15	630	500
30467	17717	16	510	560
30467	17720	17	450	540
30467	17721	18	410	500
30471	17714	1	990	500
30471	14652	2	990	500
30471	12040	3	590	860
30471	17491	4	490	860
30471	17491	5	510	880
30471	17491	6	530	920
30471	17491	7	570	940
30471	17491	8	650	940
30471	17491	9	610	940
30471	14644	10	710	740
30471	14656	11	770	760
30471	17729	12	830	720
30471	17729	13	870	660
30471	17729	14	910	700
30471	14650	15	330	1000
30471	14649	16	390	1040
30471	17770	17	370	920
30471	17770	18	430	960
30471	17770	19	490	1020
30472	15102	1	370	440
30473	14650	1	830	240
30473	14649	2	890	280
30473	17770	3	950	200
30473	17770	4	950	320
30473	14650	5	210	240
30473	14649	6	270	280
30473	17770	7	330	200
30473	17770	8	330	320
30473	14652	9	450	160
30473	17713	10	530	200
30473	17713	11	590	240
30474	17729	1	930	420
30481	14669	1	750	800
30481	17716	2	830	800
30481	28066	3	690	900
30481	28066	4	750	900
30481	14652	5	890	780
30481	14652	6	610	780
30481	17491	7	1090	280
30481	17491	8	1190	240
30481	12040	9	1150	320
30481	12028	10	1210	300
30481	14644	11	1270	400
30481	40091	12	1250	380
30481	40088	13	1330	400
30481	40089	14	1230	440
30481	40092	15	1210	500
30481	40092	16	1270	500
30481	40092	17	1330	460
30481	40092	18	1390	420
30481	14644	19	1190	340
30482	28064	1	610	580
30482	28065	2	1170	620
30482	28064	3	790	940
30482	28065	4	1170	1220
30482	28064	5	670	1380
30482	14644	6	1010	1560
30482	14646	7	1050	1520
30482	40093	8	1190	1540
30482	40093	9	1130	1560
30482	40093	10	1050	1600
30482	40093	11	970	1620
30482	12103	12	910	1420
30482	12135	13	850	1460
30482	17491	14	830	1520
30482	17491	15	830	1620
30482	17491	16	990	1380
30482	17491	17	1070	1380
30482	14644	18	1010	1560
30483	14659	1	550	660
30483	14670	2	530	820
30483	14669	3	670	560
30483	17712	4	670	700
30483	17712	5	430	740
30483	17712	6	650	880
30483	17712	7	830	1000
30483	17712	8	1070	980
30483	14659	9	550	660
30483	40088	10	1110	1040
30483	40091	11	1110	960
30483	40089	12	1150	980
30483	40092	13	1270	980
30483	40092	14	1210	940
30483	40092	15	1230	1000
30483	40092	16	1190	1060
30483	12040	17	970	940
30483	30005	18	1330	940
30483	30005	19	1370	1020
30483	30005	20	1290	1060
30483	12001	21	910	960
30483	12028	22	890	1000
30483	17491	23	910	900
30483	17491	24	850	940
30483	12028	25	1290	1000
30483	17491	26	1270	940
30483	17491	27	1210	1000
30483	12001	28	1270	1000
30483	14652	29	1310	980
30511	25208	1	250	1060
30511	25211	2	290	180
30511	25214	3	1470	880
30512	25208	1	1110	1060
30512	25211	2	1930	1060
30512	25214	3	1110	400
30513	25209	1	290	400
30513	25212	2	630	280
30514	25209	1	590	280
30514	25215	2	270	440
30515	25210	1	1050	900
30515	25213	2	1490	340
30515	25216	3	230	440
30516	25209	1	1430	900
30516	25212	2	1030	240
30516	25215	3	1930	440
30517	25208	1	530	440
30517	25211	2	1030	240
30517	25214	3	1370	440
30518	25210	1	650	380
30518	25213	2	290	280
30519	25210	1	1350	440
30519	25215	2	290	120
30519	25213	3	530	440
30521	25217	1	610	920
30521	25221	2	1410	920
30521	25223	3	1130	200
30522	25218	1	590	200
30522	25220	2	250	180
30522	25224	3	190	480
30523	25225	1	630	500
30523	25222	2	190	500
30523	25219	3	590	200
30524	25225	1	1110	220
30524	25222	2	650	300
30524	25219	3	1470	520
30525	25218	1	1130	220
30525	25220	2	1490	520
30525	25224	3	450	300
30526	25223	1	270	180
30526	25221	2	630	940
30526	25217	3	1110	1500
30527	25217	1	1250	380
30527	25221	2	2010	300
30527	25223	3	890	280
30528	25218	1	1150	300
30528	25220	2	1970	860
30528	25224	3	670	900
30531	25208	1	1330	340
30531	25208	2	930	1600
30531	25211	3	1350	1680
30531	25211	4	610	900
30531	25208	5	670	2860
30531	25214	6	210	1060
30531	25214	7	610	2240
30531	25214	8	210	3100
30532	25208	1	170	500
30532	25211	2	610	500
30532	25214	3	210	240
30533	25208	1	510	420
30533	25211	2	310	720
30533	25214	3	510	1060
30534	25208	1	530	880
30534	25211	2	250	1200
30534	25214	3	2010	1180
30535	25209	1	610	220
30535	25212	2	650	520
30535	25216	3	170	500
30536	25209	1	630	260
30536	25212	2	210	420
30536	25216	3	490	920
30537	25209	1	270	260
30537	25212	2	1210	420
30537	25216	3	550	560
30538	25209	1	650	260
30538	25216	2	190	1780
30538	25212	3	1270	1720
30538	25212	4	1330	1060
30539	25210	1	1250	340
30539	25210	2	230	1600
30539	25213	3	690	1840
30539	25213	4	1870	1820
30539	25215	5	2330	1580
30539	25215	6	1170	1360
30551	15407	1	2310	240
30551	17716	2	510	300
30556	15413	1	1490	900
30556	14667	2	1410	900
30559	28061	1	1450	240
30559	28061	2	1530	280
30559	15411	3	1370	280
30562	17711	1	1210	1540
30562	17711	2	1290	1540
30562	17712	3	1130	1700
30562	17712	4	1210	1700
30562	17712	5	1290	1700
30562	17712	6	1370	1700
30562	17712	7	1430	1600
30562	17711	8	2930	520
30562	17712	9	2770	320
30562	17712	10	2830	360
30562	17712	11	3030	320
30562	17712	12	3090	360
30563	16087	1	1490	280
30564	14662	1	1010	360
30564	28063	2	1190	260
30564	28063	3	1490	280
30564	28061	4	1250	540
30564	28061	5	1430	420
30572	14653	1	430	1820
30572	28064	2	610	1780
30573	16090	1	2310	260
30574	14666	1	1450	1560
30574	14667	2	1370	1540
30574	17729	3	1150	1600
30574	17729	4	1210	1640
30574	17729	5	1370	1680
30574	17729	6	1430	1720
30574	17729	7	1190	1760
30574	17729	8	1250	1800
30576	14664	1	1210	220
30581	14665	1	2210	1180
30582	28061	1	310	240
30582	28062	2	430	260
30582	15407	3	490	480
30582	15408	4	570	520
30584	14658	1	430	240
30591	25210	1	610	240
30591	25213	2	610	500
30591	25215	3	150	460
30592	25210	1	230	1200
30592	25213	2	2170	1060
30592	25215	3	1330	340
30601	25208	1	530	600
30601	25212	2	330	320
30601	25223	3	330	900
30602	25209	1	590	200
30602	25211	2	210	220
30602	25215	3	150	500
30602	12143	4	30	80
30602	12144	5	70	80
30602	40075	6	350	420
30602	40076	7	450	420
30603	25210	1	630	300
30603	25213	2	570	300
30603	25216	3	150	300
30604	25209	1	1190	300
30604	25211	2	1110	300
30604	25215	3	430	300
30604	12144	4	30	80
30604	40075	5	970	340
30604	40075	6	970	400
30605	25208	1	1070	300
30605	25212	2	1970	220
30605	25214	3	1450	920
30605	40075	4	970	400
30605	40075	5	970	340
30605	12144	6	30	80
30606	25209	1	410	300
30606	25211	2	1130	220
30606	25215	3	1490	520
30607	25210	1	470	300
30607	25213	2	1310	300
30607	25216	3	910	280
30607	12144	4	30	80
30607	40075	5	710	320
30607	40075	6	710	380
30608	25210	1	370	300
30608	25213	2	750	300
30608	25216	3	1170	300
30608	40076	4	530	340
30608	40076	5	530	400
30608	12143	6	30	80
30609	25210	1	530	580
30609	25213	2	1030	940
30609	25216	3	1090	220
30609	12143	4	30	80
30609	40076	5	430	1060
30609	40076	6	390	1120
30610	25208	1	590	200
30610	25212	2	230	180
30610	25214	3	150	260
30611	25209	1	490	300
30611	25211	2	1310	300
30611	25215	3	890	280
30611	40076	4	770	340
30611	40076	5	810	380
30611	12143	6	30	80
30612	25208	1	610	200
30612	25212	2	230	180
30612	25214	3	190	500
30612	12143	4	30	80
30612	40075	5	450	220
30612	40076	6	490	260
30612	40076	7	570	300
30612	40075	8	550	220
30612	40077	9	530	280
30612	12144	10	70	80
30613	25208	1	630	200
30613	25212	2	210	1540
30613	25214	3	1070	940
30613	40076	4	1210	580
30613	40076	5	1310	580
30613	12143	6	30	80
30613	40076	7	1750	320
30613	40076	8	1750	400
30613	40076	9	2030	780
30613	40076	10	2130	780
30613	12144	11	70	80
30801	14650	1	350	520
30801	14649	2	430	540
30801	17770	3	290	520
30801	17770	4	390	580
30801	17770	5	330	580
30801	17770	6	270	580
30801	14651	7	470	420
30801	17772	8	530	400
30801	17772	9	470	360
30801	17772	10	530	340
30803	28061	1	610	1980
30803	28061	2	1110	1540
30803	28061	3	630	1140
30803	17725	4	690	1540
30803	17725	5	1010	2140
30803	17725	6	1090	1240
30804	17729	1	910	400
30805	14651	1	550	380
30811	14650	1	530	460
30811	14649	2	450	440
30811	17770	3	390	400
30811	17770	4	470	360
30812	28062	1	1730	540
30812	17716	2	1650	960
30812	17716	3	1130	900
30812	28062	4	1350	560
30815	14650	1	550	400
30822	17725	1	1150	820
30822	17725	2	2090	540
30822	17719	3	2470	900
30822	17725	4	1670	920
30822	17719	5	570	560
30823	14654	1	730	720
30823	28061	2	450	820
30823	28061	3	970	720
30823	28061	4	410	520
30825	14655	1	550	420
30825	17729	2	430	660
30825	17729	3	710	660
30831	17717	1	1130	1520
30831	17717	2	610	1660
30831	17723	3	890	2180
30831	17723	4	710	1120
30831	14648	5	450	460
30831	14650	6	470	560
30831	17770	7	510	600
30831	17770	8	430	600
30831	17770	9	550	600
30831	17770	10	390	600
30831	14649	11	450	420
30832	28063	1	1910	1180
30832	28064	2	1370	540
30832	28063	3	650	780
30832	28064	4	1470	1520
30832	28064	5	910	1560
30841	17714	1	1230	520
30841	17714	2	1710	540
30841	17719	3	1110	920
30841	17719	4	1650	940
30841	17719	5	2270	980
30841	12040	6	2430	380
30841	12027	7	2350	340
30841	12001	8	2370	440
30842	28062	1	770	740
30842	28062	2	1210	640
30842	28062	3	630	1340
30842	17716	4	1070	1100
30842	17716	5	1610	1140
30842	17716	6	1770	1540
30843	28062	1	970	920
30843	28062	2	830	520
30843	17719	3	1390	500
30843	17719	4	2530	520
30843	28062	5	2190	900
30843	17719	6	2730	900
30844	14653	1	530	480
30851	17722	1	1510	520
30851	17724	2	2010	560
30851	17722	3	1990	1340
30851	17724	4	1270	880
30851	17722	5	1110	1260
30851	12001	6	1690	1440
30851	17491	7	1610	1460
30851	12027	8	1670	1560
30851	12040	9	1810	1440
30851	12028	10	1750	1600
30851	14644	11	1990	1640
30851	14660	12	1930	1680
30851	40086	13	1990	1720
30851	46123	14	1870	1660
30851	46132	15	1810	1700
30851	46120	16	1950	1600
30851	46121	17	2010	1560
30851	40086	18	2050	1680
30851	14645	19	1770	1520
30851	12040	20	730	1540
30851	12027	21	810	1600
30851	17491	22	770	1460
30851	17491	23	910	1580
30851	14645	24	550	960
30851	14662	25	630	940
30851	14664	26	490	920
30851	14665	27	510	860
30851	40086	28	410	940
30851	40086	29	530	1040
30851	12027	30	730	780
30851	17491	31	810	720
30851	12040	32	770	740
30851	12027	33	1870	1040
30851	12040	34	1950	1040
30851	14645	35	1910	940
30851	14664	36	1870	900
30851	14665	37	1950	900
30851	40086	38	1830	920
30851	40086	39	1990	920
30851	12028	40	1910	820
30851	17491	41	1850	800
30851	17491	42	1970	800
30851	17491	43	2030	1020
30851	17491	44	1790	1020
30851	12001	45	850	560
30851	12040	46	930	560
30851	12027	47	790	600
30851	17491	48	970	680
30851	40087	49	850	680
30851	12001	50	690	1620
30851	17491	51	630	1620
30851	17491	52	710	1680
30851	12027	53	850	1500
30851	12028	54	930	1580
30851	12040	55	810	1480
30851	12102	56	770	1440
30851	12103	57	730	1420
30851	12135	58	950	1600
30851	14652	59	890	1540
30851	14644	60	770	1560
30851	14645	61	730	1520
30851	14646	62	830	1600
30851	17491	63	770	1500
30851	17491	64	810	1540
30851	17491	65	850	1580
30851	12027	66	630	1680
30851	14652	67	630	1680
30851	12028	68	630	1680
30851	14644	69	630	1680
30851	12040	70	630	1680
30851	12102	71	630	1680
30851	12103	72	630	1680
30851	12027	73	850	1500
30851	14662	74	30	480
30851	14645	75	30	560
30851	14645	76	330	260
30851	12028	77	410	360
30851	17491	78	390	460
30851	17491	79	430	440
30851	17491	80	470	420
30851	17491	81	510	400
30851	17491	82	550	380
30851	12040	83	450	680
30851	17491	84	370	740
30851	17491	85	410	740
30851	17491	86	450	740
30851	17491	87	490	740
30851	17491	88	530	740
30851	12027	89	1950	1160
30851	17491	90	1830	1220
30851	17491	91	1890	1220
30851	17491	92	1950	1220
30851	17491	93	2010	1220
30851	17491	94	2070	1220
30851	17491	95	2130	1900
30851	17491	96	2190	1900
30851	17491	97	2250	1880
30851	17491	98	2290	1860
30851	12001	99	2210	1860
30851	14662	100	2150	1680
30852	46121	1	570	620
30852	46121	2	2050	520
30852	46122	3	1250	500
30852	46121	4	930	940
30852	46122	5	1550	900
30853	46123	1	530	660
30853	46124	2	1010	920
30853	46123	3	1210	500
30853	46124	4	1730	540
30853	46123	5	1690	920
30853	46124	6	2850	760
30861	28063	1	490	720
30861	28063	2	1310	600
30861	28063	3	1790	520
30861	17718	4	1010	960
30861	17718	5	1670	960
30862	17722	1	770	720
30862	17724	2	1270	580
30862	17722	3	810	1200
30862	17724	4	1430	1080
30862	17722	5	1870	1440
30863	17714	1	970	2120
30863	17714	2	930	1540
30863	17714	3	630	1120
30863	17719	4	1090	1300
30863	17719	5	710	1780
30871	17721	1	1090	1180
30871	17728	2	1150	2720
30871	17728	3	1110	1880
30871	17728	4	590	1480
30871	17721	5	550	2740
30872	28061	1	610	3180
30872	28061	2	1190	2460
30872	28061	3	630	2760
30872	28061	4	1170	1960
30872	28061	5	590	1040
30872	17725	6	990	3440
30872	17725	7	1150	2960
30872	17725	8	750	1980
30872	17725	9	1110	1200
30872	17725	10	1150	780
30873	12144	1	1250	600
30873	12143	2	1330	660
30874	12139	1	790	480
30874	12140	2	610	460
30874	12141	3	490	520
30874	12142	4	950	700
30882	15415	1	390	340
30882	15416	2	430	380
30882	15419	3	730	220
30882	23003	4	850	560
30882	15416	5	950	640
30882	15049	6	1110	540
30891	17726	1	570	620
30891	17729	2	990	880
30891	17726	3	2370	840
30891	17729	4	2770	580
30891	17726	5	3690	700
30891	14652	6	3830	280
30891	14652	7	2990	960
30891	14652	8	1230	1060
30891	17491	9	3390	420
30891	17491	10	2630	400
30891	17491	11	2490	420
30891	17491	12	1890	1120
30891	17491	13	1230	420
30891	17491	14	270	720
30891	17491	15	1970	440
30891	17491	16	1610	520
30891	17491	17	1410	960
30891	17491	18	3190	1080
30892	17715	1	610	940
30892	17715	2	610	1660
30892	17715	3	950	2640
30892	28066	4	970	1340
30892	28066	5	1010	1860
30892	12002	6	570	3020
30892	17491	7	1410	1380
30892	17491	8	1430	2960
30892	17491	9	910	900
30892	17491	10	390	2380
30892	17491	11	290	2000
30892	17491	12	1370	2060
30892	17491	13	790	400
30892	17491	14	270	700
30892	17491	15	350	1180
30892	12002	16	290	1180
30892	12002	17	1070	2440
30892	17491	18	1130	2420
30893	17491	1	890	900
30893	17491	2	1150	800
30893	17491	3	1010	700
30893	17491	4	930	740
30893	17491	5	890	700
30893	17491	6	970	660
30893	17491	7	890	640
30894	27155	1	790	360
30894	17491	2	330	380
30894	17491	3	310	420
30894	12001	4	390	420
30894	12002	5	50	520
30894	14652	6	110	560
30894	27155	7	190	480
30901	17722	1	1890	1480
30901	17728	2	1510	980
30901	17728	3	1050	700
30901	12001	4	490	1400
30901	17491	5	570	1380
30901	17491	6	430	1440
30901	14644	7	710	1560
30901	40086	8	690	1620
30901	23005	9	570	1500
30901	12040	10	710	1460
30901	23005	11	570	1500
30901	12040	12	30	1400
30902	17728	1	1910	680
30902	17722	2	1290	740
30902	17728	3	650	960
30902	17722	4	1070	1440
30902	15415	5	550	480
30902	12001	6	2150	1500
30902	12040	7	2050	1380
30902	12102	8	1890	1380
30902	12002	9	1810	1380
30902	12135	10	1650	1380
30902	12045	11	1730	1380
30902	12027	12	2050	1620
30902	12018	13	1890	1620
30902	14652	14	1970	1620
30902	12044	15	1810	1620
30902	12019	16	1730	1620
30902	12028	17	1970	1380
30902	17491	18	1870	1500
30902	14646	19	1970	1500
30902	14646	20	2470	1500
30902	14644	21	1970	1500
30902	14644	22	1970	1500
30902	12139	23	1810	1500
30902	12140	24	1810	1440
30902	12141	25	1810	1560
30902	12142	26	1750	1500
30902	12143	27	1750	1440
30902	12144	28	1750	1560
30902	14646	29	1970	1440
30902	14657	30	1970	1560
30903	15417	1	450	240
30903	15418	2	410	340
30903	15419	3	330	360
30903	15415	4	590	300
30903	15416	5	630	460
30903	15416	6	630	460
30903	15418	7	410	340
30903	15444	8	350	200
30903	15444	9	390	180
30903	15444	10	430	160
30911	17718	1	1610	740
30911	17724	2	2090	1220
30911	17718	3	670	1560
30911	17724	4	1050	2120
30911	17724	5	2550	2140
30911	17718	6	1770	2200
30911	17724	7	2270	720
30911	17718	8	990	1240
30912	14657	1	2130	400
30912	14644	2	2170	420
30912	14646	3	2210	440
30912	12139	4	2050	500
30912	12140	5	2010	480
30912	12141	6	2090	520
30912	12142	7	2010	540
30912	12143	8	1970	520
30912	12144	9	2050	560
30912	15299	10	2070	460
30912	15299	11	2110	500
30912	12141	12	2150	460
30912	12142	13	2110	420
30921	17723	1	2630	920
30921	17723	2	1790	760
30921	17727	3	670	620
30921	17727	4	910	940
30922	14660	1	410	260
30922	17729	2	590	280
30922	28034	3	450	160
30922	28041	4	390	200
30922	28059	5	330	240
30922	28061	6	250	280
30922	14660	7	410	260
30931	15121	1	2130	1620
30931	15102	2	2050	1640
30931	15138	3	2070	1580
30931	27162	4	1590	1580
30931	15138	5	1470	1760
30931	27162	6	2310	320
30931	15138	7	2310	480
30931	27162	8	810	280
30931	15138	9	730	380
30931	27162	10	350	880
30931	15138	11	350	780
30931	27163	12	270	1800
30931	15138	13	330	1740
30931	15102	14	350	1680
30931	15121	15	410	1700
30932	46130	1	1910	660
30932	46132	2	1350	580
30932	46130	3	710	640
30932	46132	4	770	1200
30932	46130	5	1350	1540
30932	46132	6	2030	1200
30934	46129	1	670	620
30934	46131	2	1290	560
30934	46129	3	1950	760
30934	46131	4	1810	1320
30934	46129	5	1150	1500
30934	46131	6	650	1140
30941	14644	1	230	400
30941	14656	2	250	460
30941	17729	3	170	440
30941	17729	4	210	500
30941	12027	5	330	360
30941	17491	6	370	300
30941	17491	7	390	340
30942	12002	1	3090	400
30942	12044	2	3150	400
30942	17491	3	3050	440
30942	17491	4	3130	440
30942	17723	5	3150	240
30942	17724	6	3190	240
30942	17725	7	3150	180
30942	17728	8	3190	180
30942	14644	9	3150	280
30942	14656	10	3190	280
30942	12002	11	2010	860
30942	12044	12	2010	920
30942	17491	13	1930	840
30942	17491	14	1930	940
30942	14644	15	2130	920
30942	14656	16	2130	860
30942	17723	17	2190	820
30942	17724	18	2190	860
30942	17725	19	2190	900
30942	17728	20	2190	940
30942	12002	21	530	980
30942	12044	22	470	1020
30942	17491	23	590	1020
30942	17491	24	530	1060
30942	14644	25	650	900
30942	14656	26	710	920
30942	17723	27	670	840
30942	17724	28	710	860
30942	17725	29	750	880
30942	17728	30	790	900
30942	12103	31	750	780
30942	12102	32	810	820
30942	17491	33	750	720
30942	17491	34	790	740
30942	17491	35	830	760
30942	17491	36	870	780
30942	17491	37	910	800
30942	17723	38	1230	560
30942	17717	39	1290	520
30942	17717	40	1290	600
30942	17724	41	1590	860
30942	17718	42	1550	920
30942	17718	43	1630	920
30942	17719	44	2790	880
30942	17719	45	2790	980
30942	17725	46	2730	920
30942	17728	47	2990	600
30942	17722	48	2930	560
30942	17722	49	3050	560
30942	14644	50	3150	1120
30942	17727	51	3090	1220
30942	17723	52	3210	1180
30942	17728	53	3150	1200
30942	17724	54	3270	1160
30942	12040	55	3150	1120
30942	17491	56	3130	1200
30942	17491	57	3210	1180
30942	14644	58	3050	860
30942	14698	59	3150	1120
30943	17770	1	1210	620
30943	17770	2	470	940
30944	12001	1	370	320
30944	12027	2	470	340
30944	12040	3	330	400
30944	12002	4	690	420
30944	12135	5	410	540
30944	12103	6	750	440
30944	12102	7	470	560
30944	12103	8	570	420
30944	12102	9	510	500
30944	14654	10	610	440
30944	14655	11	550	520
30944	12044	12	650	500
30944	17491	13	470	440
30944	12018	14	430	400
30944	14652	15	470	440
30944	12027	16	330	800
30944	12040	17	430	800
30944	17770	18	370	920
30944	14654	19	30	60
30944	12044	20	430	400
30944	17723	21	390	380
30944	17724	22	430	360
30944	17725	23	410	420
30944	17728	24	450	400
30944	17717	25	450	460
30944	17718	26	490	440
30944	17719	27	470	500
30944	17722	28	510	480
30944	14644	29	390	380
30944	14656	30	430	360
30944	14644	31	490	440
30944	17491	32	510	480
30944	14654	33	450	460
30944	14655	34	490	440
30944	14652	35	450	400
30944	12080	36	450	400
30944	12028	37	410	420
30944	12018	38	510	360
30944	12080	39	550	380
30944	12021	40	350	440
30944	14652	41	370	480
30944	17774	42	690	480
30944	14646	43	650	500
30944	17774	44	610	540
30944	17774	45	730	520
30944	17774	46	690	560
30944	17774	47	650	580
30944	20001	48	230	320
30944	20001	49	270	300
30944	20001	50	310	280
30944	14646	51	1190	420
30944	17774	52	910	480
30944	17774	53	790	620
30944	17774	54	590	720
30944	17774	55	590	480
30944	17774	56	950	600
30944	14646	57	1190	420
30944	14644	58	1110	480
30944	17727	59	1010	460
30944	17723	60	1050	540
30944	17728	61	1290	400
30944	17724	62	1310	500
30944	12002	63	1290	1100
30944	17491	64	1370	1020
30944	17491	65	1370	1100
30944	17491	66	1390	1180
30944	14644	67	1090	960
30944	14698	68	1310	1100
30944	14644	69	510	440
30944	14646	70	450	480
30944	14644	71	30	60
30945	12002	1	310	320
30945	12040	2	390	380
30945	17491	3	470	380
30945	14654	4	1430	320
30945	17729	5	1310	380
30945	17729	6	1370	400
30945	17729	7	1430	440
30945	12040	8	1270	480
30945	12002	9	1170	480
30945	17491	10	1290	560
30946	12027	1	1250	1080
30946	12135	2	1350	1080
30946	17491	3	1170	1060
30946	14655	4	330	660
30946	17729	5	430	700
30946	17729	6	390	720
30946	17729	7	350	740
30946	12027	8	470	780
30946	12135	9	550	760
30946	17491	10	450	860
30947	14653	1	390	1060
30947	14653	2	30	60
30947	12027	3	90	60
30947	12027	4	430	980
30947	12040	5	490	1020
30947	17491	6	430	880
30947	17491	7	510	920
30947	17491	8	590	980
30947	12027	9	1210	520
30947	12040	10	1290	560
30947	17770	11	1210	600
30947	17491	12	1290	460
30947	17491	13	1350	500
30947	17729	14	390	400
30947	17729	15	1390	760
30947	17729	16	850	620
30948	12002	1	2910	2140
30948	17491	2	2710	2160
30948	17491	3	2710	2240
30948	17491	4	2850	480
30948	17491	5	2930	520
30948	12103	6	3010	440
30948	17491	7	590	1500
30948	17491	8	590	1620
30948	12102	9	390	1560
30948	17491	10	630	2820
30948	17491	11	690	2900
30948	12044	12	550	2940
30948	12001	13	2990	2680
30948	17491	14	3050	2720
30948	17491	15	3050	2800
30948	17491	16	2930	2720
30948	14644	17	2970	2780
30948	12028	18	2970	2780
30948	14652	19	1690	1320
30948	12028	20	3170	3060
30948	12027	21	3170	3060
30948	17491	22	3110	3160
30948	17491	23	3290	3120
30948	14644	24	3110	2840
30948	14698	25	3170	3060
30948	12028	26	3290	2600
30949	14644	1	1630	1360
30949	14646	2	1690	1400
30949	12028	3	1810	1480
30949	17491	4	1530	1340
30949	17491	5	1670	1240
30949	17491	6	1790	1360
31001	15158	1	810	460
31001	15195	2	110	300
31001	15073	3	710	720
31001	15014	4	850	840
31001	15115	5	670	460
31001	14110	6	730	420
31001	14110	7	610	420
31001	15433	8	990	860
31001	15215	9	110	800
31001	15116	10	30	740
31001	15188	11	250	720
31001	15189	12	350	820
31001	15190	13	410	840
31001	15191	14	350	600
31001	15449	15	190	740
31001	15146	16	210	680
31001	14682	17	290	680
31001	15030	18	170	780
31001	15030	19	70	760
31011	15097	1	630	800
31011	15107	2	950	440
31011	15296	3	230	440
31011	16023	4	1350	780
31011	15131	5	1550	640
31021	17681	1	850	280
31021	17705	2	790	280
31021	28067	3	790	240
31061	17745	1	510	540
31062	15022	1	370	720
31063	15130	1	470	500
31064	15200	1	890	620
31065	15158	1	1050	680
31066	16013	1	610	200
31067	16021	1	430	260
31071	15343	1	330	540
31071	15259	2	850	800
31071	16044	3	730	400
31071	15142	4	30	20
31072	15437	1	530	300
31101	14683	1	330	340
31101	14678	2	490	320
31130	15068	1	250	320
31131	15146	1	490	320
31131	15449	2	570	340
31132	15209	1	330	340
31134	15225	1	410	320
31137	17752	1	330	360
31138	15293	1	390	340
31139	17744	1	530	340
31139	17744	2	430	380
31140	17759	1	350	360
31141	15326	1	470	340
31171	15271	1	490	380
31171	15272	2	550	400
31172	15104	1	350	340
31174	15111	1	410	360
31176	17162	1	530	360
31177	15138	1	330	320
31178	15142	1	550	400
31179	15198	1	330	380
31241	16018	1	570	520
31241	14682	2	710	620
31242	16018	1	730	520
31242	15168	2	30	20
31403	46125	1	770	660
31403	46126	2	1350	840
31403	46125	3	650	1140
31403	46126	4	1890	960
31403	46125	5	1810	1500
31403	46126	6	1210	1460
31404	46128	1	570	720
31404	46127	2	1830	840
31404	46128	3	1050	640
31404	46127	4	550	1500
31404	46128	5	1130	1420
31404	46127	6	1790	1400
31415	20002	1	810	440
31415	15215	2	890	500
31415	15030	3	730	500
31415	15030	4	810	560
31417	17760	1	770	480
31417	17760	2	570	540
31421	17751	1	1750	1500
31421	17753	2	1970	660
31421	17751	3	1430	1260
31421	17753	4	930	1060
31421	17751	5	850	1500
31421	17753	6	510	820
31421	17751	7	1250	740
31421	17753	8	1990	980
31424	17751	1	510	860
31424	17753	2	610	1340
31424	17751	3	990	1060
31424	17753	4	1610	780
31424	17751	5	1450	1240
31424	17753	6	1750	1520
31424	17751	7	2010	940
31424	17753	8	1190	680
31425	17751	1	650	1520
31425	17753	2	670	980
31425	17751	3	1230	540
31425	17753	4	1850	580
31425	17751	5	1890	1180
31425	17753	6	1590	1400
31425	17752	7	1710	780
31425	17753	8	1670	740
31425	17751	9	1630	660
31425	17751	10	1710	660
31425	17751	11	1790	660
31511	25226	1	330	260
31511	25229	2	490	600
31511	25232	3	330	880
31512	25232	1	270	220
31512	25226	2	330	860
31512	25229	3	1170	420
31513	25232	1	1510	1180
31513	25229	2	1070	900
31513	25226	3	990	300
31514	25227	1	630	220
31514	25228	2	630	520
31514	25231	3	170	500
31515	25227	1	270	220
31515	25228	2	330	1040
31515	25231	3	190	440
31516	25228	1	430	440
31516	25227	2	1510	520
31516	25231	3	210	1820
31516	25228	4	310	1500
31516	25227	5	2230	1100
31516	25231	6	2310	420
31517	25219	1	1490	920
31517	25221	2	1190	1180
31517	25223	3	590	1060
31518	25223	1	190	500
31518	25221	2	270	220
31518	25219	3	450	220
31519	25219	1	130	1100
31519	25221	2	850	1040
31519	25223	3	310	760
31520	25223	1	1510	520
31520	25221	2	1330	500
31520	25219	3	1110	240
31521	25220	1	2030	420
31521	25224	2	1130	440
31521	25225	3	1310	620
31522	25225	1	650	520
31522	25224	2	650	220
31522	25220	3	230	220
31523	25229	1	250	560
31523	25233	2	530	540
31523	25234	3	570	240
31524	25234	1	2310	520
31524	25233	2	1910	300
31524	25229	3	990	340
31524	25229	4	1610	1040
31524	25233	5	590	1060
31525	25233	1	550	540
31525	25234	2	190	360
31525	25229	3	1250	440
31531	17758	1	410	660
31533	17758	1	1450	880
31537	17758	1	2910	660
31537	17768	2	2910	500
31537	17768	3	2970	480
31537	17768	4	2850	480
31537	27197	5	2910	580
31537	27197	6	2850	560
31537	27197	7	2970	560
31538	27197	1	2090	640
31538	27197	2	2030	620
31538	27197	3	2150	620
31538	17768	4	2090	560
31538	17768	5	2030	540
31538	17768	6	2150	540
31538	17758	7	2090	720
31539	17758	1	430	460
31539	17768	2	430	300
31539	17768	3	490	280
31539	17768	4	370	280
31539	27197	5	430	380
31539	27197	6	490	360
31539	27197	7	370	360
31540	17766	1	2070	1380
31540	17767	2	2010	1360
31540	17768	3	2130	1360
31540	17766	4	2090	1020
31540	17767	5	2030	1000
31540	17768	6	2150	1000
31540	17766	7	2090	620
31540	17768	8	2150	600
31540	17767	9	2030	600
31540	17766	10	3330	360
31540	17767	11	3390	320
31540	17768	12	3390	400
31540	17766	13	3630	360
31540	17767	14	3690	320
31540	17768	15	3690	400
31541	17766	1	510	380
31541	17768	2	550	340
31541	17767	3	550	420
31542	17768	1	510	420
31542	17766	2	510	340
31542	27197	3	610	380
31542	17766	4	970	320
31542	17768	5	970	400
31542	27197	6	1070	360
31542	17768	7	1590	960
31542	17766	8	1590	1040
31542	27197	9	1690	1000
31542	17766	10	1890	940
31542	17768	11	1890	1040
31542	27197	12	1990	1000
31543	17766	1	630	320
31543	17768	2	630	400
31543	27197	3	730	360
31544	17768	1	3630	360
31544	14678	2	3490	400
31544	14682	3	3490	320
31544	14683	4	3530	360
31544	17758	5	3570	320
31544	17758	6	3570	400
31544	27198	7	3850	100
31545	17768	1	390	280
31545	17768	2	250	320
31545	17768	3	270	460
31545	17768	4	390	480
31545	17768	5	490	280
31545	17768	6	150	420
31545	27198	7	1970	220
31545	14678	8	2130	520
31545	14683	9	1850	440
31545	17758	10	2190	460
31545	17758	11	1850	560
31545	17758	12	2050	660
31545	17758	13	1970	660
31545	14682	14	2010	600
31806	17754	1	590	760
31806	17755	2	510	1540
31806	17754	3	1050	560
31806	17755	4	1270	920
31806	17754	5	1290	1500
31806	17755	6	970	1240
31807	17754	1	570	960
31807	17755	2	410	500
31807	17754	3	1670	320
31807	17755	4	2030	320
31808	17754	1	630	540
31808	17755	2	1910	540
31808	17754	3	1950	900
31808	17755	4	2370	860
31808	17754	5	2850	860
31808	17755	6	2930	420
31811	14678	1	710	480
31811	17745	2	830	740
31811	15169	3	390	260
31812	14683	1	330	280
31812	16013	2	1170	460
31812	16003	3	1370	740
31813	14678	1	950	780
31813	14677	2	910	820
31813	19031	3	1130	880
31813	14676	4	870	860
31813	14675	5	990	740
31813	14683	6	830	900
31813	40098	7	770	720
31813	17745	8	830	620
31813	17746	9	950	620
31813	17747	10	730	840
31813	17749	11	650	720
31813	17745	12	890	640
31813	17749	13	850	640
31813	17749	14	750	740
31813	17749	15	790	600
31813	17749	16	670	700
31813	17749	17	590	660
31813	17749	18	730	540
31813	17767	19	1290	560
31813	17766	20	1910	1000
31813	17767	21	1950	1480
31813	17766	22	1410	1400
31813	17767	23	770	1180
31813	17766	24	590	580
31814	40094	1	1230	580
31814	40096	2	610	940
31814	40096	3	1190	980
31814	17767	4	410	780
31814	17767	5	530	780
31814	17768	6	470	780
31814	17768	7	370	680
31814	17767	8	370	740
31814	17767	9	370	640
31814	14677	10	550	660
31814	17747	11	490	600
31814	17747	12	610	600
31814	17747	13	550	600
31815	14682	1	190	220
31815	40094	2	490	640
31815	40096	3	530	980
31815	40094	4	1130	1000
31815	40096	5	1210	560
31816	40094	1	570	920
31816	40096	2	470	480
31816	17766	3	730	460
31816	17767	4	890	480
31816	17767	5	890	580
31816	17767	6	670	540
31816	17766	7	730	600
31816	14676	8	670	680
31816	17746	9	630	640
31816	17746	10	730	660
31816	17746	11	610	700
31816	17746	12	730	720
31817	37008	1	430	380
31817	37008	2	430	380
31817	19031	3	750	240
31817	14675	4	270	220
31817	14675	5	590	460
31817	17767	6	810	100
31817	17749	7	110	140
31818	17766	1	370	620
31818	17766	2	430	640
31818	17766	3	310	600
31818	17766	4	590	500
31818	17766	5	530	480
31818	17766	6	470	460
31818	17766	7	770	380
31818	17766	8	810	420
31818	17766	9	770	460
31818	17768	10	1170	360
31818	17768	11	1170	440
31818	40098	12	1070	380
31819	17768	1	530	660
31819	17768	2	970	880
31819	17766	3	670	920
31819	17749	4	1290	1140
31819	17749	5	530	460
31819	17749	6	410	960
31819	40099	7	1630	80
31820	17766	1	730	680
31820	17768	2	830	1160
31820	17766	3	1050	1540
31820	17768	4	1770	1500
31820	17766	5	1910	1120
31820	17768	6	1550	820
31820	41429	7	270	1640
31820	14683	8	270	1700
31820	41431	9	310	1760
31820	41432	10	390	1780
31820	41433	11	450	1780
31820	17745	12	450	1600
31820	17749	13	230	1780
31820	17749	14	1170	1260
31820	17749	15	2230	1160
31820	17749	16	970	320
31820	37014	17	1930	620
31820	40099	18	1890	660
31820	40099	19	1890	660
31820	14675	20	1870	780
31820	17767	21	2470	80
31821	17749	1	330	340
31821	17749	2	1130	980
31821	17749	3	1330	400
31821	17766	4	810	600
31821	17766	5	810	880
31821	17768	6	1190	720
31821	40099	7	1610	100
31822	40100	1	450	440
31822	40101	2	310	580
31822	17768	3	810	320
31822	17768	4	750	380
31822	17768	5	950	460
31823	17765	1	450	360
31823	17768	2	550	400
31823	17768	3	350	400
31823	17768	4	550	480
31823	17768	5	350	480
31823	41429	6	590	460
31823	41431	7	510	500
31823	41433	8	450	500
31823	14683	9	390	500
31823	41432	10	310	460
31823	40103	11	450	360
32002	17749	1	1050	780
32002	17749	2	850	860
32002	17748	3	870	420
32002	15436	4	250	480
32002	17765	5	410	540
32002	17768	6	490	540
32002	17766	7	430	600
32002	17750	8	850	620
32002	16095	9	590	600
32002	14680	10	430	780
32002	15438	11	590	380
32002	15434	12	650	460
32002	15430	13	550	400
32002	15431	14	630	500
32002	15432	15	730	440
32002	17764	16	710	500
32011	16097	1	910	900
32011	16098	2	1070	620
32011	28067	3	1010	440
32011	28067	4	1090	520
32011	28067	5	770	420
32011	15435	6	450	740
32011	15433	7	290	860
32011	15430	8	350	720
32011	15431	9	270	760
32011	15432	10	430	880
32011	15438	11	490	840
32011	17766	12	310	700
32011	17767	13	190	700
32011	17767	14	350	860
32011	17767	15	190	820
32011	17767	16	230	860
32011	17767	17	270	900
32011	17767	18	310	940
32011	17767	19	150	780
32011	17767	20	110	820
32011	17767	21	150	860
32011	17767	22	230	940
32011	17767	23	110	740
32011	17767	24	70	780
32011	17767	25	190	900
32011	17767	26	270	780
32011	14677	27	250	660
32011	14686	28	210	620
32011	17768	29	70	780
32011	17768	30	110	820
32011	17768	31	150	860
32011	17768	32	190	900
32011	17768	33	230	940
32021	15430	1	710	600
32021	17746	2	170	800
32021	17746	3	310	920
32021	15439	4	750	380
32021	16094	5	230	420
32021	16043	6	450	360
32021	17767	7	270	740
32021	17766	8	330	780
32021	17768	9	390	820
32021	14676	10	270	780
32021	14681	11	330	820
32101	14677	1	310	360
32101	14686	2	410	500
32102	14676	1	590	340
32102	14681	2	630	400
32102	15433	3	430	400
32102	15438	4	490	460
32103	14675	1	450	340
32103	14679	2	570	340
32131	14686	1	410	400
32132	15431	1	630	320
32133	14679	1	550	340
32134	27176	1	430	300
32201	16097	1	370	360
32241	16084	1	530	360
32261	16096	1	510	520
32401	15434	1	110	860
32401	15430	2	90	800
32401	15431	3	150	820
32401	15432	4	250	900
32401	17764	5	290	700
32401	17763	6	330	740
32401	28068	7	390	500
32401	28068	8	350	520
32401	28068	9	470	520
32401	28068	10	470	560
32401	28068	11	430	500
32401	28068	12	530	620
32401	28068	13	330	500
32401	28068	14	390	560
32401	28068	15	470	580
32401	28068	16	430	600
32401	28068	17	190	480
32401	28068	18	270	480
32401	28068	19	230	460
32401	28068	20	270	460
32401	28068	21	370	500
32401	28068	22	310	540
32401	28068	23	290	500
32401	28068	24	510	580
32401	28068	25	430	540
32401	28068	26	230	520
32411	17766	1	430	380
32411	17767	2	810	400
32411	17766	3	730	940
32411	17767	4	1270	540
32411	17766	5	1310	920
32411	17767	6	410	740
32412	17768	1	590	760
32412	17767	2	1130	480
32412	17768	3	1230	900
32412	17767	4	1290	1380
32412	17768	5	890	1520
32412	17767	6	450	1540
32412	17767	7	410	300
32413	17768	1	510	440
32413	17766	2	870	900
32413	17768	3	1230	900
32413	17766	4	1450	460
32413	17768	5	2050	460
32413	17766	6	1710	940
32413	17767	7	1090	260
32413	20005	8	370	140
32413	20005	9	1610	140
32414	17766	1	530	480
32414	17767	2	930	920
32414	17766	3	1070	460
32414	17767	4	1810	360
32414	17766	5	2130	700
32414	17767	6	1610	980
32415	17768	1	430	440
32415	17767	2	1310	880
32415	17768	3	730	920
32415	17767	4	810	400
32415	17767	5	1310	420
32415	17767	6	1390	420
32416	17765	1	530	380
32416	17768	2	270	360
32501	25235	1	1690	400
32501	25237	2	2150	620
32501	25240	3	1770	1680
32501	25240	4	3110	1160
32501	25235	5	2830	900
32501	25237	6	2150	2020
32502	25235	1	1050	460
32502	25237	2	2010	1080
32502	25240	3	1490	1800
32504	25236	1	350	1020
32504	25238	2	510	1700
32504	25241	3	1430	880
32504	25238	4	1190	1140
32504	25236	5	1170	1520
32504	25241	6	1470	1780
32505	25241	1	210	540
32505	25238	2	450	240
32505	25236	3	1170	420
32509	25238	1	610	260
32509	25239	2	650	900
32509	25242	3	230	420
32510	25226	1	1110	960
32510	25230	2	1130	260
32510	25232	3	1070	1580
32514	25227	1	370	300
32514	25228	2	1350	320
32514	25233	3	850	300
32515	25236	1	250	300
32515	25238	2	1170	420
32515	25242	3	650	300
32518	25237	1	610	240
32518	25240	2	290	240
32518	25243	3	350	880
32519	25237	1	1290	980
32519	25240	2	2310	2860
32519	25243	3	2270	260
32533	17767	1	1210	1660
32533	17767	2	1210	1740
32541	25244	1	1030	260
32541	25244	2	3210	860
32541	25244	3	1030	880
32541	25244	4	1790	1700
32541	25245	5	870	1520
32541	25245	6	2510	1520
32541	25245	7	2790	1900
32541	25244	8	1890	2320
32541	25244	9	630	2100
32541	25245	10	370	2460
32541	25245	11	2170	540
32542	25244	1	1690	880
32542	25244	2	310	1020
32542	25244	3	190	240
32542	25244	4	970	1700
32542	25245	5	1750	1540
32542	25245	6	310	1640
32542	25245	7	1170	320
32542	25245	8	1990	180
32542	25244	9	2410	300
32543	25244	1	970	1060
32543	25244	2	1790	900
32543	25245	3	1150	520
32543	25245	4	1550	1060
32544	25244	1	370	180
32544	25245	2	730	460
32545	25247	1	490	540
32545	25246	2	710	340
32546	27179	1	2130	220
32546	27179	2	1890	320
32546	27177	3	1890	420
32546	25247	4	2350	560
32546	25247	5	1330	560
32546	25246	6	990	260
32546	25246	7	330	320
32546	25247	8	510	660
32546	25246	9	970	1060
32546	25246	10	1890	900
32546	25247	11	1150	1360
32547	25246	1	330	200
32547	25247	2	150	420
32547	25247	3	250	1180
32547	25246	4	790	920
32547	25246	5	1790	1060
32547	25247	6	1430	1500
32547	25246	7	430	1480
32547	25246	8	630	1800
32548	25246	1	870	260
32548	25246	2	1370	660
32548	25247	3	1790	420
32548	25247	4	1910	1200
32548	25246	5	2370	1060
32548	25246	6	1130	1160
32549	25246	1	310	1000
32549	25247	2	510	560
32549	25246	3	970	1060
32550	25248	1	870	260
32550	25252	2	1350	660
32550	25248	3	970	1060
32550	25252	4	2390	1160
32550	25248	5	2390	1620
32550	25252	6	1810	1760
32550	25252	7	1350	1300
32550	25252	8	2370	320
32550	25248	9	1870	540
32551	25248	1	1830	260
32551	25248	2	210	240
32551	25248	3	390	1700
32551	25252	4	950	1560
32551	25252	5	1350	1640
32551	25252	6	1330	360
32551	25252	7	670	920
32552	25248	1	470	820
32552	25252	2	150	1120
32552	25248	3	1130	580
32552	25252	4	2150	820
32552	25248	5	2170	1200
32552	25252	6	1550	1700
32552	25248	7	670	1540
32552	25252	8	1130	1260
32553	25252	1	290	200
32553	25248	2	150	380
32554	25249	1	170	480
32554	25249	2	490	360
32555	25249	1	130	420
32555	25249	2	1330	360
32555	25249	3	2010	200
32555	25249	4	1810	940
32555	25249	5	1010	880
32556	25249	1	850	900
32556	25249	2	1890	1200
32556	25249	3	1010	1540
32556	25249	4	190	1620
32556	25249	5	1090	2460
32556	25249	6	250	2240
32557	25249	1	930	900
32557	25249	2	1510	280
32557	25249	3	1330	1440
32558	25250	1	190	940
32558	25251	2	1130	560
32558	25250	3	2350	840
32558	25251	4	1550	1060
32559	25250	1	950	440
32559	25251	2	1510	940
32559	25250	3	290	1240
32559	25251	4	590	900
32559	25251	5	1530	340
32560	25250	1	1010	920
32560	25251	2	1970	840
32560	25250	3	2190	1200
32560	25251	4	130	1100
32560	25251	5	1590	1060
32561	25251	1	1350	520
32561	25250	2	1030	1060
32561	25250	3	2370	960
32561	25251	4	2170	1200
32561	25251	5	690	880
32561	25250	6	130	1080
32811	17761	1	610	640
32811	17762	2	670	1220
32811	17761	3	1050	700
32811	17762	4	1070	1540
32811	17761	5	1510	1500
32811	17762	6	1930	800
32811	17761	7	1970	1480
32811	17762	8	1530	780
32812	17761	1	510	540
32812	17762	2	630	1400
32812	17761	3	1070	1520
32812	17762	4	1950	1560
32812	17761	5	1910	1080
32812	17762	6	1550	760
32812	17761	7	1910	640
32812	17762	8	1430	1260
32812	17767	9	1330	520
32812	17767	10	1350	640
32812	17767	11	1390	560
32812	15433	12	1430	480
32812	15438	13	1490	500
32812	17767	14	1030	540
32812	17767	15	970	580
32812	17767	16	970	680
32812	17767	17	1030	740
32812	17767	18	950	480
32812	17767	19	1110	760
32813	17761	1	610	1400
32813	17762	2	670	900
32813	17761	3	1090	620
32813	17762	4	1010	1460
32813	17761	5	1450	1480
32813	17762	6	1550	840
32813	17761	7	1950	1400
32813	17762	8	1930	760
32813	17767	9	2290	260
32821	17756	1	510	800
32821	17757	2	1070	780
32821	17756	3	1630	520
32821	17757	4	2190	880
32821	17756	5	2710	460
32821	17757	6	3090	860
32821	17756	7	3610	840
32821	17757	8	4110	700
32821	17756	9	4590	420
32821	17757	10	4670	880
32822	17756	1	630	660
32822	17757	2	990	520
32822	17756	3	1010	860
32822	17757	4	970	1200
32822	17756	5	810	1540
32822	17757	6	430	1540
32822	17756	7	1490	1680
32822	17756	8	1430	1700
32822	17756	9	1370	1720
32823	17756	1	450	460
32823	17757	2	690	880
32823	17756	3	950	460
32823	17757	4	1150	900
32823	17756	5	1450	500
32823	17757	6	1670	940
32823	17756	7	2010	580
32832	46133	1	450	700
32832	46135	2	530	1240
32832	46133	3	1490	1480
32832	46135	4	1110	980
32832	46133	5	1610	480
32832	46135	6	1990	860
32832	46133	7	2090	1500
32833	46134	1	2050	580
32833	46136	2	2090	1220
32833	46134	3	1570	1520
32833	46136	4	1550	480
32833	46134	5	1050	820
32833	46136	6	850	1460
32833	46134	7	450	840
32836	46137	1	970	520
32836	46139	2	1650	540
32836	46137	3	2070	1040
32836	46139	4	1110	1020
32836	46137	5	490	780
32836	46139	6	750	1540
32836	46137	7	1570	1520
32836	46139	8	2090	1520
32837	20005	1	810	360
32837	27188	2	710	300
32837	27186	3	650	380
32838	46138	1	430	740
32838	46140	2	1130	860
32838	46138	3	1710	400
32838	46140	4	1690	860
32838	46138	5	490	1160
32838	46140	6	1510	1480
32838	46138	7	2110	1440
32838	46140	8	770	1560
32839	20005	1	430	740
32839	27186	2	330	620
32840	46143	1	970	520
32840	46141	2	1610	440
32840	46143	3	490	800
32840	46141	4	990	1060
32840	46143	5	1810	880
32840	46141	6	1490	1480
32840	46143	7	2110	1440
32840	46141	8	750	1560
32841	27191	1	710	220
32842	46144	1	970	500
32842	46142	2	1650	460
32842	46144	3	470	820
32842	46142	4	1150	960
32842	46144	5	1890	940
32842	46142	6	750	1380
32842	46144	7	1450	1460
32843	27190	1	1270	220
32843	27191	2	1150	220
32844	20005	1	810	600
32844	27190	2	770	700
32844	27191	3	710	680
32844	27181	4	810	600
32844	27183	5	810	600
32844	27186	6	650	540
32844	27188	7	570	620
32851	46153	1	670	960
32851	46154	2	910	660
32851	46153	3	1370	460
32851	46154	4	2130	520
32851	46153	5	2390	880
32851	46154	6	3150	740
32851	46153	7	3650	580
32852	46155	1	710	1480
32852	46156	2	490	780
32852	46155	3	1050	760
32852	46156	4	1550	520
32852	46155	5	1810	900
32852	46156	6	1450	1580
32852	46155	7	2010	1600
32853	46157	1	2030	540
32853	46158	2	1810	940
32853	46157	3	1550	560
32853	46158	4	1010	540
32853	46157	5	1330	900
32853	46158	6	710	900
32853	46157	7	490	520
32854	46155	1	750	2140
32854	46156	2	550	1700
32854	46156	3	1290	2200
32854	46155	4	1890	2160
32854	46156	5	2370	2060
32854	46155	6	590	1160
32854	46155	7	1170	1620
32854	46156	8	1170	1120
32854	46156	9	630	600
32854	46155	10	1330	520
32854	46155	11	1790	1160
32854	46156	12	1930	1600
32854	46155	13	2630	1380
32855	46157	1	2850	580
32855	46158	2	2670	1140
32855	46157	3	2590	1640
32855	46158	4	2330	2100
32855	46157	5	1830	2180
32855	46158	6	1310	2040
32855	46157	7	650	1760
32855	46158	8	730	1200
32855	46157	9	770	600
32855	46158	10	1490	540
32855	46157	11	1430	1140
32855	46158	12	1410	1580
32855	46157	13	2090	1380
32856	46153	1	1110	3340
32856	46154	2	590	3080
32856	46153	3	610	2600
32856	46154	4	510	2140
32856	46153	5	1090	2240
32856	46154	6	1110	1800
32856	46153	7	530	1660
32856	46154	8	630	1180
32856	46153	9	1130	1360
32856	46154	10	1210	860
32857	46159	1	670	1960
32857	46160	2	1250	1960
32857	46159	3	1730	2060
32857	46160	4	2310	2060
32857	46160	5	690	1460
32857	46159	6	1310	1480
32857	46160	7	1950	1540
32857	46159	8	2610	1680
32857	46160	9	2630	1180
32857	46159	10	1770	1080
32857	46160	11	1050	1020
32857	46159	12	570	860
32857	46160	13	1170	560
32858	46159	1	530	1440
32858	46160	2	1010	1480
32858	46159	3	1130	1080
32858	46160	4	1150	740
32858	46159	5	790	600
32858	46160	6	450	820
32859	46161	1	4230	900
32859	46162	2	4030	520
32859	46161	3	3310	540
32859	46162	4	3270	960
32859	46162	5	2890	540
32859	46161	6	2730	940
32859	46161	7	2450	520
32859	46162	8	2370	940
32859	46161	9	1550	860
32859	46162	10	1230	500
32859	46161	11	530	740
32860	46162	1	2850	900
32860	46161	2	2750	520
32860	46162	3	2370	500
32860	46161	4	2350	940
32860	46161	5	1950	500
32860	46162	6	1910	940
32860	46162	7	1430	500
32860	46161	8	1450	900
32860	46161	9	890	540
32860	46162	10	750	940
32860	46162	11	490	620
32861	46163	1	3530	580
32861	46164	2	3030	660
32861	46163	3	2610	920
32861	46164	4	2270	520
32861	46163	5	2010	860
32861	46164	6	1130	500
32861	46163	7	770	840
32862	46164	1	650	620
32862	46163	2	1190	540
32862	46163	3	890	920
32862	46164	4	1730	540
32862	46164	5	1850	940
32862	46163	6	2170	560
32862	46163	7	2370	940
32863	46165	1	4550	820
32863	46166	2	4170	940
32863	46165	3	4070	540
32863	46166	4	3330	560
32863	46165	5	3230	940
32863	46166	6	2750	940
32863	46165	7	2930	500
32863	46166	8	2490	540
32863	46165	9	2330	900
32863	46165	10	2010	640
32863	46166	11	1670	840
32863	46165	12	1290	560
32863	46166	13	510	780
32864	46166	1	1930	1400
32864	46165	2	1990	960
32864	46166	3	1730	560
32864	46166	4	1570	1060
32864	46165	5	1110	1580
32864	46165	6	1090	780
32864	46166	7	1030	1160
32864	46166	8	570	680
32864	46165	9	570	1120
32864	46166	10	550	1560
32865	46167	1	1230	600
32865	46168	2	1090	1100
32865	46167	3	1170	1480
32865	46167	4	570	1160
32865	46168	5	590	1560
32865	46168	6	1130	1860
32865	46167	7	570	1940
32865	46167	8	1170	2280
32865	46168	9	650	2360
32865	46167	10	570	2800
32865	46168	11	550	3220
32865	46167	12	1090	3240
32866	46168	1	490	600
32866	46167	2	990	540
32866	46167	3	910	940
32866	46168	4	1710	560
32866	46167	5	2250	660
32866	46168	6	1870	960
32866	46168	7	2550	920
32867	46169	1	2870	900
32867	46170	2	2670	540
32867	46170	3	2470	940
32867	46169	4	2190	500
32867	46169	5	2070	920
32867	46170	6	1650	520
32867	46170	7	1670	940
32867	46169	8	1170	500
32867	46169	9	1050	940
32867	46170	10	610	520
32867	46170	11	570	960
32868	46170	1	2030	540
32868	46169	2	1810	920
32868	46169	3	1650	540
32868	46170	4	1370	900
32868	46170	5	1130	500
32868	46169	6	890	940
32868	46169	7	610	580
48001	17733	1	1170	700
48001	17733	2	1550	1080
48001	17737	3	1810	1420
48001	17737	4	1850	800
48001	17737	5	1130	1380
48001	12033	6	810	860
48001	12015	7	770	840
48001	12006	8	850	900
48001	12019	9	750	860
48001	12045	10	810	900
48001	12057	11	730	800
48002	17733	1	590	760
48002	17737	2	930	600
48002	17733	3	910	900
48002	12015	4	1430	260
48003	12015	1	1190	480
48003	17741	2	570	480
48003	17742	3	630	540
48003	17742	4	1270	900
48003	17741	5	1170	860
48003	12015	6	1230	1020
48003	12015	7	470	540
48003	17741	8	1230	400
48003	17742	9	1330	400
48004	17735	1	1630	600
48004	17739	2	650	640
48004	17735	3	750	1260
48004	17739	4	650	1920
48004	17735	5	1790	1280
48004	17739	6	1810	2100
48004	13132	7	410	2320
48004	13134	8	470	2260
48004	12006	9	550	2180
48004	12019	10	450	2140
48004	12045	11	630	2260
48004	17491	12	330	2120
48004	17491	13	690	2380
48004	13136	14	1330	540
48004	13143	15	1370	540
48004	12006	16	1130	700
48004	12019	17	1030	600
48004	12045	18	1050	760
48004	17491	19	970	660
48004	17491	20	970	720
48004	13132	21	410	2320
48004	12045	22	2090	400
48004	12019	23	2170	520
48004	12033	24	2170	420
48004	12045	25	990	760
48004	12019	26	950	680
48004	12022	27	1090	660
48004	12071	28	970	720
48004	12071	29	350	300
48004	12072	30	370	360
48004	12022	31	190	220
48004	12006	32	290	320
48004	12176	33	1010	700
48004	13027	34	1450	620
48004	13027	35	1050	680
48004	13010	36	1050	680
48004	13139	37	1410	600
48004	13138	38	330	220
48004	13140	39	230	320
48004	12135	40	1050	680
48004	40054	41	1510	620
48004	40054	42	1470	560
48004	40053	43	1010	660
48004	40053	44	1030	720
48004	40053	45	190	280
48004	40053	46	270	220
48004	13008	47	270	280
48004	13010	48	150	260
48004	13027	49	230	200
48004	13032	50	290	300
48004	12135	51	230	240
48004	17491	52	1030	640
48004	17491	53	1070	700
48004	12176	54	370	360
48004	12033	55	2170	2440
48004	12015	56	2210	2400
48004	12072	57	2150	2400
48004	12071	58	2110	2460
48004	12019	59	2390	2560
48004	12019	60	2430	2500
48004	13023	61	2290	2540
48004	14687	62	2330	2560
48004	14688	63	2350	2520
48004	12038	64	2350	2520
48004	12070	65	2330	2560
48004	12045	66	2390	2560
48004	12045	67	2390	2560
48004	12019	68	2390	2560
48004	17491	69	2270	2540
48004	12010	70	1910	620
48004	13008	71	1770	620
48004	13044	72	1690	580
48004	13044	73	1690	660
48004	12010	74	1910	620
48005	12019	1	1190	1060
48005	12117	2	1250	1040
48005	17491	3	1110	1040
48005	17491	4	1130	980
48005	17491	5	1190	960
48005	17491	6	1230	980
48005	17491	7	1290	960
48005	17491	8	1170	1000
48005	13001	9	470	1040
48005	12117	10	410	1100
48005	17491	11	370	1080
48005	17491	12	430	1140
48005	13044	13	510	1080
48005	13044	14	430	1000
48005	13044	15	530	1120
48005	13044	16	390	980
48005	12033	17	1490	400
48005	12045	18	1390	440
48005	12019	19	1450	480
48005	17491	20	1510	480
48005	17491	21	1370	380
48005	13062	22	1310	480
48005	13044	23	1370	520
48005	13044	24	1270	420
48005	13044	25	1270	360
48005	13044	26	1430	540
48005	13044	27	1230	460
48005	13044	28	1310	540
48005	12027	29	1270	460
48005	17491	30	1210	420
48005	17491	31	1210	500
48005	12027	32	1390	1220
48005	12033	33	1350	1240
48005	12019	34	1330	1280
48005	12045	35	1430	1260
48005	12117	36	1230	1120
48005	13146	37	1510	1260
48005	43046	38	1450	1220
48005	43046	39	1490	1160
48005	43046	40	1210	1220
48005	43046	41	1410	1180
48005	43046	42	1410	1240
48005	43046	43	1250	1260
48005	43046	44	1430	1160
48005	43046	45	1290	1220
48005	43046	46	1390	1260
48005	43046	47	1370	1180
48005	12033	48	290	240
48005	12019	49	370	400
48005	12045	50	450	340
48005	12027	51	250	260
48005	13021	52	450	420
48005	43046	53	390	500
48005	43046	54	430	480
48005	43046	55	470	460
48005	43046	56	510	440
48005	43046	57	550	420
48005	43046	58	590	400
48005	43046	59	390	580
48005	43046	60	430	560
48005	43046	61	470	540
48005	43046	62	510	520
48005	43046	63	550	500
48005	43046	64	590	480
48005	43046	65	630	460
48005	43046	66	670	440
48006	17496	1	2950	520
48006	17496	2	2950	440
48006	17496	3	3010	440
48006	17496	4	3010	520
48006	17491	5	550	300
48006	17491	6	810	300
48006	17496	7	2890	480
48006	17491	8	2510	400
48006	17491	9	1970	380
48006	17491	10	1010	400
48006	17491	11	2750	480
48006	17491	12	2170	480
48006	17491	13	1510	480
48006	12033	14	750	440
48006	13001	15	950	420
48006	13017	16	950	480
48006	40054	17	1010	460
48006	40054	18	1070	420
48006	40054	19	1070	480
48006	12019	20	750	480
48006	17491	21	670	420
48006	17491	22	670	520
48006	17491	23	1170	480
48006	12015	24	830	120
48006	12117	25	770	100
48006	13137	26	690	220
48006	13044	27	630	240
48006	13044	28	750	260
48006	17491	29	750	80
48006	17491	30	830	80
48006	12033	31	790	120
48006	12015	32	2790	460
48006	13137	33	2870	360
48006	13017	34	2870	380
48006	13001	35	2910	380
48006	40054	36	2970	400
48006	40054	37	2890	300
48006	40053	38	2950	360
48006	40053	39	2830	300
48006	12015	40	50	380
48006	13044	41	1670	480
48006	13044	42	2310	480
48006	12033	43	2890	400
48006	12164	44	2910	420
48006	17491	45	2890	360
48006	17491	46	2930	400
48006	13044	47	2150	520
48006	13044	48	1530	520
48006	13044	49	1150	540
48006	12164	50	2330	420
48006	12164	51	1650	440
48006	12164	52	1270	420
48006	12033	53	1310	480
48007	17523	1	2230	500
48007	17523	2	2990	340
48007	17523	3	1590	580
48007	17523	4	390	360
48007	17491	5	2670	420
48007	17491	6	1750	420
48007	17491	7	630	400
48007	17491	8	2330	480
48007	17491	9	1770	500
48007	17491	10	1310	500
48007	17491	11	770	480
48007	12033	12	330	540
48007	12019	13	330	480
48007	12117	14	270	500
48007	13001	15	450	480
48007	13017	16	450	540
48007	13044	17	510	500
48007	13044	18	570	480
48007	13044	19	570	540
48007	13021	20	350	420
48007	17491	21	150	400
48007	13044	22	930	480
48007	13044	23	1450	500
48007	13044	24	1950	500
48007	13044	25	2470	480
48007	17491	26	2110	400
48007	17491	27	2190	440
48007	12071	28	2090	480
48007	12033	29	3030	480
48007	12033	30	770	440
48007	40054	31	2310	480
48007	40054	32	1790	500
48007	40054	33	1330	500
48007	13021	34	990	480
48007	13148	35	1010	420
48007	13147	36	1010	520
48007	13149	37	1050	540
48007	13145	38	1050	460
48007	13146	39	1050	400
48007	40054	40	1130	340
48007	40054	41	1130	400
48007	40054	42	1130	460
48007	40054	43	1130	540
48007	12045	44	750	480
48007	12117	45	790	480
48007	17523	46	2230	500
48008	17740	1	1970	1020
48008	17736	2	1110	580
48008	17740	3	550	580
48008	17736	4	490	1060
48008	17740	5	470	1420
48008	13132	6	390	1700
48008	13134	7	270	1720
48008	13135	8	230	1760
48008	13044	9	190	1800
48008	13044	10	310	1800
48008	13132	11	390	1820
48008	12006	12	1910	660
48008	12019	13	1810	640
48008	12045	14	1950	760
48008	17491	15	1790	720
48008	17491	16	1850	780
48008	17491	17	1710	660
48008	17491	18	1930	840
48008	13143	19	1970	660
48008	13132	20	1970	660
48008	13032	21	1690	800
48008	13008	22	1690	700
48008	13138	23	1750	720
48008	13140	24	1750	780
48008	13044	25	1730	640
48008	13044	26	1730	880
48008	12033	27	1370	760
48008	12045	28	1470	820
48008	12019	29	1470	720
48008	17491	30	1410	660
48008	17491	31	1410	860
48008	13140	32	1530	820
48008	13138	33	1530	720
48008	13138	34	1630	720
48008	13140	35	1630	820
48008	13144	36	1990	1460
48008	13044	37	2070	1380
48008	13044	38	1890	1420
48008	13044	39	2090	1480
48008	12010	40	1950	1260
48008	17741	41	1870	1260
48008	17741	42	2030	1260
48008	17742	43	1810	1300
48008	17742	44	2090	1300
48008	13144	45	1690	1240
48008	40083	46	2110	1620
48008	40084	47	2030	1620
48008	40054	48	2030	1680
48008	40054	49	2110	1680
48008	12019	50	2130	1480
48008	12045	51	2050	1480
48008	17491	52	2050	1420
48008	17491	53	2130	1420
48008	15170	54	650	1440
48008	12176	55	250	1800
48008	17491	56	230	1740
48008	17491	57	310	1760
48008	13008	58	350	1640
48008	13032	59	430	1660
48008	13027	60	350	1580
48008	13010	61	510	1640
48008	12135	62	410	1620
48008	40053	63	470	1720
48008	40053	64	270	1620
48008	12019	65	170	1820
48008	12045	66	250	1840
48008	12176	67	170	1920
48008	12071	68	470	780
48008	14179	69	550	780
48008	14179	70	550	780
48008	12071	71	470	780
48008	13132	72	510	920
48008	13044	73	470	940
48008	13044	74	550	940
48009	13027	1	630	520
48009	12043	2	690	560
48009	15007	3	570	420
48009	12045	4	530	480
48009	13027	5	630	520
48009	40054	6	630	1000
48009	40054	7	630	1060
48009	40054	8	710	1000
48009	40054	9	710	1060
48009	40054	10	790	1000
48009	40054	11	790	1060
48009	40054	12	870	1000
48009	40054	13	870	1060
48009	40054	14	950	1000
48009	40054	15	950	1060
48009	40054	16	1110	980
48009	40054	17	1110	1080
48009	12135	18	1070	1040
48009	12045	19	530	1000
48009	12019	20	1190	1000
48009	12045	21	1190	1040
48009	17491	22	1250	980
48009	17491	23	1250	1080
48010	13144	1	30	300
48010	17741	2	190	240
48010	17742	3	190	300
48010	17741	4	250	200
48010	17742	5	310	200
48010	17741	6	250	200
48010	17741	7	250	200
48010	12010	8	70	300
48010	12164	9	890	640
48010	13017	10	950	680
48010	13044	11	950	720
48010	13044	12	990	700
48010	13044	13	910	740
48010	13044	14	1030	680
48010	13044	15	870	760
48010	13044	16	1070	660
48010	12164	17	850	680
48012	17734	1	530	820
48012	17738	2	630	1380
48012	17734	3	1910	740
48012	17738	4	1750	1500
48012	17734	5	1410	1260
48012	17738	6	910	1060
48012	12168	7	330	320
48012	12169	8	390	320
48012	13032	9	430	420
48012	13044	10	430	480
48012	13044	11	470	460
48012	13044	12	490	420
48012	13044	13	390	460
48012	13044	14	390	500
48012	13044	15	510	440
48012	13044	16	530	420
48013	17734	1	990	560
48013	17738	2	1150	940
48013	17734	3	450	960
48013	17738	4	670	640
48013	17738	5	810	940
48015	13034	1	1410	400
48015	13021	2	1270	420
48015	13017	3	1190	560
48015	13018	4	1230	340
48015	13001	5	1130	540
48015	13016	6	1350	360
48015	13023	7	1070	520
48015	13035	8	1250	580
48015	13044	9	1030	580
48015	13044	10	1090	600
48015	13044	11	1150	620
48015	13044	12	1210	640
48015	13044	13	1270	660
48015	13044	14	970	560
48015	13044	15	930	620
48015	13044	16	990	640
48015	13044	17	1050	660
48015	13044	18	1110	680
48015	13044	19	1170	700
48015	13044	20	1230	720
48017	12057	1	90	740
48017	27012	2	210	620
48018	14560	1	430	320
48018	12057	2	290	420
48019	13021	1	2130	1540
48019	13044	2	2210	1540
48019	13044	3	2250	1560
48019	13044	4	2290	1580
48019	13044	5	2110	1620
48019	13044	6	2150	1640
48019	13044	7	2190	1660
48019	15077	8	2030	1600
48019	13021	9	1290	1060
48019	12064	10	1310	1140
48019	12064	11	2170	1440
48019	13021	12	2130	1540
48020	15007	1	370	320
48020	12045	2	410	420
48020	12045	3	270	340
48021	12010	1	130	880
48021	17742	2	210	900
48021	17742	3	130	820
48021	17741	4	70	840
48021	17741	5	150	940
48021	13144	6	890	540
48021	13144	7	890	540
48022	12033	1	350	400
48022	12015	2	510	360
48022	12057	3	590	400
48022	12045	4	610	480
48022	12019	5	550	500
48022	14560	6	610	500
48025	12033	1	590	340
48025	12093	2	470	340
48025	12022	3	410	400
48025	12019	4	450	420
48025	13136	5	470	400
48025	17491	6	410	460
48025	17491	7	370	440
48025	12176	8	470	400
48025	12176	9	630	320
48026	12045	1	590	340
48026	12019	2	530	320
48027	13132	1	250	340
48027	13134	2	370	340
48027	13133	3	410	360
48029	13021	1	270	320
48029	13008	2	250	360
48029	13062	3	310	340
48029	13032	4	350	320
48029	13137	5	350	360
48029	13010	6	310	340
48029	13017	7	290	380
48029	13001	8	390	340
48029	13010	9	430	360
48031	13003	1	370	400
48031	13044	2	570	420
48031	13044	3	390	500
48032	13016	1	370	400
48032	13018	2	330	460
48032	13142	3	490	380
48032	13017	4	530	400
48032	13062	5	370	480
48032	13132	6	570	420
48032	13133	7	410	500
48032	13134	8	610	440
48032	13029	9	450	440
48032	11214	10	450	440
48032	13034	11	530	400
48032	13021	12	450	440
48032	13023	13	370	480
48032	13035	14	410	500
48032	13141	15	570	420
48033	16099	1	290	360
48035	12010	1	490	320
48035	12015	2	350	360
48036	12033	1	490	380
48036	12019	2	450	460
48036	12045	3	370	420
48036	12164	4	390	460
48036	17491	5	350	500
48036	17491	6	330	460
49001	16063	1	3130	340
49001	16063	2	2990	1860
49004	14468	1	230	80
49004	11003	2	290	80
49004	26032	3	910	1460
49004	26033	4	1630	920
49004	13011	5	350	80
49004	26039	6	730	520
49005	12013	1	970	600
49005	12093	2	1690	1400
49005	12018	3	2470	1540
49005	12033	4	2970	380
49009	16062	1	1590	260
49009	16041	2	1390	780
49009	14468	3	1030	680
49009	11003	4	1130	700
49011	16065	1	310	240
49011	16065	2	290	2420
49014	26034	1	1490	1320
49014	26035	2	1650	1060
49014	26040	3	2910	540
49015	11151	1	1890	480
49015	11001	2	2910	1080
49015	11016	3	750	1660
49015	11034	4	350	300
49019	16064	1	210	200
49019	16042	2	310	720
49019	14337	3	630	580
49019	14349	4	530	620
49019	17568	5	710	620
49019	17568	6	550	700
49019	17571	7	630	660
49021	16067	1	350	260
49021	16067	2	1430	360
49024	26034	1	790	820
49024	26035	2	3470	580
49024	11131	3	70	240
49024	26040	4	2010	740
49024	13030	5	70	320
49025	14324	1	310	1120
49025	11162	2	1430	400
49025	11072	3	1410	940
49025	11020	4	2770	580
49025	13009	5	450	980
49025	13009	6	1410	280
49025	13009	7	1390	900
49025	13009	8	2790	540
49029	16066	1	190	180
49029	16043	2	770	460
49031	16069	1	290	1160
49031	16069	2	3950	360
49034	26032	1	950	2640
49034	26033	2	1190	2420
49034	26039	3	1110	1620
49034	12061	4	50	420
49034	13005	5	50	520
49035	12003	1	3010	1100
49035	12011	2	1490	440
49035	12042	3	1790	960
49035	12043	4	610	600
49035	13005	5	3070	1160
49035	13005	6	1450	400
49035	13005	7	1830	920
49035	13005	8	710	700
49035	17229	9	550	600
49035	17229	10	610	560
49039	16068	1	1370	1220
49039	16044	2	1410	1040
49041	16071	1	310	240
49041	16071	2	2970	1200
49044	26032	1	350	780
49044	14468	2	50	80
49044	11003	3	90	80
49044	26033	4	2970	840
49045	12004	1	3050	1020
49045	12066	2	1470	460
49045	12042	3	1790	980
49045	12043	4	550	560
49045	12044	5	550	640
49045	12045	6	650	600
49045	13029	7	790	780
49045	13028	8	730	820
49045	13001	9	850	740
49049	16070	1	230	1220
49049	16041	2	190	1040
49051	16073	1	270	220
49051	16073	2	1330	2500
49054	26035	1	750	620
49054	26034	2	710	1780
49055	11083	1	310	1140
49055	11022	2	1410	400
49055	11040	3	1370	940
49055	11020	4	2670	540
49055	11105	5	2570	560
49055	11021	6	2770	560
49055	13017	7	2510	740
49055	13034	8	2430	780
49055	13093	9	2550	820
49059	16072	1	1550	300
49059	16042	2	1230	300
49101	13021	1	910	420
49101	13018	2	490	400
49101	13008	3	990	640
49101	13032	4	390	460
49102	13016	1	910	420
49102	13003	2	510	420
49102	13002	3	410	460
49102	13019	4	970	640
49131	13115	1	350	400
49131	13123	2	510	380
49131	13124	3	570	400
49132	13101	1	530	320
49132	13047	2	370	360
49132	13020	3	310	380
49133	13009	1	550	480
49133	13024	2	410	460
49133	13025	3	350	480
49133	13030	4	290	500
49134	13005	1	430	460
49134	13015	2	590	440
49134	13096	3	710	480
49134	13063	4	270	560
49135	13029	1	490	400
49135	13062	2	370	360
49135	13028	3	310	380
49135	13001	4	510	460
49136	13017	1	370	400
49136	13034	2	490	360
49136	13085	3	330	460
49136	13093	4	610	400
49171	13011	1	250	320
49171	17581	2	390	340
49171	17581	3	470	380
49171	17581	4	350	440
49171	17581	5	250	380
49171	17581	6	490	440
49171	13044	7	330	320
49172	13104	1	890	320
49174	13010	1	290	320
49174	13044	2	490	500
49176	13038	1	1070	400
49176	15131	2	690	300
49177	13089	1	570	320
49178	13102	1	570	260
49180	13117	1	570	320
49181	13027	1	790	240
49184	13062	1	790	240
49186	13048	1	490	260
49186	13073	2	350	320
49211	16059	1	1190	720
49211	16074	2	870	580
49211	16075	3	990	560
49211	16076	4	1110	540
49212	16059	1	110	720
49212	16074	2	430	580
49212	16075	3	310	560
49212	16076	4	190	540
49213	16059	1	1190	720
49213	16074	2	870	580
49213	16075	3	990	560
49213	16076	4	1110	540
49214	16059	1	110	720
49214	16074	2	430	580
49214	16075	3	310	560
49214	16076	4	190	540
49215	16059	1	1190	720
49215	16074	2	870	580
49215	16075	3	990	560
49215	16076	4	1110	540
49216	16059	1	110	720
49216	16074	2	430	580
49216	16075	3	310	560
49216	16076	4	190	540
49221	16058	1	390	520
49222	16058	1	850	540
49223	16058	1	430	540
49224	16058	1	770	640
49225	16058	1	530	620
49226	16058	1	770	640
49401	44012	1	1790	1700
49401	61001	2	2950	2900
49401	61001	3	2870	2980
49401	61002	4	2910	2940
49401	61004	5	2950	2980
49401	61003	6	2990	2940
49401	61003	7	2910	3020
49401	61002	8	450	2860
49401	61001	9	490	2900
49401	61001	10	410	2820
49401	61004	11	410	2900
49401	61003	12	450	2940
49401	61003	13	370	2860
49401	61017	14	370	3060
49401	61017	15	430	3060
49401	61017	16	490	3060
49401	61017	17	410	2780
49401	61017	18	350	2780
49401	61017	19	290	2780
49401	61017	20	590	3040
49401	61017	21	590	2980
49401	61017	22	590	2920
49401	61017	23	270	2900
49401	61017	24	310	2940
49401	61017	25	350	2980
49401	61017	26	2790	2980
49401	61017	27	2710	2980
49401	61017	28	2750	3060
49401	61017	29	2910	2860
49401	61017	30	2990	2860
49401	61017	31	3070	2860
49401	61011	32	1450	620
49401	61011	33	1370	680
49401	61017	34	1770	480
49401	61017	35	1690	520
49401	61012	36	1450	760
49401	61012	37	1530	700
49401	61017	38	1770	600
49401	61017	39	1850	560
49401	61017	40	1250	700
49401	61017	41	1170	640
49401	61017	42	1090	580
49401	61017	43	1050	220
49401	61017	44	950	280
49401	61017	45	1030	360
49401	61017	46	1130	300
49401	61001	47	1390	480
49401	61001	48	1570	500
49401	61002	49	1530	540
49401	61005	50	270	3020
49401	61006	51	3010	3040
49401	61017	52	3130	3000
49401	61017	53	3090	3040
49401	61017	54	3050	3080
49401	61017	55	210	280
49401	61017	56	270	240
49401	61017	57	330	200
49401	61017	58	390	260
49401	61017	59	330	300
49401	61017	60	270	340
49401	61001	61	730	600
49401	61002	62	670	720
49401	61001	63	610	600
49401	61003	64	590	1460
49401	61004	65	590	1520
49401	61004	66	590	1580
49401	61004	67	2810	1700
49401	61004	68	2730	1700
49401	61004	69	2650	1700
49401	61001	70	1290	2680
49401	61002	71	1290	2600
49401	61001	72	1290	2520
49401	16040	73	3310	80
49402	26026	1	1410	3620
49402	61011	2	1350	2800
49402	61003	3	990	2020
49402	61003	4	1130	1560
49402	61011	5	390	3260
49402	61011	6	510	3180
49402	61011	7	450	3220
49402	61011	8	1330	2700
49402	61011	9	490	3600
49402	61004	10	510	3700
49402	61007	11	390	2680
49402	61002	12	310	2620
49402	61002	13	310	2760
49402	61011	14	490	2640
49402	61011	15	490	2760
49402	61001	16	530	1900
49402	61001	17	630	1940
49402	61003	18	1110	2100
49402	61002	19	1030	1700
49402	61002	20	1210	1780
49402	61008	21	410	300
49402	61011	22	1050	400
49402	61011	23	970	440
49402	61002	24	910	720
49402	61002	25	890	780
49402	61003	26	1250	680
49402	61003	27	1330	740
49402	61011	28	370	420
49402	61011	29	310	420
49402	61004	30	490	260
49402	61004	31	490	340
49402	61012	32	690	2320
49402	61012	33	790	2360
49402	61017	34	290	3620
49402	61017	35	310	3720
49402	61012	36	1330	3180
49402	61012	37	1410	3120
49402	61012	38	610	3240
49402	61012	39	690	3180
49402	61012	40	650	2580
49402	61012	41	770	2620
49402	61012	42	350	1800
49402	61012	43	430	1740
49402	61017	44	310	1360
49402	61017	45	430	1360
49402	61017	46	370	1260
49402	61012	47	370	880
49402	61012	48	450	840
49402	61012	49	1390	1480
49402	61012	50	1390	1340
49403	26027	1	210	1660
49403	61001	2	510	1140
49403	61001	3	610	1140
49403	61003	4	650	740
49403	61003	5	750	740
49403	61002	6	1090	440
49403	61002	7	1190	440
49403	61004	8	1410	620
49403	61004	9	1490	660
49403	61011	10	2350	300
49403	61011	11	2410	380
49403	61011	12	2250	300
49403	61011	13	2310	380
49403	61011	14	2370	460
49403	61009	15	1690	1440
49403	61011	16	1410	1260
49403	61011	17	1490	1220
49403	61011	18	2070	1520
49403	61011	19	1990	1460
49403	61003	20	1630	1340
49403	61003	21	1750	1340
49403	61001	22	1610	1500
49403	61001	23	1770	1500
49403	61003	24	1190	900
49403	61003	25	1290	900
49403	61012	26	2710	1740
49403	61012	27	2630	1800
49403	61012	28	2630	1700
49403	61011	29	3010	480
49403	61011	30	2690	1020
49403	61010	31	3710	900
49403	61012	32	3910	840
49403	61012	33	3670	720
49403	61003	34	3630	860
49403	61003	35	3790	940
49403	61004	36	3750	1160
49403	61004	37	3670	1160
49403	26011	38	3050	1640
49403	26036	39	590	1720
49403	26037	40	770	1720
49403	26038	41	950	1720
49403	61002	42	1070	660
49403	61002	43	1150	720
49403	61002	44	1870	460
49403	61002	45	1950	500
49403	61001	46	1710	840
49403	61001	47	1790	880
49403	61003	48	2290	1580
49403	61003	49	2370	1640
49403	61011	50	2750	1060
49403	61012	51	3450	800
49403	61012	52	3410	900
49403	61011	53	930	1220
49403	61011	54	990	1180
49403	61011	55	1490	1660
49403	61011	56	1570	1760
49403	61011	57	3870	320
49403	61011	58	3950	400
49404	26028	1	3950	2380
49404	61003	2	3830	1840
49404	61003	3	3730	1840
49404	61012	4	3450	1160
49404	61012	5	3450	1260
49404	61013	6	3750	460
49404	61003	7	3810	540
49404	61003	8	3690	560
49404	61004	9	3690	380
49404	61003	10	3630	480
49404	61011	11	3850	320
49404	61011	12	3930	400
49404	61004	13	2850	340
49404	61004	14	2850	480
49404	61012	15	2350	600
49404	61012	16	2350	720
49404	61012	17	2950	960
49404	61012	18	2950	1080
49404	61003	19	2650	880
49404	61003	20	2650	980
49404	61012	21	2090	1220
49404	61012	22	2170	1180
49404	61012	23	1910	1640
49404	61012	24	1910	1740
49404	61002	25	2610	1780
49404	61002	26	2690	1780
49404	61002	27	2330	1780
49404	61002	28	2410	1780
49404	61014	29	1130	1780
49404	61011	30	1270	2280
49404	61011	31	1170	2280
49404	61011	32	1390	1700
49404	61011	33	1450	1760
49404	61004	34	1190	1720
49404	61004	35	1050	1720
49404	61012	36	830	1700
49404	61012	37	830	1780
49404	61011	38	910	1000
49404	61011	39	970	960
49404	61011	40	730	1260
49404	61011	41	790	1220
49404	61011	42	1730	1020
49404	61011	43	1790	980
49404	61011	44	1090	1360
49404	61004	45	1550	500
49404	61003	46	1390	500
49404	61003	47	1470	440
49404	61001	48	690	440
49404	61001	49	810	560
49404	61001	50	570	560
49404	61001	51	690	700
49404	61016	52	430	2320
49404	61011	53	390	1840
49404	61011	54	450	1780
49404	61011	55	350	2200
49404	61011	56	510	2200
49404	61012	57	570	2300
49404	61012	58	290	2300
49404	61015	59	690	560
49404	61004	60	3690	1200
49404	61004	61	3790	1200
49404	61011	62	2510	400
49404	61011	63	2590	320
49404	61011	64	3910	720
49404	61011	65	3550	720
49404	61012	66	2530	1300
49404	61012	67	2630	1320
49404	61011	68	2370	1540
49404	61011	69	2470	1580
49404	61011	70	330	380
49404	61011	71	450	320
49404	61012	72	1790	2360
49404	61012	73	1870	2420
49404	61011	74	2850	2160
49404	61011	75	2950	2080
49404	61002	76	2350	2160
49404	61002	77	2470	2160
49404	61004	78	1230	1920
49404	61004	79	1230	2020
49404	61011	80	1630	300
49404	61011	81	1710	400
49404	61011	82	310	740
49404	61011	83	390	840
49404	61004	84	410	1240
49404	61004	85	490	1240
49404	61004	86	810	700
49404	61004	87	570	440
49404	61004	88	810	440
49404	61004	89	570	700
49404	61012	90	3290	260
49404	61012	91	3290	440
49404	61012	92	350	2420
49404	61012	93	510	2420
49404	61017	94	710	2380
49409	16058	1	350	260
49409	16060	2	430	180
49409	16040	3	1070	180
49409	16077	4	830	720
49409	16078	5	930	680
49409	16079	6	730	760
49409	16061	7	570	180
49409	13030	8	290	660
49411	44012	1	1790	1700
49411	61001	2	2950	2900
49411	61001	3	2870	2980
49411	61002	4	2910	2940
49411	61004	5	2950	2980
49411	61003	6	2990	2940
49411	61003	7	2910	3020
49411	61002	8	450	2860
49411	61001	9	490	2900
49411	61001	10	410	2820
49411	61004	11	410	2900
49411	61003	12	450	2940
49411	61003	13	370	2860
49411	61017	14	370	3060
49411	61017	15	430	3060
49411	61017	16	490	3060
49411	61017	17	410	2780
49411	61017	18	350	2780
49411	61017	19	290	2780
49411	61017	20	590	3040
49411	61017	21	590	2980
49411	61017	22	590	2920
49411	61017	23	270	2900
49411	61017	24	310	2940
49411	61017	25	350	2980
49411	61017	26	2790	2980
49411	61017	27	2710	2980
49411	61017	28	2750	3060
49411	61017	29	2910	2860
49411	61017	30	2990	2860
49411	61017	31	3070	2860
49411	61011	32	1450	620
49411	61011	33	1370	680
49411	61017	34	1770	480
49411	61017	35	1690	520
49411	61012	36	1450	760
49411	61012	37	1530	700
49411	61017	38	1770	600
49411	61017	39	1850	560
49411	61017	40	1250	700
49411	61017	41	1170	640
49411	61017	42	1090	580
49411	61017	43	1050	220
49411	61017	44	950	280
49411	61017	45	1030	360
49411	61017	46	1130	300
49411	61001	47	1390	480
49411	61001	48	1570	500
49411	61002	49	1530	540
49411	61005	50	270	3020
49411	61006	51	3010	3040
49411	61017	52	3130	3000
49411	61017	53	3090	3040
49411	61017	54	3050	3080
49411	61017	55	210	280
49411	61017	56	270	240
49411	61017	57	330	200
49411	61017	58	390	260
49411	61017	59	330	300
49411	61017	60	270	340
49411	61001	61	730	600
49411	61002	62	670	720
49411	61001	63	610	600
49411	61003	64	590	1460
49411	61004	65	590	1520
49411	61004	66	590	1580
49411	61004	67	2810	1700
49411	61004	68	2730	1700
49411	61004	69	2650	1700
49411	61001	70	1290	2680
49411	61002	71	1290	2600
49411	61001	72	1290	2520
49411	16040	73	3310	80
49412	26026	1	1410	3620
49412	61011	2	1350	2800
49412	61003	3	990	2020
49412	61003	4	1130	1560
49412	61011	5	390	3260
49412	61011	6	510	3180
49412	61011	7	450	3220
49412	61011	8	1330	2700
49412	61011	9	490	3600
49412	61004	10	510	3700
49412	61007	11	390	2680
49412	61002	12	310	2620
49412	61002	13	310	2760
49412	61011	14	490	2640
49412	61011	15	490	2760
49412	61001	16	530	1900
49412	61001	17	630	1940
49412	61003	18	1110	2100
49412	61002	19	1030	1700
49412	61002	20	1210	1780
49412	61008	21	410	300
49412	61011	22	1050	400
49412	61011	23	970	440
49412	61002	24	910	720
49412	61002	25	890	780
49412	61003	26	1250	680
49412	61003	27	1330	740
49412	61011	28	370	420
49412	61011	29	310	420
49412	61004	30	490	260
49412	61004	31	490	340
49412	61012	32	690	2320
49412	61012	33	790	2360
49412	61017	34	290	3620
49412	61017	35	310	3720
49412	61012	36	1330	3180
49412	61012	37	1410	3120
49412	61012	38	610	3240
49412	61012	39	690	3180
49412	61012	40	650	2580
49412	61012	41	770	2620
49412	61012	42	350	1800
49412	61012	43	430	1740
49412	61017	44	310	1360
49412	61017	45	430	1360
49412	61017	46	370	1260
49412	61012	47	370	880
49412	61012	48	450	840
49412	61012	49	1390	1480
49412	61012	50	1390	1340
49413	26027	1	210	1660
49413	61001	2	510	1140
49413	61001	3	610	1140
49413	61003	4	650	740
49413	61003	5	750	740
49413	61002	6	1090	440
49413	61002	7	1190	440
49413	61004	8	1410	620
49413	61004	9	1490	660
49413	61011	10	2350	300
49413	61011	11	2410	380
49413	61011	12	2250	300
49413	61011	13	2310	380
49413	61011	14	2370	460
49413	61009	15	1690	1440
49413	61011	16	1410	1260
49413	61011	17	1490	1220
49413	61011	18	2070	1520
49413	61011	19	1990	1460
49413	61003	20	1630	1340
49413	61003	21	1750	1340
49413	61001	22	1610	1500
49413	61001	23	1770	1500
49413	61003	24	1190	900
49413	61003	25	1290	900
49413	61012	26	2710	1740
49413	61012	27	2630	1800
49413	61012	28	2630	1700
49413	61011	29	3010	480
49413	61011	30	2690	1020
49413	61010	31	3710	900
49413	61012	32	3910	840
49413	61012	33	3670	720
49413	61003	34	3630	860
49413	61003	35	3790	940
49413	61004	36	3750	1160
49413	61004	37	3670	1160
49413	26011	38	3050	1640
49413	26036	39	590	1720
49413	26037	40	770	1720
49413	26038	41	950	1720
49413	61002	42	1070	660
49413	61002	43	1150	720
49413	61002	44	1870	460
49413	61002	45	1950	500
49413	61001	46	1710	840
49413	61001	47	1790	880
49413	61003	48	2290	1580
49413	61003	49	2370	1640
49413	61011	50	2750	1060
49413	61012	51	3450	800
49413	61012	52	3410	900
49413	61011	53	930	1220
49413	61011	54	990	1180
49413	61011	55	1490	1660
49413	61011	56	1570	1760
49413	61011	57	3870	320
49413	61011	58	3950	400
49414	26028	1	3950	2380
49414	61003	2	3830	1840
49414	61003	3	3730	1840
49414	61012	4	3450	1160
49414	61012	5	3450	1260
49414	61013	6	3750	460
49414	61003	7	3810	540
49414	61003	8	3690	560
49414	61004	9	3690	380
49414	61003	10	3630	480
49414	61011	11	3850	320
49414	61011	12	3930	400
49414	61004	13	2850	340
49414	61004	14	2850	480
49414	61012	15	2350	600
49414	61012	16	2350	720
49414	61012	17	2950	960
49414	61012	18	2950	1080
49414	61003	19	2650	880
49414	61003	20	2650	980
49414	61012	21	2090	1220
49414	61012	22	2170	1180
49414	61012	23	1910	1640
49414	61012	24	1910	1740
49414	61002	25	2610	1780
49414	61002	26	2690	1780
49414	61002	27	2330	1780
49414	61002	28	2410	1780
49414	61014	29	1130	1780
49414	61011	30	1270	2280
49414	61011	31	1170	2280
49414	61011	32	1390	1700
49414	61011	33	1450	1760
49414	61004	34	1190	1720
49414	61004	35	1050	1720
49414	61012	36	830	1700
49414	61012	37	830	1780
49414	61011	38	910	1000
49414	61011	39	970	960
49414	61011	40	730	1260
49414	61011	41	790	1220
49414	61011	42	1730	1020
49414	61011	43	1790	980
49414	61011	44	1090	1360
49414	61004	45	1550	500
49414	61003	46	1390	500
49414	61003	47	1470	440
49414	61001	48	690	440
49414	61001	49	810	560
49414	61001	50	570	560
49414	61001	51	690	700
49414	61016	52	430	2320
49414	61011	53	390	1840
49414	61011	54	450	1780
49414	61011	55	350	2200
49414	61011	56	510	2200
49414	61012	57	570	2300
49414	61012	58	290	2300
49414	61015	59	690	560
49414	61004	60	3690	1200
49414	61004	61	3790	1200
49414	61011	62	2510	400
49414	61011	63	2590	320
49414	61011	64	3910	720
49414	61011	65	3550	720
49414	61012	66	2530	1300
49414	61012	67	2630	1320
49414	61011	68	2370	1540
49414	61011	69	2470	1580
49414	61011	70	330	380
49414	61011	71	450	320
49414	61012	72	1790	2360
49414	61012	73	1870	2420
49414	61011	74	2850	2160
49414	61011	75	2950	2080
49414	61002	76	2350	2160
49414	61002	77	2470	2160
49414	61004	78	1230	1920
49414	61004	79	1230	2020
49414	61011	80	1630	300
49414	61011	81	1710	400
49414	61011	82	310	740
49414	61011	83	390	840
49414	61004	84	410	1240
49414	61004	85	490	1240
49414	61004	86	810	700
49414	61004	87	570	440
49414	61004	88	810	440
49414	61004	89	570	700
49414	61012	90	3290	260
49414	61012	91	3290	440
49414	61012	92	350	2420
49414	61012	93	510	2420
49414	61017	94	710	2380
49419	16058	1	350	260
49419	16060	2	430	180
49419	16040	3	1070	180
49419	16077	4	830	720
49419	16078	5	930	680
49419	16079	6	730	760
49419	16061	7	570	180
49419	13030	8	290	660
49421	44012	1	1790	1700
49421	61001	2	2950	2900
49421	61001	3	2870	2980
49421	61002	4	2910	2940
49421	61004	5	2950	2980
49421	61003	6	2990	2940
49421	61003	7	2910	3020
49421	61002	8	450	2860
49421	61001	9	490	2900
49421	61001	10	410	2820
49421	61004	11	410	2900
49421	61003	12	450	2940
49421	61003	13	370	2860
49421	61017	14	370	3060
49421	61017	15	430	3060
49421	61017	16	490	3060
49421	61017	17	410	2780
49421	61017	18	350	2780
49421	61017	19	290	2780
49421	61017	20	590	3040
49421	61017	21	590	2980
49421	61017	22	590	2920
49421	61017	23	270	2900
49421	61017	24	310	2940
49421	61017	25	350	2980
49421	61017	26	2790	2980
49421	61017	27	2710	2980
49421	61017	28	2750	3060
49421	61017	29	2910	2860
49421	61017	30	2990	2860
49421	61017	31	3070	2860
49421	61011	32	1450	620
49421	61011	33	1370	680
49421	61017	34	1770	480
49421	61017	35	1690	520
49421	61012	36	1450	760
49421	61012	37	1530	700
49421	61017	38	1770	600
49421	61017	39	1850	560
49421	61017	40	1250	700
49421	61017	41	1170	640
49421	61017	42	1090	580
49421	61017	43	1050	220
49421	61017	44	950	280
49421	61017	45	1030	360
49421	61017	46	1130	300
49421	61001	47	1390	480
49421	61001	48	1570	500
49421	61002	49	1530	540
49421	61005	50	270	3020
49421	61006	51	3010	3040
49421	61017	52	3130	3000
49421	61017	53	3090	3040
49421	61017	54	3050	3080
49421	61017	55	210	280
49421	61017	56	270	240
49421	61017	57	330	200
49421	61017	58	390	260
49421	61017	59	330	300
49421	61017	60	270	340
49421	61001	61	730	600
49421	61002	62	670	720
49421	61001	63	610	600
49421	61003	64	590	1460
49421	61004	65	590	1520
49421	61004	66	590	1580
49421	61004	67	2810	1700
49421	61004	68	2730	1700
49421	61004	69	2650	1700
49421	61001	70	1290	2680
49421	61002	71	1290	2600
49421	61001	72	1290	2520
49421	16040	73	3310	80
49422	26026	1	1410	3620
49422	61011	2	1350	2800
49422	61003	3	990	2020
49422	61003	4	1130	1560
49422	61011	5	390	3260
49422	61011	6	510	3180
49422	61011	7	450	3220
49422	61011	8	1330	2700
49422	61011	9	490	3600
49422	61004	10	510	3700
49422	61007	11	390	2680
49422	61002	12	310	2620
49422	61002	13	310	2760
49422	61011	14	490	2640
49422	61011	15	490	2760
49422	61001	16	530	1900
49422	61001	17	630	1940
49422	61003	18	1110	2100
49422	61002	19	1030	1700
49422	61002	20	1210	1780
49422	61008	21	410	300
49422	61011	22	1050	400
49422	61011	23	970	440
49422	61002	24	910	720
49422	61002	25	890	780
49422	61003	26	1250	680
49422	61003	27	1330	740
49422	61011	28	370	420
49422	61011	29	310	420
49422	61004	30	490	260
49422	61004	31	490	340
49422	61012	32	690	2320
49422	61012	33	790	2360
49422	61017	34	290	3620
49422	61017	35	310	3720
49422	61012	36	1330	3180
49422	61012	37	1410	3120
49422	61012	38	610	3240
49422	61012	39	690	3180
49422	61012	40	650	2580
49422	61012	41	770	2620
49422	61012	42	350	1800
49422	61012	43	430	1740
49422	61017	44	310	1360
49422	61017	45	430	1360
49422	61017	46	370	1260
49422	61012	47	370	880
49422	61012	48	450	840
49422	61012	49	1390	1480
49422	61012	50	1390	1340
49423	26027	1	210	1660
49423	61001	2	510	1140
49423	61001	3	610	1140
49423	61003	4	650	740
49423	61003	5	750	740
49423	61002	6	1090	440
49423	61002	7	1190	440
49423	61004	8	1410	620
49423	61004	9	1490	660
49423	61011	10	2350	300
49423	61011	11	2410	380
49423	61011	12	2250	300
49423	61011	13	2310	380
49423	61011	14	2370	460
49423	61009	15	1690	1440
49423	61011	16	1410	1260
49423	61011	17	1490	1220
49423	61011	18	2070	1520
49423	61011	19	1990	1460
49423	61003	20	1630	1340
49423	61003	21	1750	1340
49423	61001	22	1610	1500
49423	61001	23	1770	1500
49423	61003	24	1190	900
49423	61003	25	1290	900
49423	61012	26	2710	1740
49423	61012	27	2630	1800
49423	61012	28	2630	1700
49423	61011	29	3010	480
49423	61011	30	2690	1020
49423	61010	31	3710	900
49423	61012	32	3910	840
49423	61012	33	3670	720
49423	61003	34	3630	860
49423	61003	35	3790	940
49423	61004	36	3750	1160
49423	61004	37	3670	1160
49423	26011	38	3050	1640
49423	26036	39	590	1720
49423	26037	40	770	1720
49423	26038	41	950	1720
49423	61002	42	1070	660
49423	61002	43	1150	720
49423	61002	44	1870	460
49423	61002	45	1950	500
49423	61001	46	1710	840
49423	61001	47	1790	880
49423	61003	48	2290	1580
49423	61003	49	2370	1640
49423	61011	50	2750	1060
49423	61012	51	3450	800
49423	61012	52	3410	900
49423	61011	53	930	1220
49423	61011	54	990	1180
49423	61011	55	1490	1660
49423	61011	56	1570	1760
49423	61011	57	3870	320
49423	61011	58	3950	400
49424	26028	1	3950	2380
49424	61003	2	3830	1840
49424	61003	3	3730	1840
49424	61012	4	3450	1160
49424	61012	5	3450	1260
49424	61013	6	3750	460
49424	61003	7	3810	540
49424	61003	8	3690	560
49424	61004	9	3690	380
49424	61003	10	3630	480
49424	61011	11	3850	320
49424	61011	12	3930	400
49424	61004	13	2850	340
49424	61004	14	2850	480
49424	61012	15	2350	600
49424	61012	16	2350	720
49424	61012	17	2950	960
49424	61012	18	2950	1080
49424	61003	19	2650	880
49424	61003	20	2650	980
49424	61012	21	2090	1220
49424	61012	22	2170	1180
49424	61012	23	1910	1640
49424	61012	24	1910	1740
49424	61002	25	2610	1780
49424	61002	26	2690	1780
49424	61002	27	2330	1780
49424	61002	28	2410	1780
49424	61014	29	1130	1780
49424	61011	30	1270	2280
49424	61011	31	1170	2280
49424	61011	32	1390	1700
49424	61011	33	1450	1760
49424	61004	34	1190	1720
49424	61004	35	1050	1720
49424	61012	36	830	1700
49424	61012	37	830	1780
49424	61011	38	910	1000
49424	61011	39	970	960
49424	61011	40	730	1260
49424	61011	41	790	1220
49424	61011	42	1730	1020
49424	61011	43	1790	980
49424	61011	44	1090	1360
49424	61004	45	1550	500
49424	61003	46	1390	500
49424	61003	47	1470	440
49424	61001	48	690	440
49424	61001	49	810	560
49424	61001	50	570	560
49424	61001	51	690	700
49424	61016	52	430	2320
49424	61011	53	390	1840
49424	61011	54	450	1780
49424	61011	55	350	2200
49424	61011	56	510	2200
49424	61012	57	570	2300
49424	61012	58	290	2300
49424	61015	59	690	560
49424	61004	60	3690	1200
49424	61004	61	3790	1200
49424	61011	62	2510	400
49424	61011	63	2590	320
49424	61011	64	3910	720
49424	61011	65	3550	720
49424	61012	66	2530	1300
49424	61012	67	2630	1320
49424	61011	68	2370	1540
49424	61011	69	2470	1580
49424	61011	70	330	380
49424	61011	71	450	320
49424	61012	72	1790	2360
49424	61012	73	1870	2420
49424	61011	74	2850	2160
49424	61011	75	2950	2080
49424	61002	76	2350	2160
49424	61002	77	2470	2160
49424	61004	78	1230	1920
49424	61004	79	1230	2020
49424	61011	80	1630	300
49424	61011	81	1710	400
49424	61011	82	310	740
49424	61011	83	390	840
49424	61004	84	410	1240
49424	61004	85	490	1240
49424	61004	86	810	700
49424	61004	87	570	440
49424	61004	88	810	440
49424	61004	89	570	700
49424	61012	90	3290	260
49424	61012	91	3290	440
49424	61012	92	350	2420
49424	61012	93	510	2420
49424	61017	94	710	2380
49429	16058	1	350	260
49429	16060	2	430	180
49429	16040	3	1070	180
49429	16077	4	830	720
49429	16078	5	930	680
49429	16079	6	730	760
49429	16061	7	570	180
49429	13030	8	290	660
49431	44012	1	1790	1700
49431	61001	2	2950	2900
49431	61001	3	2870	2980
49431	61002	4	2910	2940
49431	61004	5	2950	2980
49431	61003	6	2990	2940
49431	61003	7	2910	3020
49431	61002	8	450	2860
49431	61001	9	490	2900
49431	61001	10	410	2820
49431	61004	11	410	2900
49431	61003	12	450	2940
49431	61003	13	370	2860
49431	61017	14	370	3060
49431	61017	15	430	3060
49431	61017	16	490	3060
49431	61017	17	410	2780
49431	61017	18	350	2780
49431	61017	19	290	2780
49431	61017	20	590	3040
49431	61017	21	590	2980
49431	61017	22	590	2920
49431	61017	23	270	2900
49431	61017	24	310	2940
49431	61017	25	350	2980
49431	61017	26	2790	2980
49431	61017	27	2710	2980
49431	61017	28	2750	3060
49431	61017	29	2910	2860
49431	61017	30	2990	2860
49431	61017	31	3070	2860
49431	61011	32	1450	620
49431	61011	33	1370	680
49431	61017	34	1770	480
49431	61017	35	1690	520
49431	61012	36	1450	760
49431	61012	37	1530	700
49431	61017	38	1770	600
49431	61017	39	1850	560
49431	61017	40	1250	700
49431	61017	41	1170	640
49431	61017	42	1090	580
49431	61017	43	1050	220
49431	61017	44	950	280
49431	61017	45	1030	360
49431	61017	46	1130	300
49431	61001	47	1390	480
49431	61001	48	1570	500
49431	61002	49	1530	540
49431	61005	50	270	3020
49431	61006	51	3010	3040
49431	61017	52	3130	3000
49431	61017	53	3090	3040
49431	61017	54	3050	3080
49431	61017	55	210	280
49431	61017	56	270	240
49431	61017	57	330	200
49431	61017	58	390	260
49431	61017	59	330	300
49431	61017	60	270	340
49431	61001	61	730	600
49431	61002	62	670	720
49431	61001	63	610	600
49431	61003	64	590	1460
49431	61004	65	590	1520
49431	61004	66	590	1580
49431	61004	67	2810	1700
49431	61004	68	2730	1700
49431	61004	69	2650	1700
49431	61001	70	1290	2680
49431	61002	71	1290	2600
49431	61001	72	1290	2520
49431	16040	73	3310	80
49432	26026	1	1410	3620
49432	61011	2	1350	2800
49432	61003	3	990	2020
49432	61003	4	1130	1560
49432	61011	5	390	3260
49432	61011	6	510	3180
49432	61011	7	450	3220
49432	61011	8	1330	2700
49432	61011	9	490	3600
49432	61004	10	510	3700
49432	61007	11	390	2680
49432	61002	12	310	2620
49432	61002	13	310	2760
49432	61011	14	490	2640
49432	61011	15	490	2760
49432	61001	16	530	1900
49432	61001	17	630	1940
49432	61003	18	1110	2100
49432	61002	19	1030	1700
49432	61002	20	1210	1780
49432	61008	21	410	300
49432	61011	22	1050	400
49432	61011	23	970	440
49432	61002	24	910	720
49432	61002	25	890	780
49432	61003	26	1250	680
49432	61003	27	1330	740
49432	61011	28	370	420
49432	61011	29	310	420
49432	61004	30	490	260
49432	61004	31	490	340
49432	61012	32	690	2320
49432	61012	33	790	2360
49432	61017	34	290	3620
49432	61017	35	310	3720
49432	61012	36	1330	3180
49432	61012	37	1410	3120
49432	61012	38	610	3240
49432	61012	39	690	3180
49432	61012	40	650	2580
49432	61012	41	770	2620
49432	61012	42	350	1800
49432	61012	43	430	1740
49432	61017	44	310	1360
49432	61017	45	430	1360
49432	61017	46	370	1260
49432	61012	47	370	880
49432	61012	48	450	840
49432	61012	49	1390	1480
49432	61012	50	1390	1340
49433	26027	1	210	1660
49433	61001	2	510	1140
49433	61001	3	610	1140
49433	61003	4	650	740
49433	61003	5	750	740
49433	61002	6	1090	440
49433	61002	7	1190	440
49433	61004	8	1410	620
49433	61004	9	1490	660
49433	61011	10	2350	300
49433	61011	11	2410	380
49433	61011	12	2250	300
49433	61011	13	2310	380
49433	61011	14	2370	460
49433	61009	15	1690	1440
49433	61011	16	1410	1260
49433	61011	17	1490	1220
49433	61011	18	2070	1520
49433	61011	19	1990	1460
49433	61003	20	1630	1340
49433	61003	21	1750	1340
49433	61001	22	1610	1500
49433	61001	23	1770	1500
49433	61003	24	1190	900
49433	61003	25	1290	900
49433	61012	26	2710	1740
49433	61012	27	2630	1800
49433	61012	28	2630	1700
49433	61011	29	3010	480
49433	61011	30	2690	1020
49433	61010	31	3710	900
49433	61012	32	3910	840
49433	61012	33	3670	720
49433	61003	34	3630	860
49433	61003	35	3790	940
49433	61004	36	3750	1160
49433	61004	37	3670	1160
49433	26011	38	3050	1640
49433	26036	39	590	1720
49433	26037	40	770	1720
49433	26038	41	950	1720
49433	61002	42	1070	660
49433	61002	43	1150	720
49433	61002	44	1870	460
49433	61002	45	1950	500
49433	61001	46	1710	840
49433	61001	47	1790	880
49433	61003	48	2290	1580
49433	61003	49	2370	1640
49433	61011	50	2750	1060
49433	61012	51	3450	800
49433	61012	52	3410	900
49433	61011	53	930	1220
49433	61011	54	990	1180
49433	61011	55	1490	1660
49433	61011	56	1570	1760
49433	61011	57	3870	320
49433	61011	58	3950	400
49434	26028	1	3950	2380
49434	61003	2	3830	1840
49434	61003	3	3730	1840
49434	61012	4	3450	1160
49434	61012	5	3450	1260
49434	61013	6	3750	460
49434	61003	7	3810	540
49434	61003	8	3690	560
49434	61004	9	3690	380
49434	61003	10	3630	480
49434	61011	11	3850	320
49434	61011	12	3930	400
49434	61004	13	2850	340
49434	61004	14	2850	480
49434	61012	15	2350	600
49434	61012	16	2350	720
49434	61012	17	2950	960
49434	61012	18	2950	1080
49434	61003	19	2650	880
49434	61003	20	2650	980
49434	61012	21	2090	1220
49434	61012	22	2170	1180
49434	61012	23	1910	1640
49434	61012	24	1910	1740
49434	61002	25	2610	1780
49434	61002	26	2690	1780
49434	61002	27	2330	1780
49434	61002	28	2410	1780
49434	61014	29	1130	1780
49434	61011	30	1270	2280
49434	61011	31	1170	2280
49434	61011	32	1390	1700
49434	61011	33	1450	1760
49434	61004	34	1190	1720
49434	61004	35	1050	1720
49434	61012	36	830	1700
49434	61012	37	830	1780
49434	61011	38	910	1000
49434	61011	39	970	960
49434	61011	40	730	1260
49434	61011	41	790	1220
49434	61011	42	1730	1020
49434	61011	43	1790	980
49434	61011	44	1090	1360
49434	61004	45	1550	500
49434	61003	46	1390	500
49434	61003	47	1470	440
49434	61001	48	690	440
49434	61001	49	810	560
49434	61001	50	570	560
49434	61001	51	690	700
49434	61016	52	430	2320
49434	61011	53	390	1840
49434	61011	54	450	1780
49434	61011	55	350	2200
49434	61011	56	510	2200
49434	61012	57	570	2300
49434	61012	58	290	2300
49434	61015	59	690	560
49434	61004	60	3690	1200
49434	61004	61	3790	1200
49434	61011	62	2510	400
49434	61011	63	2590	320
49434	61011	64	3910	720
49434	61011	65	3550	720
49434	61012	66	2530	1300
49434	61012	67	2630	1320
49434	61011	68	2370	1540
49434	61011	69	2470	1580
49434	61011	70	330	380
49434	61011	71	450	320
49434	61012	72	1790	2360
49434	61012	73	1870	2420
49434	61011	74	2850	2160
49434	61011	75	2950	2080
49434	61002	76	2350	2160
49434	61002	77	2470	2160
49434	61004	78	1230	1920
49434	61004	79	1230	2020
49434	61011	80	1630	300
49434	61011	81	1710	400
49434	61011	82	310	740
49434	61011	83	390	840
49434	61004	84	410	1240
49434	61004	85	490	1240
49434	61004	86	810	700
49434	61004	87	570	440
49434	61004	88	810	440
49434	61004	89	570	700
49434	61012	90	3290	260
49434	61012	91	3290	440
49434	61012	92	350	2420
49434	61012	93	510	2420
49434	61017	94	710	2380
49439	16058	1	350	260
49439	16060	2	430	180
49439	16040	3	1070	180
49439	16077	4	830	720
49439	16078	5	930	680
49439	16079	6	730	760
49439	16061	7	570	180
49439	13030	8	290	660
49441	44012	1	1790	1700
49441	61001	2	2950	2900
49441	61001	3	2870	2980
49441	61002	4	2910	2940
49441	61004	5	2950	2980
49441	61003	6	2990	2940
49441	61003	7	2910	3020
49441	61002	8	450	2860
49441	61001	9	490	2900
49441	61001	10	410	2820
49441	61004	11	410	2900
49441	61003	12	450	2940
49441	61003	13	370	2860
49441	61017	14	370	3060
49441	61017	15	430	3060
49441	61017	16	490	3060
49441	61017	17	410	2780
49441	61017	18	350	2780
49441	61017	19	290	2780
49441	61017	20	590	3040
49441	61017	21	590	2980
49441	61017	22	590	2920
49441	61017	23	270	2900
49441	61017	24	310	2940
49441	61017	25	350	2980
49441	61017	26	2790	2980
49441	61017	27	2710	2980
49441	61017	28	2750	3060
49441	61017	29	2910	2860
49441	61017	30	2990	2860
49441	61017	31	3070	2860
49441	61011	32	1450	620
49441	61011	33	1370	680
49441	61017	34	1770	480
49441	61017	35	1690	520
49441	61012	36	1450	760
49441	61012	37	1530	700
49441	61017	38	1770	600
49441	61017	39	1850	560
49441	61017	40	1250	700
49441	61017	41	1170	640
49441	61017	42	1090	580
49441	61017	43	1050	220
49441	61017	44	950	280
49441	61017	45	1030	360
49441	61017	46	1130	300
49441	61001	47	1390	480
49441	61001	48	1570	500
49441	61002	49	1530	540
49441	61005	50	270	3020
49441	61006	51	3010	3040
49441	61017	52	3130	3000
49441	61017	53	3090	3040
49441	61017	54	3050	3080
49441	61017	55	210	280
49441	61017	56	270	240
49441	61017	57	330	200
49441	61017	58	390	260
49441	61017	59	330	300
49441	61017	60	270	340
49441	61001	61	730	600
49441	61002	62	670	720
49441	61001	63	610	600
49441	61003	64	590	1460
49441	61004	65	590	1520
49441	61004	66	590	1580
49441	61004	67	2810	1700
49441	61004	68	2730	1700
49441	61004	69	2650	1700
49441	61001	70	1290	2680
49441	61002	71	1290	2600
49441	61001	72	1290	2520
49441	16040	73	3310	80
49442	26026	1	1410	3620
49442	61011	2	1350	2800
49442	61003	3	990	2020
49442	61003	4	1130	1560
49442	61011	5	390	3260
49442	61011	6	510	3180
49442	61011	7	450	3220
49442	61011	8	1330	2700
49442	61011	9	490	3600
49442	61004	10	510	3700
49442	61007	11	390	2680
49442	61002	12	310	2620
49442	61002	13	310	2760
49442	61011	14	490	2640
49442	61011	15	490	2760
49442	61001	16	530	1900
49442	61001	17	630	1940
49442	61003	18	1110	2100
49442	61002	19	1030	1700
49442	61002	20	1210	1780
49442	61008	21	410	300
49442	61011	22	1050	400
49442	61011	23	970	440
49442	61002	24	910	720
49442	61002	25	890	780
49442	61003	26	1250	680
49442	61003	27	1330	740
49442	61011	28	370	420
49442	61011	29	310	420
49442	61004	30	490	260
49442	61004	31	490	340
49442	61012	32	690	2320
49442	61012	33	790	2360
49442	61017	34	290	3620
49442	61017	35	310	3720
49442	61012	36	1330	3180
49442	61012	37	1410	3120
49442	61012	38	610	3240
49442	61012	39	690	3180
49442	61012	40	650	2580
49442	61012	41	770	2620
49442	61012	42	350	1800
49442	61012	43	430	1740
49442	61017	44	310	1360
49442	61017	45	430	1360
49442	61017	46	370	1260
49442	61012	47	370	880
49442	61012	48	450	840
49442	61012	49	1390	1480
49442	61012	50	1390	1340
49443	26027	1	210	1660
49443	61001	2	510	1140
49443	61001	3	610	1140
49443	61003	4	650	740
49443	61003	5	750	740
49443	61002	6	1090	440
49443	61002	7	1190	440
49443	61004	8	1410	620
49443	61004	9	1490	660
49443	61011	10	2350	300
49443	61011	11	2410	380
49443	61011	12	2250	300
49443	61011	13	2310	380
49443	61011	14	2370	460
49443	61009	15	1690	1440
49443	61011	16	1410	1260
49443	61011	17	1490	1220
49443	61011	18	2070	1520
49443	61011	19	1990	1460
49443	61003	20	1630	1340
49443	61003	21	1750	1340
49443	61001	22	1610	1500
49443	61001	23	1770	1500
49443	61003	24	1190	900
49443	61003	25	1290	900
49443	61012	26	2710	1740
49443	61012	27	2630	1800
49443	61012	28	2630	1700
49443	61011	29	3010	480
49443	61011	30	2690	1020
49443	61010	31	3710	900
49443	61012	32	3910	840
49443	61012	33	3670	720
49443	61003	34	3630	860
49443	61003	35	3790	940
49443	61004	36	3750	1160
49443	61004	37	3670	1160
49443	26011	38	3050	1640
49443	26036	39	590	1720
49443	26037	40	770	1720
49443	26038	41	950	1720
49443	61002	42	1070	660
49443	61002	43	1150	720
49443	61002	44	1870	460
49443	61002	45	1950	500
49443	61001	46	1710	840
49443	61001	47	1790	880
49443	61003	48	2290	1580
49443	61003	49	2370	1640
49443	61011	50	2750	1060
49443	61012	51	3450	800
49443	61012	52	3410	900
49443	61011	53	930	1220
49443	61011	54	990	1180
49443	61011	55	1490	1660
49443	61011	56	1570	1760
49443	61011	57	3870	320
49443	61011	58	3950	400
49444	26028	1	3950	2380
49444	61003	2	3830	1840
49444	61003	3	3730	1840
49444	61012	4	3450	1160
49444	61012	5	3450	1260
49444	61013	6	3750	460
49444	61003	7	3810	540
49444	61003	8	3690	560
49444	61004	9	3690	380
49444	61003	10	3630	480
49444	61011	11	3850	320
49444	61011	12	3930	400
49444	61004	13	2850	340
49444	61004	14	2850	480
49444	61012	15	2350	600
49444	61012	16	2350	720
49444	61012	17	2950	960
49444	61012	18	2950	1080
49444	61003	19	2650	880
49444	61003	20	2650	980
49444	61012	21	2090	1220
49444	61012	22	2170	1180
49444	61012	23	1910	1640
49444	61012	24	1910	1740
49444	61002	25	2610	1780
49444	61002	26	2690	1780
49444	61002	27	2330	1780
49444	61002	28	2410	1780
49444	61014	29	1130	1780
49444	61011	30	1270	2280
49444	61011	31	1170	2280
49444	61011	32	1390	1700
49444	61011	33	1450	1760
49444	61004	34	1190	1720
49444	61004	35	1050	1720
49444	61012	36	830	1700
49444	61012	37	830	1780
49444	61011	38	910	1000
49444	61011	39	970	960
49444	61011	40	730	1260
49444	61011	41	790	1220
49444	61011	42	1730	1020
49444	61011	43	1790	980
49444	61011	44	1090	1360
49444	61004	45	1550	500
49444	61003	46	1390	500
49444	61003	47	1470	440
49444	61001	48	690	440
49444	61001	49	810	560
49444	61001	50	570	560
49444	61001	51	690	700
49444	61016	52	430	2320
49444	61011	53	390	1840
49444	61011	54	450	1780
49444	61011	55	350	2200
49444	61011	56	510	2200
49444	61012	57	570	2300
49444	61012	58	290	2300
49444	61015	59	690	560
49444	61004	60	3690	1200
49444	61004	61	3790	1200
49444	61011	62	2510	400
49444	61011	63	2590	320
49444	61011	64	3910	720
49444	61011	65	3550	720
49444	61012	66	2530	1300
49444	61012	67	2630	1320
49444	61011	68	2370	1540
49444	61011	69	2470	1580
49444	61011	70	330	380
49444	61011	71	450	320
49444	61012	72	1790	2360
49444	61012	73	1870	2420
49444	61011	74	2850	2160
49444	61011	75	2950	2080
49444	61002	76	2350	2160
49444	61002	77	2470	2160
49444	61004	78	1230	1920
49444	61004	79	1230	2020
49444	61011	80	1630	300
49444	61011	81	1710	400
49444	61011	82	310	740
49444	61011	83	390	840
49444	61004	84	410	1240
49444	61004	85	490	1240
49444	61004	86	810	700
49444	61004	87	570	440
49444	61004	88	810	440
49444	61004	89	570	700
49444	61012	90	3290	260
49444	61012	91	3290	440
49444	61012	92	350	2420
49444	61012	93	510	2420
49444	61017	94	710	2380
49449	16058	1	350	260
49449	16060	2	430	180
49449	16040	3	1070	180
49449	16077	4	830	720
49449	16078	5	930	680
49449	16079	6	730	760
49449	16061	7	570	180
49449	13030	8	290	660
49501	14474	1	290	1540
49501	13123	2	310	1560
49501	14475	3	330	1500
49501	17565	4	2010	2840
49501	12112	5	2050	2840
49501	12113	6	2210	2320
49501	12061	7	2030	1920
49501	17565	8	2070	1920
49501	12112	9	2010	1460
49501	12061	10	2190	1020
49501	12113	11	2150	1020
49501	17565	12	2010	500
49501	12061	13	2050	500
49501	12078	14	2030	200
49501	12081	15	2170	200
49503	14394	1	310	220
49503	17366	2	70	80
49503	17367	3	110	80
49503	14395	4	290	260
49503	13123	5	350	240
49504	14062	1	3990	1780
49504	14084	2	3950	1780
49504	14397	3	4010	1740
49504	13123	4	4030	1820
49504	17655	5	70	80
49504	17656	6	130	80
49504	43031	7	490	320
49504	43032	8	530	320
49504	12081	9	830	420
49504	12121	10	1330	320
49504	12078	11	1370	320
49504	12081	12	1950	420
49504	12078	13	2410	320
49504	12121	14	3010	700
49504	43032	15	2970	700
49504	12078	16	2850	1280
49504	12081	17	2990	1280
49504	12042	18	2690	1820
49504	12069	19	2690	1720
49504	12073	20	2750	1780
49504	13021	21	2930	1740
49511	14355	1	270	240
49511	14356	2	250	280
49511	13047	3	290	220
49511	17367	4	450	1600
49511	11009	5	490	1600
49511	11146	6	1070	1700
49511	11131	7	1290	1600
49511	17367	8	1330	1600
49511	11009	9	1950	1600
49511	11131	10	2350	1700
49511	11146	11	2390	1700
49511	17367	12	3490	1600
49511	11131	13	3450	1600
49511	11136	14	3830	1700
49513	14354	1	270	260
49513	14344	2	250	300
49513	13047	3	310	240
49513	17367	4	70	80
49513	17366	5	130	80
49514	14031	1	2310	2900
49514	14053	2	2290	2880
49514	14330	3	2350	2920
49514	13047	4	2330	2880
49514	17655	5	2470	3260
49514	17656	6	2410	3260
49514	43031	7	1990	480
49514	43032	8	2030	480
49514	11164	9	2170	740
49514	11165	10	2010	1040
49514	11136	11	2050	1040
49514	11164	12	1870	1720
49514	11165	13	1730	1640
49514	11136	14	1270	1660
49514	43032	15	1230	1660
49514	11136	16	790	1660
49514	11164	17	730	1700
49514	11037	18	210	1880
49514	11022	19	250	1800
49514	11162	20	290	1860
49514	13019	21	270	1640
49521	14355	1	290	1800
49521	14356	2	230	1780
49521	17367	3	4170	780
49521	17366	4	4170	860
49521	11136	5	290	940
49521	11164	6	330	880
49521	13030	7	470	860
49523	17565	1	1170	320
49523	17565	2	1170	400
49523	17580	3	1110	320
49523	17580	4	1110	400
49523	17565	5	1050	320
49523	17565	6	1050	400
49523	17580	7	990	320
49523	17580	8	990	400
49523	17565	9	930	320
49523	17565	10	930	400
49523	17580	11	870	320
49523	17565	12	870	400
49523	17565	13	810	320
49523	17580	14	810	400
49523	17580	15	750	320
49523	17565	16	750	400
49523	17565	17	690	320
49523	17580	18	690	400
49523	17580	19	630	320
49523	17565	20	630	400
49523	14078	21	210	540
49523	14026	22	270	540
49524	17655	1	1190	1620
49524	17655	2	1190	1700
49524	17656	3	1270	1620
49524	17656	4	1270	1700
49524	17655	5	1350	1620
49524	17655	6	1350	1700
49524	17656	7	1430	1620
49524	17656	8	1430	1700
49524	17655	9	1510	1620
49524	17655	10	1510	1700
49524	17656	11	1590	1620
49524	17656	12	1590	1700
49524	17655	13	1670	1620
49524	17656	14	1670	1700
49524	17656	15	1750	1620
49524	17655	16	1750	1700
49524	17655	17	1830	1620
49524	17656	18	1830	1700
49524	17656	19	1910	1620
49524	17655	20	1910	1700
49524	14031	21	2250	1660
49524	14053	22	2310	1620
49524	14330	23	2310	1720
49524	11037	24	630	3060
49524	11022	25	590	3120
49524	11162	26	690	3040
49524	13030	27	670	3100
49524	17366	28	30	100
49524	17367	29	70	100
49531	14401	1	3170	2460
49531	17565	2	30	80
49531	12078	3	3110	280
49531	12081	4	3150	300
49531	13005	5	3150	260
49533	17110	1	1490	3100
49533	14394	2	1270	2940
49534	14062	1	3710	1020
49534	43031	2	3930	900
49534	43033	3	50	100
49534	43034	4	90	100
49534	12042	5	350	1580
49534	12069	6	290	1560
49534	12073	7	370	1520
49534	13009	8	430	1660
49534	13005	9	490	1660
49541	26001	1	1710	1020
49541	14398	2	30	80
49541	20001	3	230	560
49543	26001	1	2090	1460
49543	26001	2	2090	1300
49543	26001	3	2090	1160
49543	26001	4	2090	1000
49543	26001	5	2090	820
49543	26001	6	2090	660
49543	26001	7	2090	500
49543	26001	8	1990	380
49543	26001	9	1810	360
49543	26001	10	1650	360
49543	26001	11	1510	360
49543	14396	12	270	320
49543	14062	13	30	80
49544	26001	1	1730	1660
49544	26001	2	1530	1660
49544	26001	3	1350	1660
49544	26001	4	1170	1660
49544	26001	5	970	1660
49544	26001	6	770	1660
49544	26001	7	590	1660
49544	26001	8	410	1620
49544	26001	9	430	1480
49544	26001	10	430	1340
49544	26001	11	430	1180
49544	14062	12	290	300
49551	14351	1	3130	260
49553	17111	1	2010	1360
49553	14351	2	2170	920
49553	26001	3	1970	420
49553	14329	4	1970	420
49553	26001	5	1450	300
49553	14351	6	1450	300
49553	26001	7	1570	400
49553	14329	8	1570	400
49553	17112	9	870	320
49553	14351	10	210	540
49553	26001	11	2710	320
49553	14329	12	2710	320
49553	14351	13	3310	400
49553	14351	14	3910	240
49553	14329	15	3970	300
49553	14351	16	2030	1800
49553	14329	17	2150	1800
49553	17111	18	2010	1860
49553	17112	19	2090	1860
49553	17111	20	2170	1860
49553	26001	21	2210	340
49553	14328	22	2210	340
49554	17581	1	1190	520
49554	14328	2	1310	1000
49554	14345	3	1150	1640
49554	26001	4	1150	1640
49554	26001	5	490	1560
49554	14328	6	490	1560
49554	26001	7	410	1700
49554	14345	8	410	1700
49554	17566	9	370	920
49554	14328	10	630	280
49554	26001	11	1330	1920
49554	14345	12	1330	1920
49554	14328	13	1610	2260
49554	26001	14	1610	2260
49554	14328	15	2110	2260
49554	14345	16	1990	2360
49554	17581	17	2710	2260
49554	17566	18	2710	2340
49554	14328	19	2770	2220
49554	14345	20	2770	2380
49554	14031	21	1250	320
49554	14053	22	1210	260
49554	14330	23	1290	260
49554	13017	24	1190	380
49701	44003	1	2070	1940
49701	44001	2	1450	1040
49701	44002	3	850	1880
49701	42027	4	2950	1680
49701	42027	5	1870	420
49701	42001	6	1110	400
49701	42002	7	1750	520
49701	42003	8	1990	420
49701	42004	9	2390	500
49701	42001	10	1330	400
49701	42002	11	1530	520
49701	42003	12	2170	540
49701	42004	13	2590	440
49701	42001	14	3010	820
49701	42002	15	2970	1040
49701	42003	16	2710	1440
49701	42004	17	2990	1340
49701	42001	18	2930	2420
49701	42002	19	2990	2200
49701	42003	20	2910	2000
49701	42004	21	3010	2660
49701	42001	22	310	2680
49701	42002	23	390	2400
49701	42003	24	1910	3020
49701	42004	25	1630	3000
49701	42001	26	770	2840
49701	42002	27	950	3020
49701	42003	28	1390	2840
49701	42004	29	1170	2980
49701	42001	30	1170	1520
49701	42002	31	1350	1360
49701	42003	32	1590	1380
49701	42004	33	1770	1560
49701	42001	34	1150	1740
49701	42002	35	1330	1940
49701	42003	36	1570	1960
49701	42004	37	1770	1780
49701	42001	38	1630	2400
49701	42002	39	1810	2220
49701	42003	40	1990	2240
49701	42004	41	2190	2380
49701	42001	42	1630	2600
49701	42002	43	1810	2740
49701	42003	44	1990	2740
49701	42004	45	2190	2600
49701	42001	46	550	600
49701	42002	47	690	500
49701	42003	48	850	500
49701	42004	49	1030	620
49701	42001	50	510	880
49701	42002	51	710	980
49701	42003	52	890	980
49701	42004	53	1050	900
49701	42008	54	150	3160
49701	42006	55	3230	300
49701	42007	56	190	200
49701	42001	57	2230	840
49701	42002	58	2630	800
49701	42003	59	2230	1200
49701	42004	60	2630	1160
49701	42001	61	630	1080
49701	42002	62	870	1380
49701	42003	63	830	2500
49701	42004	64	1210	2520
49701	42001	65	2350	2760
49701	42002	66	2710	2620
49701	42003	67	2350	2420
49701	42004	68	2710	2160
49701	16040	69	2990	3120
49702	42009	1	3230	860
49702	42009	2	3430	560
49702	42009	3	3670	900
49702	42010	4	3230	620
49702	42010	5	3450	900
49702	42010	6	3610	680
49702	42009	7	570	660
49702	42009	8	830	920
49702	42009	9	1050	600
49702	42010	10	550	860
49702	42010	11	810	580
49702	42010	12	1090	840
49702	42009	13	2170	540
49702	42009	14	2390	920
49702	42010	15	2170	860
49702	42010	16	2430	620
49702	14097	17	3730	360
49702	42015	18	2870	760
49702	42009	19	2830	740
49702	42009	20	2830	780
49702	42016	21	1630	740
49702	42010	22	1570	720
49702	42010	23	1570	780
49702	12033	24	310	240
49703	42011	1	650	2180
49703	42012	2	710	2180
49703	42011	3	2490	560
49703	42012	4	2710	580
49703	42011	5	1510	620
49703	42012	6	1690	840
49703	42011	7	1510	1040
49703	42012	8	1670	1240
49703	42011	9	670	560
49703	42012	10	690	660
49703	42011	11	570	1300
49703	42011	12	810	1460
49703	42012	13	590	1440
49703	42012	14	770	1220
49703	42011	15	1730	1920
49703	42011	16	2170	2140
49703	42012	17	1770	2180
49703	42012	18	2110	1900
49703	42011	19	2410	1160
49703	42011	20	2730	1580
49703	42012	21	2730	1300
49703	42012	22	2410	1440
49703	42011	23	2410	1720
49703	42012	24	2730	1860
49703	15103	25	190	2340
49703	14571	26	330	260
49703	42017	27	490	1000
49703	42018	28	2050	480
49703	42019	29	1090	2220
49703	42020	30	2910	2420
49703	14571	31	150	2360
49704	42009	1	450	740
49704	42010	2	510	920
49704	42009	3	1470	620
49704	42010	4	1490	840
49704	42009	5	1690	860
49704	42010	6	1670	640
49704	42009	7	1870	660
49704	42010	8	1890	880
49704	42009	9	2690	640
49704	42010	10	2850	680
49704	42009	11	530	460
49704	42010	12	450	580
49704	42010	13	630	580
49704	42009	14	830	960
49704	42009	15	1070	940
49704	42009	16	1270	880
49704	42009	17	2470	760
49704	42025	18	3070	420
49704	42026	19	3110	460
49705	42005	1	1790	1920
49705	42006	2	1770	2140
49705	42007	3	1430	2140
49705	42008	4	1450	1960
49705	42005	5	970	1820
49705	42006	6	1070	2140
49705	42007	7	690	2060
49705	42008	8	650	1800
49705	42005	9	1750	800
49705	42006	10	1790	600
49705	42007	11	1510	600
49705	42008	12	1470	780
49705	42005	13	1990	860
49705	42007	14	1230	540
49705	14072	15	2250	2300
49705	42023	16	170	200
49705	42021	17	810	1240
49705	42022	18	2150	440
49705	42006	19	2150	1380
49705	42005	20	330	2400
49705	43003	21	170	140
49705	43003	22	110	200
49705	43004	23	50	200
49705	43004	24	110	140
49705	43004	25	170	80
49705	43003	26	350	2480
49705	43003	27	250	2400
49705	43003	28	830	1140
49705	43003	29	890	1180
49705	43003	30	950	1220
49705	43004	31	2150	340
49705	43004	32	2270	420
49705	43004	33	2150	1320
49705	43004	34	2230	1380
49706	42005	1	610	1200
49706	42006	2	510	1480
49706	42007	3	810	1540
49706	42008	4	810	1220
49706	42005	5	1030	1220
49706	42006	6	1130	1420
49706	42007	7	550	580
49706	42008	8	750	640
49706	42005	9	990	580
49706	42006	10	1210	580
49706	42024	11	870	620
49708	16040	1	150	820
49708	15088	2	970	340
49711	42067	1	2170	3780
49711	42036	2	2250	3740
49711	42037	3	2090	3820
49711	42038	4	2230	3780
49711	42039	5	2150	3820
49711	42102	6	2330	320
49711	42036	7	2410	280
49711	42037	8	2410	360
49711	42038	9	2250	280
49711	42039	10	2330	240
49711	42095	11	210	220
49711	42036	12	170	160
49711	42037	13	130	200
49711	42038	14	130	100
49711	42039	15	50	180
49711	44004	16	990	1000
49711	44005	17	770	2840
49711	44006	18	1430	2840
49711	44007	19	1210	1600
49711	42028	20	770	3180
49711	42029	21	950	3180
49711	42030	22	1130	3180
49711	42031	23	1310	3180
49711	42028	24	1650	2040
49711	42029	25	1770	2020
49711	42030	26	1910	2020
49711	42031	27	2050	2040
49711	42028	28	1070	1440
49711	42029	29	1290	1440
49711	42030	30	1470	1480
49711	42031	31	1630	1480
49711	42028	32	1590	660
49711	42029	33	1630	660
49711	42030	34	1670	660
49711	42031	35	1710	660
49711	42036	36	770	3520
49711	42037	37	950	3520
49711	42038	38	1130	3520
49711	42039	39	1310	3520
49711	42036	40	1630	2540
49711	42037	41	1770	2540
49711	42038	42	1890	2540
49711	42039	43	2010	2560
49711	42036	44	1030	1740
49711	42037	45	1210	1860
49711	42038	46	1470	1860
49711	42039	47	1610	1820
49711	42036	48	1590	720
49711	42037	49	1630	720
49711	42038	50	1670	720
49711	42039	51	1710	720
49711	42032	52	1890	1260
49711	42033	53	2010	1460
49711	42034	54	2130	1780
49711	42035	55	2170	1980
49711	42032	56	2150	2160
49711	42033	57	2130	2400
49711	42034	58	2070	3060
49711	42035	59	2150	3300
49711	42032	60	370	1580
49711	42033	61	390	1360
49711	42034	62	410	2180
49711	42035	63	690	2260
49711	42032	64	350	2600
49711	42033	65	450	2440
49711	42034	66	390	2960
49711	42035	67	450	3180
49711	42044	68	2170	1620
49711	42044	69	2170	2660
49711	42044	70	370	2780
49711	42044	71	450	1840
49711	42028	72	630	720
49711	42029	73	1350	700
49711	42030	74	630	1340
49711	42031	75	1350	1340
49711	42028	76	930	2060
49711	42029	77	1550	2040
49711	42030	78	930	2420
49711	42031	79	1550	2420
49711	42028	80	1870	3180
49711	42030	81	1390	3280
49711	42029	82	1790	960
49711	42031	83	1770	1620
49711	16040	84	350	3620
49712	42045	1	1030	560
49712	42047	2	530	940
49712	42045	3	1050	1820
49712	42046	4	650	1880
49712	42047	5	1030	2120
49712	42048	6	670	2120
49712	42100	7	210	2480
49712	42101	8	1290	2460
49712	14219	9	490	300
49712	14218	10	1350	1380
49712	42049	11	750	840
49712	42050	12	810	920
49712	42052	13	1170	1300
49712	42051	14	1230	1260
49713	42061	1	2650	1220
49713	42062	2	2330	1460
49713	42063	3	1330	1100
49713	42064	4	990	1440
49713	42061	5	670	1180
49713	42062	6	550	1520
49713	42063	7	2750	1500
49713	42064	8	2410	600
49713	11047	9	2810	400
49713	42066	10	1330	1580
49713	42067	11	1310	1640
49713	42068	12	970	780
49714	42061	1	1310	560
49714	42062	2	930	620
49714	42063	3	910	900
49714	42064	4	530	900
49714	42061	5	2590	580
49714	42062	6	2590	900
49714	42063	7	2310	820
49714	42064	8	2930	840
49714	13012	9	510	360
49714	42071	10	1670	840
49714	42070	11	1750	800
49714	42072	12	3790	500
49715	42045	1	2090	540
49715	42046	2	1990	920
49715	42047	3	890	660
49715	42048	4	510	540
49715	42045	5	730	1180
49715	42046	6	530	1460
49715	42047	7	1310	1520
49715	42048	8	910	1500
49715	12020	9	230	1660
49715	14577	10	2090	1160
49715	42053	11	950	320
49715	42055	12	230	860
49715	42103	13	2410	1900
49716	12043	1	450	220
49716	42073	2	490	2040
49716	42075	3	1550	1060
49716	42104	4	2430	280
49716	42074	5	410	2040
49716	42076	6	1410	1080
49716	42061	7	2030	640
49716	42062	8	1710	680
49716	42063	9	1250	560
49716	42064	10	850	580
49716	42061	11	510	720
49716	42062	12	830	980
49716	42063	13	510	1020
49716	42064	14	890	1320
49716	42061	15	490	1400
49716	42063	16	550	1700
49716	42062	17	950	1640
49716	42064	18	1070	1980
49716	42061	19	1990	2120
49716	42062	20	1450	2100
49716	42063	21	1750	1840
49716	42064	22	1950	1200
49717	14017	1	230	1640
49717	42088	2	930	320
49717	42086	3	2870	1060
49717	42091	4	2570	580
49717	42098	5	390	1800
49717	42090	6	350	1860
49717	14578	7	2870	400
49717	42082	8	3010	560
49717	42082	9	610	1420
49717	42083	10	870	1560
49717	42084	11	530	780
49717	42085	12	890	680
49717	42082	13	1650	720
49717	42083	14	1450	1020
49717	42084	15	1870	1560
49717	42085	16	2850	1580
49717	42082	17	2630	1480
49717	42083	18	2730	1220
49717	42084	19	2670	580
49717	42085	20	2370	620
49718	42105	1	490	300
49718	42048	2	370	320
49718	42046	3	650	240
49718	42046	4	230	400
49718	42048	5	490	280
49718	14001	6	130	1040
49718	12033	7	310	1040
49718	42057	8	1850	480
49718	14001	9	1690	540
49718	42060	10	3090	400
49718	42059	11	3030	380
49718	42048	12	3150	380
49718	42047	13	3010	320
49718	42045	14	750	880
49718	42046	15	1050	940
49718	42047	16	2090	440
49718	42048	17	1510	980
49719	42106	1	2830	520
49719	43009	2	2890	640
49719	43009	3	2670	540
49719	43007	4	2590	620
49719	43009	5	2570	540
49719	43007	6	2830	720
49719	43009	7	2930	700
49719	14006	8	450	2180
49719	17047	9	370	2160
49719	17047	10	450	2120
49719	42078	11	1170	500
49719	42063	12	1110	440
49719	42063	13	1290	480
49719	42079	14	1070	500
49719	42062	15	1250	560
49719	42080	16	1510	1180
49719	42064	17	1410	1220
49719	42064	18	1610	1140
49719	42081	19	1430	1100
49719	42062	20	1590	1260
49719	42099	21	2070	580
49719	43009	22	2130	500
49719	43007	23	2130	560
49719	43009	24	2010	660
49719	43009	25	2210	580
49719	43009	26	1950	580
49719	43007	27	2010	600
49719	42061	28	2810	1500
49719	42062	29	2410	1420
49719	42063	30	2730	1940
49719	42061	31	2370	2160
49719	42064	32	2290	1780
49719	42062	33	1750	1860
49719	42063	34	1930	2140
49719	42064	35	1470	2120
49719	42061	36	1130	1960
49719	42062	37	830	1640
49719	42063	38	510	1580
49719	42064	39	850	1040
49719	42061	40	510	860
49719	42062	41	770	580
49719	42063	42	2450	760
49719	42064	43	2870	880
49720	42097	1	1730	1220
49720	42099	2	1690	1280
49720	42098	3	1870	1240
49720	10039	4	390	380
49720	42092	5	510	520
49720	42093	6	470	540
49720	42083	7	550	500
49720	42094	8	3570	600
49720	42096	9	1850	1320
49720	42095	10	1890	1360
49720	42082	11	570	2180
49720	42083	12	490	1580
49720	42084	13	550	1240
49720	42085	14	810	640
49720	42082	15	1550	560
49720	42083	16	2610	720
49720	42084	17	3290	540
49720	42085	18	3610	1260
49720	42082	19	3150	1160
49720	42083	20	3590	1820
49720	42084	21	3650	2220
49720	42085	22	2370	2220
49720	42082	23	2470	1620
49720	42083	24	2090	1800
49720	42084	25	1650	1760
49720	42085	26	1610	2160
49721	15088	1	330	240
49721	16040	2	70	1080
49725	44009	1	1570	1380
49725	44008	2	870	1100
49725	42109	3	2130	1620
49725	42110	4	2170	1620
49725	42111	5	2130	1700
49725	42112	6	2170	1700
49725	42109	7	2150	700
49725	42110	8	2190	700
49725	42111	9	2150	780
49725	42112	10	2190	780
49725	42109	11	270	260
49725	42110	12	310	260
49725	42111	13	270	340
49725	42112	14	310	340
49725	42109	15	310	1600
49725	42110	16	350	1600
49725	42111	17	310	1680
49725	42112	18	350	1680
49725	42113	19	2210	1620
49725	42114	20	2210	1700
49725	42113	21	2230	700
49725	42114	22	2230	780
49725	42113	23	350	260
49725	42114	24	350	340
49725	42113	25	390	1600
49725	42114	26	390	1680
49725	42115	27	2110	740
49725	42116	28	430	1640
49725	42113	29	2310	220
49725	42117	30	2370	220
49725	42117	31	2310	160
49725	42114	32	2310	100
49725	42114	33	2370	160
49725	42114	34	2430	220
49725	42117	35	2370	100
49725	42117	36	2430	160
49725	42109	37	710	460
49725	42110	38	1070	380
49725	42111	39	570	760
49725	42112	40	1070	700
49725	42109	41	1510	1700
49725	42110	42	1870	1700
49725	42111	43	1510	2040
49725	42112	44	1870	2040
49725	42109	45	1450	520
49725	42110	46	1790	660
49725	42111	47	1450	900
49725	42112	48	1790	1040
49725	42109	49	690	1460
49725	42110	50	1130	1540
49725	42111	51	690	1840
49725	42112	52	1130	1920
49725	16040	53	350	2140
49726	42109	1	1470	440
49726	42110	2	1870	440
49726	42111	3	1430	780
49726	42112	4	1930	800
49726	42109	5	2930	440
49726	42110	6	3310	420
49726	42111	7	2930	760
49726	42112	8	3370	780
49726	42117	9	4270	520
49726	42117	10	4450	740
49726	42118	11	390	380
49726	42109	12	310	380
49726	42110	13	390	320
49726	42109	14	230	320
49726	42109	15	310	260
49726	15071	16	310	320
49726	42119	17	2590	620
49726	42111	18	2490	500
49726	42111	19	2490	720
49726	42112	20	2410	500
49726	42111	21	2410	720
49726	42120	22	4050	520
49726	42113	23	3990	440
49726	42114	24	3990	600
49726	42113	25	3770	440
49726	42114	26	3770	600
49726	42121	27	4630	340
49726	42113	28	4630	280
49726	42114	29	4710	320
49726	15094	30	4770	260
49726	15184	31	4690	260
49726	15170	32	4730	280
49726	15084	33	4730	240
49726	42117	34	4770	320
49726	42117	35	4650	240
49726	42113	36	4810	280
49726	42114	37	4690	200
49726	14383	38	750	800
49727	15088	1	450	1000
49727	16040	2	30	340
49731	16040	1	4670	1780
49731	42130	2	190	200
49731	42132	3	4930	280
49731	44010	4	1170	760
49731	44011	5	4050	1420
49731	42122	6	1290	420
49731	42123	7	710	460
49731	42124	8	650	1740
49731	42125	9	890	1720
49731	42122	10	1510	460
49731	42123	11	2050	940
49731	42124	12	1670	1700
49731	42125	13	2130	1260
49731	42122	14	3510	440
49731	42123	15	3230	460
49731	42124	16	2810	1200
49731	42125	17	2950	1380
49731	42122	18	4330	460
49731	42123	19	4430	960
49731	42124	20	4550	1180
49731	42125	21	4010	1740
49731	42130	22	910	460
49731	42131	23	2050	420
49731	42132	24	2970	440
49731	42133	25	4410	760
49731	42126	26	690	800
49731	42127	27	1170	1700
49731	42128	28	1810	480
49731	42129	29	1930	1740
49731	42126	30	3010	940
49731	42127	31	3530	1720
49731	42128	32	4090	440
49731	42129	33	4290	1740
49731	42130	34	810	1160
49731	42131	35	2070	1460
49731	42132	36	3210	1740
49731	42133	37	4550	1420
49731	42138	38	410	1000
49731	42138	39	2230	1100
49731	42138	40	2910	1120
49731	42138	41	4610	1040
49731	42122	42	1130	980
49731	42123	43	1590	740
49731	42124	44	1130	1440
49731	42125	45	1590	1200
49731	42122	46	3450	860
49731	42123	47	3450	1420
49731	42124	48	3930	680
49731	42125	49	3930	1260
49731	42122	50	2130	580
49731	42123	51	2750	600
49731	42124	52	2250	1560
49731	42125	53	2770	1540
49732	11026	1	1330	1920
49732	42139	2	1210	780
49732	42141	3	1250	820
49732	42139	4	1290	780
49732	11053	5	250	280
49732	42146	6	370	480
49732	42145	7	430	440
49732	42148	8	1570	300
49732	42139	9	990	2100
49732	42141	10	530	2180
49732	42142	11	510	1460
49732	42139	12	770	680
49732	42140	13	1070	1200
49733	12054	1	230	2360
49733	42147	2	270	240
49733	11025	3	1310	940
49733	42143	4	1250	820
49733	42144	5	1190	840
49733	42139	6	490	2180
49733	42139	7	810	2200
49733	42139	8	1170	2220
49733	42139	9	850	1300
49733	42139	10	550	1120
49733	42139	11	870	820
49733	42139	12	490	700
49734	13004	1	1370	2180
49734	42153	2	1530	1700
49734	42152	3	1370	1680
49734	42150	4	1390	1600
49734	42152	5	1550	1620
49734	42154	6	1430	1660
49734	42155	7	1490	1640
49734	13039	8	2010	1100
49734	13044	9	2030	1040
49734	13044	10	2110	1080
49734	42156	11	410	1440
49734	42149	12	490	1420
49734	42149	13	590	1420
49734	43012	14	670	1420
49734	42153	15	330	1480
49734	43012	16	750	1440
49734	13012	17	370	340
49734	13044	18	290	320
49734	13044	19	370	280
49734	42156	20	410	420
49734	42158	21	490	480
49734	42157	22	470	420
49734	42149	23	530	540
49734	42151	24	590	520
49734	42159	25	1770	660
49734	43012	26	1810	520
49734	43013	27	2070	620
49734	43012	28	1750	540
49734	43013	29	2010	660
49734	42149	30	750	1820
49734	42150	31	1930	1780
49734	42151	32	1810	1500
49734	42152	33	1490	1300
49734	42149	34	510	920
49734	42150	35	850	920
49734	42151	36	910	560
49734	42152	37	1250	580
49735	42149	1	550	1560
49735	42150	2	1490	1480
49735	42151	3	2730	640
49735	42152	4	870	640
49735	42149	5	1810	1520
49735	42149	6	2630	1520
49735	42151	7	2430	720
49735	42150	8	2130	1560
49735	14001	9	270	1620
49735	42161	10	2670	1280
49735	42162	11	2630	1200
49735	42163	12	2690	1240
49735	42164	13	2750	1260
49735	42149	14	2890	760
49735	42150	15	3070	760
49735	42165	16	2470	600
49735	42166	17	2490	540
49735	42167	18	2430	540
49735	42168	19	2390	580
49735	42151	20	1830	400
49735	42152	21	1790	440
49735	12033	22	1330	380
49735	42169	23	570	500
49735	42152	24	510	500
49736	42171	1	1970	2080
49736	42172	2	1530	2160
49736	42173	3	610	1460
49736	42174	4	930	600
49736	42171	5	2090	620
49736	42174	6	1230	1200
49736	42173	7	550	1620
49736	42172	8	1990	1060
49736	11040	9	2270	2280
49736	42177	10	1470	1720
49736	42178	11	1410	1700
49736	42173	12	970	2200
49736	42174	13	930	2260
49736	42175	14	430	1820
49736	11047	15	590	1060
49736	42179	16	730	1040
49736	42180	17	730	1120
49736	42181	18	430	1160
49736	42182	19	510	1240
49736	42183	20	570	500
49736	42174	21	510	500
49737	42171	1	2870	2320
49737	42172	2	1610	2220
49737	42173	3	1150	560
49737	42174	4	2490	1260
49737	42173	5	2730	1440
49737	42171	6	2690	1020
49737	42171	7	1330	500
49737	42173	8	1630	1480
49737	42171	9	650	1840
49737	42172	10	770	1340
49737	42171	11	1510	1140
49737	42172	12	2470	2220
49737	14113	13	2950	2080
49737	42185	14	970	2200
49737	42186	15	1030	2160
49737	42188	16	430	1120
49737	42173	17	1070	1060
49737	42191	18	2110	1580
49737	42192	19	1870	1560
49737	42194	20	2770	700
49737	42169	21	2210	420
49737	42197	22	2170	360
49737	42198	23	2230	380
49737	42199	24	2290	420
49737	42201	25	530	560
49737	19001	26	370	500
49738	16040	1	250	940
49738	15088	2	1190	320
49801	38057	1	650	940
49801	38057	2	570	1260
49801	38057	3	930	1140
49801	38057	4	270	1100
49801	38057	5	250	860
49801	38058	6	630	160
49801	38058	7	250	440
49801	38058	8	930	300
49801	38058	9	530	660
49801	38058	10	590	400
49801	38056	11	1230	920
49801	38056	12	950	620
49801	38056	13	1570	660
49801	38056	14	1350	280
49801	38056	15	1270	520
49801	38060	16	210	580
49801	38059	17	250	560
49802	38057	1	650	940
49802	38057	2	570	1260
49802	38057	3	930	1140
49802	38057	4	270	1100
49802	38057	5	250	860
49802	38058	6	630	160
49802	38058	7	250	440
49802	38058	8	930	300
49802	38058	9	530	660
49802	38058	10	590	400
49802	38056	11	1230	920
49802	38056	12	950	620
49802	38056	13	1570	660
49802	38056	14	1350	280
49802	38056	15	1270	520
49802	38060	16	210	580
49802	38059	17	250	560
49803	38057	1	650	940
49803	38057	2	570	1260
49803	38057	3	930	1140
49803	38057	4	270	1100
49803	38057	5	250	860
49803	38058	6	630	160
49803	38058	7	250	440
49803	38058	8	930	300
49803	38058	9	530	660
49803	38058	10	590	400
49803	38056	11	1230	920
49803	38056	12	950	620
49803	38056	13	1570	660
49803	38056	14	1350	280
49803	38056	15	1270	520
49803	38060	16	210	580
49803	38059	17	250	560
49811	27140	1	170	3000
49811	38066	2	630	660
49811	38067	3	1670	780
49811	38066	4	2710	720
49811	38067	5	2970	1760
49811	38066	6	2070	1340
49811	38067	7	1210	1620
49811	38066	8	490	1260
49811	38067	9	690	2140
49811	38066	10	1690	2200
49811	38067	11	2690	2440
49811	38066	12	2050	2700
49811	38067	13	1090	2560
49811	38066	14	330	2280
49811	38067	15	470	1800
49811	38066	16	1290	1100
49811	38067	17	2110	460
49811	38066	18	1090	560
49811	38067	19	2770	1320
49811	38066	20	2270	2080
49811	38067	21	2390	1060
49812	27140	1	150	2980
49812	38066	2	790	680
49812	38066	3	2930	460
49812	38066	4	1530	2100
49812	38066	5	1670	2500
49812	38067	6	850	1680
49812	38067	7	2490	920
49812	38067	8	690	2320
49812	38067	9	2950	1360
49812	38039	10	2970	2760
49812	38039	11	1910	500
49812	38039	12	2450	1740
49812	38040	13	1150	1220
49812	38040	14	1210	2700
49812	38040	15	2450	260
49812	38041	16	2170	2060
49812	38041	17	1650	1420
49812	38041	18	2910	2160
49812	38042	19	550	1220
49812	38042	20	2250	2660
49812	38042	21	1490	900
49813	27140	1	150	2980
49813	38066	2	790	680
49813	38066	3	2930	460
49813	38066	4	1530	2100
49813	38066	5	1670	2500
49813	38067	6	850	1680
49813	38067	7	2490	920
49813	38067	8	690	2320
49813	38067	9	2950	1360
49813	38039	10	2970	2760
49813	38039	11	1910	500
49813	38039	12	2450	1740
49813	38040	13	1150	1220
49813	38040	14	1210	2700
49813	38040	15	2450	260
49813	38041	16	2170	2060
49813	38041	17	1650	1420
49813	38041	18	2910	2160
49813	38042	19	550	1220
49813	38042	20	2250	2660
49813	38042	21	1490	900
49901	27143	1	330	280
49902	27143	1	590	700
49903	27143	1	590	700
49904	27143	1	610	700
49905	27143	1	610	700
49908	27143	1	130	220
49908	27143	2	210	180
49909	27141	1	1010	560
49909	27144	2	670	460
49909	27145	3	590	480
49909	27142	4	750	460
49909	27142	5	270	820
49909	27142	6	450	920
49909	27002	7	950	400
49910	40031	1	390	260
49911	60105	1	610	300
49911	60105	2	610	380
49911	60105	3	610	460
49911	60105	4	610	540
49912	60105	1	610	300
49912	60105	2	610	380
49912	60105	3	610	460
49912	60105	4	610	540
49913	60105	1	610	300
49913	60105	2	610	380
49913	60105	3	610	460
49913	60105	4	610	540
49914	60105	1	610	300
49914	60105	2	610	380
49914	60105	3	610	460
49914	60105	4	610	540
49915	60105	1	610	300
49915	60105	2	610	380
49915	60105	3	610	460
49915	60105	4	610	540
49916	22041	1	630	480
49916	24009	2	610	160
49917	38144	1	390	320
49917	38145	2	550	380
49917	38146	3	210	380
49917	38147	4	90	200
49918	38145	1	550	360
49918	38144	2	610	380
49918	38146	3	350	340
49918	38147	4	290	340
49919	38163	1	1170	420
49921	15049	1	1990	300
49923	38161	1	2350	300
49923	38162	2	2250	360
49924	38166	1	570	980
49924	38166	2	1250	800
49924	38166	3	1730	980
49926	15050	1	910	960
49929	38159	1	1350	1780
49929	38159	2	1150	240
49930	38160	1	1150	220
49930	38160	2	130	940
49934	38158	1	690	1020
49934	38158	2	1570	960
49935	38164	1	590	340
49935	38164	2	870	340
49935	38164	3	1090	360
49935	38164	4	1390	340
49935	38164	5	1650	340
49935	38164	6	1930	340
49935	38164	7	2170	320
49936	15049	1	890	340
49938	38156	1	310	840
49938	38157	2	550	840
49939	38155	1	1350	200
49940	38154	1	410	340
49940	38155	2	350	360
49940	38156	3	490	360
49940	38157	4	290	380
49940	38158	5	550	380
49940	38159	6	290	460
49940	38160	7	550	460
49940	38161	8	330	540
49940	38162	9	510	540
49940	38163	10	410	580
49941	38140	1	450	540
49941	38139	2	890	540
49941	38141	3	1070	780
49941	38142	4	530	820
49941	38143	5	530	1200
54501	15281	1	610	1500
54501	15281	2	1150	200
54501	15281	3	2270	1500
54502	15281	1	310	160
54502	15281	2	330	1440
54502	15281	3	2290	840
54503	15281	1	1090	200
54503	15281	2	2290	1500
54503	15281	3	3070	260
54504	15281	1	330	1460
54504	15281	2	2310	2140
54504	15281	3	2270	840
54505	15281	1	570	280
54511	14259	1	410	420
54511	19026	2	310	480
54512	19026	1	1150	400
54512	14259	2	1350	400
54513	14259	1	1350	400
54513	19026	2	1150	400
54514	14259	1	1350	400
54514	19026	2	1150	400
54515	14259	1	1310	400
54515	19026	2	1390	480
54516	14259	1	570	840
54516	19026	2	630	900
54517	14259	1	1430	900
54517	19026	2	1490	960
54518	14259	1	570	820
54518	19026	2	630	880
54519	14259	1	1410	860
54519	19026	2	1470	920
54520	14259	1	570	820
54520	19026	2	630	860
54521	14259	1	1410	860
54521	19026	2	1470	920
54522	14259	1	550	820
54522	19026	2	610	880
54523	14259	1	1410	820
54523	19026	2	1470	880
54524	14259	1	1410	820
54524	19026	2	1470	880
54525	14259	1	1410	840
54525	19026	2	1470	900
54526	14259	1	1410	840
54526	19026	2	1470	900
54541	27148	1	410	280
54542	27148	1	410	320
54543	27148	1	410	320
54544	27148	1	410	320
54545	27148	1	410	320
54546	27148	1	410	320
54547	27148	1	410	340
54548	27148	1	410	240
54549	27148	1	410	300
54551	16047	1	290	140
54551	27149	2	230	200
54552	16047	1	170	260
54552	27149	2	170	340
54553	16047	1	210	360
54553	27149	2	250	420
54554	16047	1	470	140
54554	27149	2	530	140
54556	16047	1	530	440
54556	27149	2	590	440
54557	16047	1	590	100
54557	27149	2	650	160
54558	16047	1	690	280
54558	27149	2	690	360
54559	16047	1	670	320
54559	27149	2	630	420
54561	20002	1	210	280
54561	20002	2	650	280
54561	20002	3	330	960
54561	20002	4	1050	400
54562	20002	1	1210	320
54562	20002	2	530	280
54562	20002	3	210	400
54562	20002	4	530	700
54563	20002	1	1050	400
54563	20002	2	510	280
54563	20002	3	310	560
54563	20002	4	530	960
54564	20002	1	1190	320
54564	20002	2	610	280
54564	20002	3	210	400
54564	20002	4	310	960
54565	20002	1	1170	400
54565	20002	2	650	280
54565	20002	3	190	340
54565	20002	4	530	700
54566	38080	1	430	1840
54566	38080	2	1270	1840
54566	20002	3	1350	380
54566	20002	4	1130	840
54566	20002	5	1350	1340
54566	20002	6	210	940
54566	20002	7	530	1340
54567	38080	1	430	1840
54567	38080	2	1270	1840
54567	20002	3	1130	640
54567	20002	4	1370	1000
54567	20002	5	1150	1560
54567	20002	6	210	940
54567	20002	7	530	1320
54568	38079	1	410	1840
54568	38079	2	1270	1840
54568	20002	3	1150	620
54568	20002	4	1350	1000
54568	20002	5	1130	1600
54568	20002	6	210	920
54568	20002	7	530	1340
54569	38079	1	430	1840
54569	38079	2	1270	1840
54569	20002	3	1150	580
54569	20002	4	950	960
54569	20002	5	1350	1580
54569	20002	6	190	1040
54569	20002	7	310	1580
54570	38080	1	410	1840
54570	38080	2	1270	1840
54570	20002	3	530	640
54570	20002	4	310	1000
54570	20002	5	530	1620
54570	20002	6	1050	960
54570	20002	7	1350	1300
54571	38080	1	410	1840
54571	38080	2	1250	1840
54571	20002	3	310	640
54571	20002	4	650	960
54571	20002	5	330	1340
54571	20002	6	1450	1020
54571	20002	7	1150	1480
54572	38079	1	430	1840
54572	38079	2	1270	1840
54572	20002	3	310	660
54572	20002	4	670	980
54572	20002	5	310	1320
54572	20002	6	1450	920
54572	20002	7	1170	1360
54573	38079	1	430	1840
54573	38079	2	1270	1840
54573	20002	3	510	660
54573	20002	4	310	1000
54573	20002	5	510	1620
54573	20002	6	1050	940
54573	20002	7	1150	1600
54574	20002	1	510	640
54574	20002	2	330	1280
54574	20002	3	1070	1820
54574	20002	4	2170	1660
54574	20002	5	1990	1020
54574	20002	6	1010	280
54574	20002	7	1470	400
54574	20001	8	1250	340
54575	20002	1	530	660
54575	20002	2	310	1320
54575	20002	3	1170	1840
54575	20002	4	1970	1520
54575	20002	5	2190	1000
54575	20002	6	1050	400
54575	20002	7	1490	260
54575	20001	8	1250	340
54576	20002	1	310	640
54576	20002	2	530	1300
54576	20002	3	1450	1840
54576	20002	4	2170	1680
54576	20002	5	1970	1000
54576	20002	6	1010	280
54576	20002	7	1490	280
54576	20001	8	1250	340
54577	20002	1	530	660
54577	20002	2	330	1680
54577	20002	3	1330	1840
54577	20002	4	2170	1680
54577	20002	5	1970	1000
54577	20002	6	1050	400
54577	20002	7	1470	300
54577	20001	8	1250	340
54578	20002	1	530	680
54578	20002	2	310	360
54579	20002	1	310	980
54579	20002	2	530	660
54580	38078	1	1990	460
54580	38079	2	1930	380
54580	20001	3	2310	280
54580	20002	4	530	680
54580	20002	5	210	1120
54580	20002	6	770	960
54580	20002	7	1430	1040
54580	20002	8	1970	900
54580	20001	9	410	1040
54811	38038	1	210	3000
54811	38038	2	310	3100
54812	38038	1	190	3000
54812	38038	2	290	3120
54821	15285	1	2250	1680
54821	22031	2	1830	1860
54821	22061	3	2430	1320
54821	22058	4	490	1600
54821	22059	5	230	1160
54821	22060	6	730	1180
54821	22061	7	690	620
54821	22061	8	1030	1580
54821	22060	9	1650	1280
54821	22059	10	2010	760
54821	22058	11	1590	460
54821	22060	12	1110	580
54822	38021	1	2270	1240
54822	22058	2	1690	1160
54822	22059	3	490	1400
54822	22060	4	1050	1580
54822	22061	5	470	800
54822	22058	6	1110	540
54822	22059	7	1590	460
54822	22061	8	2010	760
54823	22058	1	1570	400
54823	22059	2	1690	1160
54823	22060	3	2050	760
54823	22061	4	1710	1520
54823	22058	5	1050	1580
54823	22059	6	510	1460
54823	22060	7	470	760
54823	22061	8	1110	540
54824	27001	1	370	360
54824	27002	2	310	460
54824	27003	3	370	560
54824	27031	4	430	340
54824	27080	5	630	500
54824	15171	6	550	400
54825	15231	1	810	400
54825	27011	2	490	720
54825	27011	3	730	880
54825	27011	4	990	660
54825	27011	5	710	720
54825	27011	6	1010	460
54825	27007	7	550	380
54825	15285	8	490	400
54825	15329	9	1210	560
54825	22059	10	310	860
54825	38020	11	370	640
54825	38021	12	410	620
54826	15421	1	210	220
54826	15422	2	1270	360
54826	15400	3	130	200
54826	15402	4	190	140
54827	38092	1	870	760
54827	38092	2	570	1000
54827	38092	3	1070	1040
54827	15421	4	50	860
54827	22039	5	430	680
54827	22033	6	370	740
54827	22035	7	490	640
54828	38091	1	510	1020
54828	38091	2	830	720
54828	38091	3	1030	1020
54828	15421	4	70	940
54828	22039	5	410	680
54828	22033	6	490	640
54828	22035	7	350	740
54829	38131	1	310	300
54829	38131	2	2190	300
54829	38131	3	2190	1380
54829	38133	4	1210	1260
54829	38133	5	750	760
54829	38130	6	1630	580
54829	38130	7	1850	1160
54829	38129	8	2090	1440
54829	38130	9	2050	1520
54829	38127	10	2150	1500
54830	18021	1	1170	800
54831	38127	1	550	480
54831	38128	2	590	420
54901	15283	1	1670	400
54901	15088	2	1170	340
54901	14366	3	1690	740
54901	11091	4	1730	760
54901	14240	5	1770	780
54901	13029	6	1810	800
54901	13038	7	1850	820
54901	11057	8	1890	840
54901	14256	9	1930	860
54901	11067	10	1970	880
54901	15168	11	1010	380
54901	12039	12	930	420
54902	15283	1	1670	400
54902	15088	2	1170	340
54902	14366	3	1690	740
54902	11091	4	1730	760
54902	14240	5	1770	780
54902	13029	6	1810	800
54902	13038	7	1850	820
54902	11057	8	1890	840
54902	14256	9	1930	860
54902	11067	10	1970	880
54902	15168	11	1010	380
54902	12039	12	930	420
54903	15283	1	330	520
54903	15088	2	510	340
54903	14366	3	590	320
54903	11091	4	650	320
54903	14240	5	710	320
54903	13029	6	770	340
54903	13038	7	830	360
54903	11057	8	890	380
54903	14256	9	950	420
54903	11067	10	990	480
54903	15168	11	170	700
54903	12039	12	250	800
54904	15283	1	330	520
54904	15088	2	490	320
54904	14366	3	610	320
54904	11091	4	670	320
54904	14240	5	730	340
54904	13029	6	790	360
54904	13038	7	850	380
54904	11057	8	910	400
54904	14256	9	950	440
54904	11067	10	990	480
54904	15168	11	170	700
54904	12039	12	250	800
54911	27052	1	1690	380
54912	27052	1	1690	380
54913	27052	1	1690	380
54921	27055	1	1870	480
54921	27054	2	1490	340
54921	38152	3	1490	400
54921	38153	4	1730	500
55001	15166	1	1050	400
55002	20001	1	290	360
55002	15087	2	330	440
55002	15050	3	370	340
55002	27012	4	570	380
55003	20001	1	590	340
55003	15049	2	410	320
55003	27133	3	270	380
56001	14259	1	150	720
56001	16023	2	190	680
56001	15158	3	270	400
56001	15247	4	470	440
56001	16043	5	1050	500
56101	14442	1	330	380
56101	17319	2	250	440
56101	14444	3	470	500
56101	14443	4	530	440
56101	14520	5	330	500
56101	28004	6	330	420
56102	20001	1	170	460
56102	14443	2	490	360
56103	14444	1	270	420
56104	20001	1	530	360
56501	20002	1	1170	380
56501	14215	2	1250	1240
56501	15049	3	1330	1560
56501	35004	4	2110	1960
56502	24001	1	390	500
56503	20001	1	2330	1180
56503	20002	2	970	1700
56504	20001	1	170	340
56505	20001	1	2310	900
56505	20002	2	1310	360
56507	20001	1	250	560
56508	20001	1	630	260
56509	24001	1	410	500
56510	20001	1	2330	1800
56510	20001	2	230	1200
56510	20002	3	2070	1060
56510	24001	4	1150	960
56510	24001	5	1230	1720
56511	20001	1	190	200
56512	20001	1	2330	900
56512	20002	2	290	1840
56512	24001	3	1330	1080
56513	20001	1	190	420
56514	20002	1	210	240
56515	20001	1	1470	520
56517	20001	1	630	260
56517	35004	2	310	240
56517	14215	3	630	440
56517	35008	4	250	280
56517	35008	5	370	220
56517	35008	6	450	220
56517	35008	7	210	340
56522	20001	1	450	240
56523	20001	1	410	140
56526	20001	1	650	260
56527	20001	1	210	560
56528	14444	1	2050	1140
56528	14443	2	2310	1040
56528	35009	3	2010	900
56529	20001	1	410	160
56531	20001	1	170	260
56532	20001	1	1510	1840
56532	14520	2	1070	280
56532	17316	3	1150	380
56532	17317	4	1230	300
56532	17315	5	1250	440
56533	20002	1	1470	260
56541	25127	1	1590	2260
56541	25127	2	1070	2520
56541	25127	3	1050	2500
56541	25127	4	1130	1620
56541	25127	5	990	1040
56541	25127	6	1010	1000
56541	25128	7	1270	940
56541	25129	8	1230	920
56541	25130	9	1250	960
56541	25130	10	2190	960
56541	25130	11	3230	920
56541	25130	12	3190	900
56541	25127	13	3170	2220
56541	25127	14	3150	2180
56541	25128	15	2990	2520
56541	25129	16	3030	2500
56541	25130	17	1990	2440
56541	25127	18	2890	880
56542	25127	1	590	240
56542	25127	2	550	220
56542	25128	3	190	520
56543	25127	1	590	220
56543	25127	2	630	240
56543	25129	3	190	520
56543	25128	4	230	240
56543	25128	5	270	220
56544	25127	1	610	240
56544	25127	2	570	200
56544	25128	3	190	520
56544	25128	4	230	500
56544	25129	5	630	520
56545	25127	1	1470	300
56545	25127	2	1430	260
56545	25127	3	1050	460
56545	25127	4	1130	980
56545	25127	5	1510	1600
56545	25127	6	1070	1840
56545	25127	7	1450	1580
56545	25127	8	2350	1840
56545	25127	9	2290	1860
56545	25127	10	2330	1580
56545	25127	11	1930	1580
56545	25127	12	3150	1140
56545	25127	13	3110	1180
56545	25127	14	2790	900
56545	25127	15	1950	260
56545	25127	16	1910	320
56545	25127	17	2210	960
56546	25128	1	2810	1560
56546	25128	2	2710	1620
56546	25128	3	3050	1880
56546	25128	4	2190	2440
56546	25128	5	1190	2380
56546	25128	6	1370	1620
56546	25128	7	1210	1020
56546	25128	8	1990	260
56546	25128	9	1950	320
56546	25128	10	2310	480
56546	25128	11	2290	1600
56546	25128	12	2230	1560
56546	25128	13	2310	1840
56546	25128	14	2810	980
56546	25128	15	3150	320
56546	25128	16	3090	300
56546	25128	17	3110	480
56547	25129	1	1510	1620
56547	25129	2	1470	1580
56547	25129	3	1050	1860
56547	25129	4	1130	260
56547	25129	5	1090	320
56547	25129	6	1490	440
56547	25129	7	1050	460
56547	25129	8	1930	280
56547	25129	9	1890	340
56547	25129	10	2310	460
56547	25129	11	3150	1160
56547	25129	12	3110	1180
56547	25129	13	3110	920
56547	25129	14	2750	1180
56547	25129	15	2350	1840
56547	25129	16	2290	1860
56547	25129	17	2330	1580
56547	25129	18	1930	1580
56547	25129	19	1870	1860
56547	25129	20	1370	960
56801	17312	1	2830	560
56801	17313	2	1990	540
56801	17312	3	2310	880
56801	17313	4	1030	920
56801	17312	5	530	560
56801	17312	6	1130	520
56802	17315	1	710	2100
56802	17314	2	1710	2000
56802	17315	3	1930	920
56802	17314	4	730	880
56802	17314	5	1210	1680
56803	46109	1	710	880
56803	46111	2	690	1680
56803	46109	3	1090	2100
56803	46111	4	1390	1620
56803	46111	5	1810	2100
56803	46109	6	1890	900
56811	17318	1	550	660
56811	17319	2	630	1060
56811	17319	3	990	620
56811	17318	4	990	1120
56812	22037	1	550	620
56812	22037	2	610	1640
56812	22037	3	530	2140
56812	22038	4	1050	780
56812	22038	5	1070	1620
57001	15176	1	330	380
57001	15177	2	690	560
57001	14446	3	470	440
57001	14446	4	590	500
57001	14446	5	510	620
57001	14446	6	350	600
57001	14446	7	410	720
57001	14446	8	530	740
57001	14446	9	690	700
57001	14446	10	290	760
57001	14446	11	370	880
57001	14446	12	610	860
57001	15218	13	30	60
57001	15217	14	1030	480
57001	16044	15	1130	580
57101	15172	1	330	480
57101	20001	2	330	360
57101	15175	3	630	540
57101	15173	4	450	460
57101	14409	5	330	560
57101	15322	6	490	600
57102	15173	1	570	380
57102	15172	2	510	560
57102	15177	3	630	440
57103	20001	1	530	360
57103	15174	2	310	380
57104	15175	1	290	380
57104	15239	2	590	420
57104	15240	3	510	380
57104	14412	4	490	520
57104	14411	5	390	520
57104	14413	6	350	580
57104	14410	7	450	580
57105	15218	1	470	360
57105	14436	2	630	520
57105	14437	3	310	400
57106	14252	1	530	380
57501	35003	1	570	640
57502	20001	1	470	480
57505	20001	1	430	280
57507	20001	1	130	420
57507	14437	2	190	420
57507	14438	3	250	420
57507	14414	4	190	280
57507	14414	5	310	320
57507	14416	6	130	320
57507	14416	7	250	280
57508	20001	1	450	360
57509	20001	1	410	200
57510	35003	1	850	960
57510	15223	2	1370	400
57511	20001	1	570	160
57511	35007	2	670	960
57511	35007	3	710	920
57511	35007	4	710	1000
57511	35003	5	310	240
57511	22004	6	430	160
57511	35007	7	250	320
57511	35007	8	330	340
57511	35007	9	410	300
57511	35007	10	430	220
57512	20001	1	650	520
57513	20001	1	670	320
57515	20001	1	450	140
57515	14439	2	430	200
57515	14440	3	350	280
57515	14441	4	430	300
57516	20001	1	150	480
57517	20001	1	630	500
57518	35003	1	30	80
57521	20002	1	1310	520
57521	20002	2	2030	1060
57521	24001	3	3050	1100
57521	20002	4	3810	1000
57522	15177	1	390	480
57523	20001	1	670	3100
57523	27042	2	670	2840
57523	15172	3	370	2900
57523	15174	4	390	2840
57523	15177	5	310	2860
57523	27048	6	30	3220
57523	27049	7	90	3220
57523	27050	8	150	3220
57523	27051	9	210	3220
57524	20002	1	610	500
57525	20001	1	250	560
57525	27041	2	270	240
57527	20001	1	650	1180
57527	27040	2	670	920
57528	20002	1	1930	260
57528	20001	2	3950	1840
57528	14435	3	2090	380
57528	14436	4	2010	400
57528	14415	5	1950	460
57528	14415	6	2030	500
57528	14417	7	2110	480
57528	14417	8	2170	420
57528	27039	9	3970	1560
57531	14416	1	670	240
57531	14416	2	670	380
57534	15322	1	2290	1460
57536	14409	1	3830	300
57536	14410	2	3950	220
57536	14411	3	3850	160
57536	14410	4	3750	180
57536	14411	5	3690	260
57536	14412	6	3970	320
57536	14413	7	3910	400
57536	14412	8	3810	420
57536	14413	9	3710	380
57536	35007	10	3570	260
57536	35007	11	3570	360
57536	35007	12	3430	260
57536	35007	13	3430	340
57536	35007	14	3290	260
57536	35007	15	3290	340
57536	40061	16	3830	300
57536	40062	17	3870	280
57536	40063	18	3850	240
57536	40062	19	3810	240
57536	40063	20	3910	280
57536	14409	21	1050	1680
57536	27146	22	3710	180
57541	20001	1	1470	240
57541	20001	2	2310	1160
57541	25136	3	1490	3100
57541	25136	4	1070	440
57541	25136	5	250	1200
57541	25136	6	530	880
57541	25136	7	1950	1160
57541	20001	8	2290	2180
57541	25136	9	1950	2440
57541	25136	10	230	2480
57542	20001	1	1450	260
57542	20001	2	230	1200
57542	25136	3	550	900
57542	25136	4	2290	280
57542	25136	5	2290	460
57542	20001	6	2270	1540
57543	20001	1	1210	340
57543	25136	2	250	1180
57543	20001	3	2290	1540
57543	25136	4	250	1820
57543	25136	5	1950	1560
57801	17285	1	470	460
57801	17285	2	590	440
57801	17285	3	390	580
57801	17285	4	490	660
57801	17285	5	630	660
57801	17285	6	690	560
57801	15218	7	870	260
57811	15175	1	1370	1800
57812	46110	1	3170	600
57812	46112	2	4610	500
57812	46110	3	630	900
57812	46112	4	1450	640
57812	46112	5	3530	900
57812	46112	6	2090	580
58000	35002	1	2410	200
58000	15052	2	2370	140
59001	27012	1	710	580
59001	27002	2	650	540
59001	27012	3	610	500
59011	27012	1	590	320
59011	46170	2	170	460
59011	45383	3	230	440
59011	45381	4	290	420
59011	45384	5	350	400
59011	46170	6	410	380
59011	46169	7	170	520
59011	45377	8	230	500
59011	45378	9	290	480
59011	45379	10	350	460
59011	46169	11	410	440
59101	27008	1	350	380
59101	27021	2	570	400
59102	27080	1	530	300
59102	27109	2	290	400
59102	27110	3	190	440
59102	27111	4	570	540
59102	27112	5	470	580
59131	27004	1	350	380
59131	27005	2	290	420
59131	27003	3	410	540
59131	27012	4	450	560
59301	27001	1	270	200
59301	27002	2	370	180
59301	27056	3	130	380
59301	27003	4	490	340
59301	15050	5	550	380
59301	15049	6	610	420
59301	27031	7	210	220
59301	27168	8	590	440
59301	27168	9	590	440
59301	27169	10	510	360
59301	15450	11	510	360
59301	27059	12	450	400
59401	27130	1	530	680
59401	27129	2	330	680
59401	15050	3	190	700
59401	15049	4	250	660
59401	27004	5	350	760
59401	27005	6	410	720
59401	27002	7	390	820
59401	27003	8	130	740
59401	27001	9	430	680
59401	27131	10	690	680
59401	27132	11	170	680
59401	27168	12	390	680
59401	27168	13	390	680
59401	27013	14	270	700
59401	27014	15	210	720
59401	27015	16	330	740
59401	27016	17	310	820
59411	27003	1	610	440
59411	27012	2	910	440
59411	15049	3	530	400
59411	15050	4	710	480
59422	27009	1	1210	560
59422	27010	2	530	800
59432	27007	1	550	380
59432	27011	2	410	300
59432	27011	3	270	400
59432	27031	4	150	200
59432	27158	5	210	140
59432	27004	6	450	340
59432	27008	7	410	360
59432	27002	8	370	380
59432	27003	9	330	400
59432	27034	10	330	300
59432	27175	11	250	280
59433	27011	1	970	140
59433	27031	2	830	140
59434	27006	1	550	420
59434	15171	2	650	320
59434	27157	3	810	80
59441	27168	1	1270	1740
59441	27168	2	1270	1740
59441	27013	3	1330	1640
59441	27014	4	1250	1660
59441	27015	5	1170	1720
59441	27016	6	1150	1800
59441	27017	7	1290	1500
59441	27017	8	1230	1520
59441	27018	9	1170	1540
59441	27018	10	1130	1580
59441	27019	11	1090	1620
59441	27019	12	1050	1660
59441	27020	13	1010	1700
59441	27020	14	990	1760
59451	27029	1	530	820
59451	15087	2	610	780
59451	27030	3	830	700
59452	27006	1	410	280
59452	15050	2	490	300
59452	15049	3	570	380
59452	24011	4	530	340
59452	27077	5	390	360
59452	27078	6	430	400
59452	27013	7	210	360
59452	27014	8	270	340
59452	27015	9	330	320
59452	27016	10	390	300
59452	27032	11	150	340
59453	27030	1	470	280
59453	15087	2	530	220
59454	15087	1	330	340
59454	27032	2	330	340
59454	27003	3	470	360
59454	27033	4	550	300
59461	27011	1	690	400
59801	27057	1	210	1040
59802	35035	1	170	2340
59811	35039	1	1250	300
59811	27058	2	1350	340
59811	27057	3	1110	320
59811	27003	4	1530	440
59811	27056	5	1470	520
59812	35036	1	170	2360
59821	27058	1	2290	1000
59822	35037	1	1550	420
59832	35038	1	1450	980
59841	27003	1	1150	880
59841	27012	2	1230	880
59841	27085	3	670	760
59841	27086	4	870	760
59841	27087	5	670	860
59841	27085	6	870	860
59841	27088	7	1010	780
59841	27081	8	1010	840
59841	27082	9	1090	780
59841	27088	10	150	240
59841	27081	11	110	320
59841	27082	12	290	260
59841	27003	13	330	380
59841	27086	14	890	480
59841	27085	15	1090	480
59841	27087	16	890	580
59841	27086	17	1090	580
59841	27087	18	210	660
59841	27086	19	410	660
59841	27085	20	210	780
59841	27087	21	410	780
59841	27012	22	1130	960
59842	27082	1	1170	560
59842	27081	2	910	460
59842	27003	3	990	560
59842	27032	4	830	660
59842	27014	5	770	620
59842	27013	6	890	620
59842	27016	7	890	700
59842	27015	8	770	700
59842	27083	9	730	500
59842	27084	10	650	540
59842	27084	11	670	460
59842	27084	12	810	460
59842	15171	13	950	420
59842	27022	14	1230	540
59842	27012	15	1050	580
59842	27017	16	750	560
60001	16046	1	770	180
60001	16047	2	330	660
60001	16049	3	430	560
60001	15086	4	1070	480
60001	15089	5	970	500
60001	15092	6	990	420
60001	27062	7	610	300
60001	27063	8	630	400
60001	15335	9	850	760
60001	27070	10	1010	800
60001	15138	11	790	820
60001	27076	12	890	860
60001	27076	13	930	900
60001	27076	14	990	900
60001	27076	15	870	840
60001	27076	16	910	880
60001	27076	17	950	900
60001	15071	18	330	220
60011	27065	1	710	420
60011	27066	2	590	540
60012	15361	1	230	820
60012	27089	2	90	780
60012	27063	3	270	840
60012	27065	4	150	740
60012	15362	5	510	140
60012	12100	6	450	240
60012	27062	7	290	160
60012	27063	8	350	120
60012	12166	9	370	760
60012	27059	10	410	660
60012	27060	11	290	700
60012	27061	12	450	820
60012	27065	13	530	840
60012	27065	14	450	880
60012	27067	15	290	640
60012	27068	16	210	680
60012	27089	17	490	720
60021	27061	1	350	300
60021	27067	2	450	320
60021	27068	3	390	380
60021	12166	4	250	240
60041	27068	1	430	500
60041	27068	2	1090	380
60101	27064	1	370	360
60105	15380	1	230	420
60105	27027	2	490	460
60301	27059	1	310	160
60301	27060	2	490	180
60301	27061	3	330	320
60301	27065	4	590	220
60301	27066	5	430	360
60301	27067	6	690	260
60301	27068	7	530	400
60301	27079	8	630	340
60301	27089	9	490	300
60301	15450	10	550	260
60302	27108	1	910	340
60302	27126	2	830	580
60302	27127	3	770	580
60302	27065	4	250	880
60302	27065	5	470	880
60302	27108	6	170	560
60302	27089	7	250	620
60302	27060	8	310	660
60302	27061	9	230	700
60303	27059	1	290	160
60303	27060	2	510	160
60303	27061	3	330	280
60303	27089	4	190	180
60303	27063	5	390	220
60303	27065	6	510	280
60303	40013	7	510	220
60303	40014	8	470	240
60303	15373	9	550	260
60303	15371	10	430	280
60303	15372	11	490	300
60304	27062	1	490	400
60304	27063	2	590	480
60304	27089	3	450	480
60304	40013	4	490	620
60304	40014	5	610	600
60304	15372	6	550	460
60304	15371	7	430	520
60304	15373	8	550	600
60401	16048	1	890	120
60401	27067	2	650	400
60401	27068	3	470	540
60401	14236	4	210	580
60401	27065	5	310	560
60401	27066	6	170	660
60401	15333	7	830	620
60401	15329	8	690	180
60401	15331	9	790	140
60401	27064	10	970	140
60401	15215	11	1170	260
60401	17488	12	1110	240
60401	12100	13	1210	380
60401	12099	14	1250	320
60411	15067	1	1070	440
60411	15154	2	910	520
60411	15155	3	950	560
60421	27065	1	790	380
60421	27066	2	650	480
60421	15334	3	570	220
60422	27060	1	730	440
60422	27065	2	810	460
60422	27066	3	750	500
60422	12166	4	630	340
60431	27077	1	430	240
60431	27108	2	370	360
60431	27089	3	310	440
60431	27060	4	270	480
60431	27061	5	350	480
60431	27065	6	230	400
60431	27065	7	410	440
60431	27135	8	550	440
60431	27136	9	130	320
60431	27137	10	430	240
60431	27138	11	250	580
60431	27138	12	370	580
60431	27139	13	310	580
60431	27139	14	430	580
60431	27059	15	490	240
60441	27078	1	790	600
60441	27077	2	850	540
60441	27089	3	930	520
60441	27157	4	330	560
60452	12166	1	210	300
60452	27161	2	230	440
60452	27089	3	170	440
60452	27065	4	290	540
60452	27066	5	230	540
60452	27067	6	170	540
60452	27068	7	110	540
60462	27125	1	610	180
60462	27108	2	470	260
60462	27062	3	390	300
60462	27063	4	410	340
60471	27107	1	1230	420
60471	27125	2	1050	360
60494	27154	1	710	700
60502	27070	1	190	1500
60502	27079	2	250	1600
60508	27035	1	190	980
60508	27036	2	150	920
60511	15021	1	1330	360
60511	27050	2	1350	480
60511	27050	3	1190	340
60511	27051	4	1130	440
60511	27051	5	1150	560
60511	27050	6	1310	580
60512	14561	1	290	180
60512	27065	2	210	140
60512	27066	3	290	100
60512	27062	4	430	140
60512	27063	5	510	180
60512	27059	6	490	120
60521	27108	1	1850	860
60521	27106	2	1630	860
60523	27105	1	1050	800
60523	27108	2	870	840
60801	27074	1	2950	360
60802	27074	1	350	800
60803	27074	1	1430	900
60804	27074	1	950	420
60806	27074	1	1030	360
60807	27071	1	1910	660
60807	27071	2	790	820
60807	27071	3	1210	1500
60807	27075	4	1870	1540
60807	27075	5	1050	1160
60808	27069	1	1230	580
60808	27069	2	550	760
60808	27073	3	650	540
60808	27073	4	1190	980
60809	27072	1	510	1600
60809	27076	2	1050	1560
60809	27076	3	550	540
60809	27072	4	1210	580
60809	27070	5	690	1240
60809	27076	6	750	1380
60809	27076	7	790	1360
60809	27076	8	830	1340
60809	15138	9	810	1380
60809	27076	10	790	1440
60809	27076	11	830	1420
60809	27076	12	870	1400
60809	14213	13	730	1360
60809	14213	14	770	1340
60809	14213	15	810	1320
60809	14213	16	810	1480
60809	14213	17	850	1460
60809	14213	18	890	1440
60809	14214	19	730	1220
60810	27070	1	1910	860
60810	27070	2	510	900
60810	27070	3	1450	800
60810	27074	4	1250	880
60810	27074	5	1770	700
60811	27100	1	970	1520
60811	27101	2	650	1340
60811	27100	3	510	560
60811	27101	4	1190	600
60821	27090	1	570	480
60821	27091	2	870	800
60821	27091	3	1590	880
60821	27090	4	1650	280
60821	27091	5	2870	380
60821	27090	6	2630	820
60821	27091	7	1970	680
60822	27092	1	830	1780
60822	27092	2	430	720
60822	27092	3	1210	440
60822	27093	4	930	520
60822	27093	5	870	1120
60822	27093	6	1230	2120
60823	27094	1	990	480
60823	27094	2	1090	1320
60823	27094	3	1910	1540
60823	27094	4	1910	600
60823	27095	5	1450	460
60823	27095	6	490	700
60823	27095	7	690	1140
60823	27095	8	1570	1300
60831	27096	1	590	860
60831	27096	2	2010	660
60831	27096	3	2610	900
60831	27096	4	3230	640
60831	27096	5	3650	620
60831	27097	6	3430	920
60831	27097	7	2910	880
60831	27097	8	2290	800
60831	27097	9	1930	920
60831	27097	10	910	740
61001	17639	1	410	600
61001	17639	2	610	680
61001	16053	3	1150	800
61001	14600	4	470	660
61001	14609	5	650	500
61001	17638	6	590	520
61001	17638	7	630	540
61001	14601	8	330	780
61001	14617	9	430	700
61001	17598	10	510	720
61001	17599	11	370	660
61001	14598	12	210	760
61002	15355	1	1150	520
61002	15354	2	1110	460
61002	16050	3	210	820
61002	16051	4	970	180
61002	16056	5	590	440
61002	14616	6	670	600
61002	14563	7	710	660
61002	14564	8	570	600
61002	17259	9	450	600
61002	17259	10	370	640
61002	15347	11	410	620
61002	14598	12	450	780
61002	14599	13	590	820
61002	14607	14	510	820
61002	14608	15	370	760
61002	27102	16	550	620
61002	27103	17	690	680
61011	17647	1	710	700
61011	17647	2	910	620
61011	17652	3	650	720
61011	16053	4	110	820
61011	15359	5	810	660
61011	17652	6	730	600
61011	17652	7	790	580
61011	31004	8	770	800
61011	31003	9	830	760
61011	31002	10	890	720
61011	31001	11	950	680
61011	14601	12	710	760
61011	14600	13	970	800
61011	17652	14	970	860
61011	17652	15	1050	820
61012	15347	1	430	740
61012	31002	2	470	720
61012	17641	3	770	480
61012	16050	4	1070	340
61012	16051	5	90	880
61012	15353	6	430	480
61012	15352	7	330	280
61012	16056	8	830	120
61012	14613	9	930	780
61012	14615	10	990	760
61012	14601	11	830	760
61012	14600	12	710	140
61012	14601	13	450	240
61012	17652	14	290	400
61012	17652	15	370	360
61012	17652	16	370	440
61021	15032	1	1070	500
61021	15209	2	610	320
61021	15342	3	950	780
61021	17647	4	830	700
61021	17647	5	1070	860
61021	15347	6	890	740
61021	15347	7	1010	820
61021	14600	8	850	880
61021	17640	9	830	820
61021	17640	10	910	880
61031	14620	1	1010	480
61031	14621	2	1050	320
61031	14622	3	990	300
61031	14618	4	990	440
61031	15374	5	350	380
61041	15441	1	1030	740
61041	15440	2	830	660
61041	15196	3	890	680
61041	15258	4	870	620
61041	15073	5	770	640
61041	15018	6	790	700
61041	15440	7	830	660
61041	15441	8	1030	740
61041	17769	9	770	660
61101	14609	1	550	360
61102	14601	1	350	360
61103	14600	1	170	380
61103	14615	2	430	360
61103	14601	3	470	380
61103	14613	4	310	460
61104	15342	1	670	380
61105	14620	1	390	360
61105	14622	2	290	380
61105	14618	3	350	400
61105	14621	4	510	380
61105	17641	5	310	400
61131	14599	1	370	360
61133	14605	1	350	300
61134	14602	1	530	340
61134	14603	2	590	380
61136	15343	1	370	340
61136	15363	2	270	360
61137	15376	1	350	380
61138	15442	1	330	400
61138	17769	2	530	380
61138	15441	3	510	480
61138	15440	4	290	420
61171	14607	1	350	300
61171	14608	2	430	280
61172	15344	1	450	360
61173	14606	1	410	300
61174	15289	1	470	340
61174	27128	2	570	420
61175	15014	1	430	320
61175	15343	2	550	360
61175	40011	3	230	320
61177	15375	1	490	380
61178	40061	1	610	440
61301	17650	1	290	500
61301	14598	2	410	380
61301	17650	3	690	520
61301	14607	4	790	360
61301	14608	5	690	380
61301	14562	6	470	520
61301	17607	7	530	540
61301	17608	8	430	560
61301	14598	9	450	460
61301	14607	10	530	480
61301	14608	11	570	540
61411	17652	1	650	980
61411	17652	2	1070	980
61411	14615	3	430	1180
61411	17652	4	290	1140
61411	17652	5	350	1260
61411	17652	6	310	1180
61411	17652	7	330	1220
61411	17651	8	430	1280
61411	17651	9	170	1160
61411	14600	10	230	1240
61411	14609	11	110	1180
61411	17651	12	490	1260
61411	17651	13	230	1140
61411	40004	14	770	780
61411	40004	15	930	780
61411	40003	16	690	880
61411	40003	17	850	920
61411	40003	18	1010	880
61411	40005	19	710	1020
61411	40005	20	990	1020
61411	14609	21	930	900
61411	14600	22	770	900
61411	14615	23	930	1040
61411	17652	24	150	1220
61411	17652	25	210	1200
61411	17652	26	270	1180
61411	17652	27	390	1240
61411	17652	28	450	1220
61411	14615	29	770	840
61421	14604	1	670	500
61431	28053	1	470	740
61431	28053	2	430	820
61431	15289	3	990	660
61431	15032	4	1110	620
61431	14602	5	790	720
61441	27146	1	610	560
61441	27015	2	830	700
61441	27146	3	1070	600
61528	14623	1	530	160
61528	14618	2	470	180
61528	14620	3	590	260
61528	14622	4	350	140
61528	28055	5	350	140
61531	14600	1	1250	1440
61531	40004	2	1170	1380
61531	40004	3	1350	1380
61531	40004	4	1230	1380
61531	40004	5	1290	1380
61531	14601	6	1250	1500
61531	17652	7	1170	1540
61531	17652	8	1230	1540
61531	17652	9	1290	1540
61531	17652	10	1350	1540
61531	14615	11	1250	1320
61531	14615	12	310	340
61531	14615	13	1150	380
61531	14615	14	1990	360
61532	14615	1	170	960
61533	14615	1	330	380
61534	14615	1	3150	300
61535	40008	1	1270	320
61535	14609	2	1350	460
61535	14600	3	1270	380
61535	14601	4	1390	420
61535	40010	5	990	360
61535	40010	6	1070	320
61535	40010	7	990	460
61535	40010	8	1070	420
61535	40010	9	1150	360
61535	14613	10	1410	320
61535	14614	11	1430	380
61535	40009	12	990	360
61535	40009	13	1070	320
61535	40009	14	1150	360
61535	40009	15	1070	420
61535	40009	16	990	460
61536	20002	1	170	980
61536	20002	2	670	980
61536	20002	3	710	1020
61536	20002	4	590	980
61536	20002	5	630	1020
61536	20002	6	710	960
61536	20002	7	710	1080
61536	20002	8	670	1040
61536	20002	9	630	960
61536	20002	10	130	1000
61536	20002	11	210	980
61536	20002	12	150	960
61536	20002	13	210	1020
61536	20002	14	170	1040
61536	20002	15	250	980
61537	20002	1	2290	460
61537	20002	2	2250	460
61537	20002	3	2390	460
61537	20002	4	2350	460
61537	20002	5	2370	480
61537	20002	6	2310	500
61537	20002	7	2270	420
61537	20002	8	2210	440
61537	15358	9	2310	320
61537	14615	10	2370	340
61537	14600	11	2070	380
61537	14614	12	2110	420
61537	14601	13	2010	480
61541	25190	1	570	1100
61541	25193	2	1930	960
61541	25197	3	1370	940
61542	25190	1	510	220
61542	25193	2	210	480
61542	25196	3	310	200
61543	25191	1	1110	980
61543	25194	2	1350	240
61543	25197	3	1330	1860
61544	25192	1	330	520
61544	25195	2	470	520
61544	25198	3	410	220
61545	25192	1	410	900
61545	25195	2	1270	1860
61545	25198	3	2090	1860
61545	25198	4	2110	260
61545	25195	5	1270	240
61545	25192	6	2210	960
61546	25190	1	410	520
61546	25193	2	510	220
61546	25196	3	350	220
61547	25191	1	1350	460
61547	25194	2	350	1220
61547	25197	3	2070	860
61548	25192	1	590	520
61548	25195	2	470	220
61548	25198	3	170	400
61549	25192	1	1290	880
61549	25195	2	430	2460
61549	25198	3	1290	1500
61552	15441	1	230	280
61552	15440	2	230	280
61555	15440	1	2330	260
61560	28070	1	450	240
61560	15441	2	450	240
61564	14409	1	3150	1560
61566	40061	1	470	240
61566	15440	2	650	380
61566	15441	3	610	400
61567	15442	1	230	280
61567	40061	2	230	280
61803	17650	1	530	1360
61803	17651	2	690	580
61803	17651	3	1090	1480
61803	17650	4	1530	540
61803	17651	5	1570	980
61803	17650	6	1710	1500
61803	17651	7	1970	620
61811	28051	1	610	620
61811	28052	2	1270	540
61811	28052	3	910	980
61811	28051	4	1510	940
61811	28052	5	2010	440
61811	28051	6	2790	920
61811	28052	7	3090	520
61811	28051	8	2110	880
61811	15343	9	2210	980
61812	17648	1	910	1520
61812	17649	2	610	900
61812	17649	3	1190	1100
61812	17648	4	1130	620
61812	40012	5	830	300
61822	28043	1	550	660
61822	28044	2	1070	1100
61822	28043	3	910	1540
61822	28044	4	530	1540
61822	28043	5	610	1080
61822	15343	6	1450	420
61822	28044	7	1310	480
61831	17642	1	810	460
61831	17643	2	610	860
61831	17642	3	1710	800
61831	17643	4	1850	380
61831	17642	5	2470	520
61831	17643	6	2890	760
61831	15164	7	2730	140
61832	17644	1	670	380
61832	17645	2	1130	360
61832	17645	3	830	760
61832	17644	4	1550	760
61832	17645	5	2090	600
61832	17645	6	1670	1200
61832	17644	7	2110	1400
61832	17645	8	950	1400
61832	17644	9	450	1440
61841	28049	1	510	480
61841	28050	2	830	800
61841	28049	3	1330	900
61841	28050	4	1930	960
61841	28049	5	2190	540
61841	28050	6	2450	940
61841	28049	7	3030	360
61842	17647	1	790	1520
61842	17647	2	550	1140
61842	17646	3	650	660
61842	17646	4	1230	560
61842	17647	5	1270	1100
61842	17646	6	1930	1120
61842	17647	7	1530	1580
61852	28047	1	670	1520
61852	28048	2	670	1040
61852	28047	3	690	580
61852	28048	4	1510	560
61852	28047	5	1970	640
61852	28048	6	1830	1120
61852	28047	7	1710	1520
61852	28047	8	250	300
61852	15343	9	370	380
61861	28054	1	1390	400
61861	28054	2	1450	340
61861	14618	3	1390	400
61861	14619	4	1450	340
61861	14620	5	1310	480
61871	28053	1	330	1100
61871	15196	2	390	1140
61871	15258	3	270	1140
61871	15018	4	390	1060
61871	15073	5	270	1060
61871	15441	6	330	1100
61871	15441	7	490	340
61871	28069	8	910	980
61871	28069	9	910	1060
61871	28069	10	970	1020
61871	28070	11	1370	360
