//MapId	Id	NpcId	X	Y	Coord	SoLuong
11021	9	15138	422	615	0	0
12711	12	19054	966	355	0	0
12999	3	22028	842	355	0	0
12999	4	15049	502	315	0	0
31901	1	27027	442	335	0	0
31074	1	15407	282	475	0	0
31074	2	27027	642	475	0	0
12945	1	20001	602	1115	0	0
12946	1	20001	202	795	0	0
12947	1	20001	922	1195	0	0
12948	1	20001	1162	715	0	0
12950	1	20001	782	175	0	0
12951	1	20001	782	175	0	0
12952	1	20001	762	155	0	0
12953	1	20001	782	175	0	0
12954	1	20001	482	255	0	0
12954	2	27009	422	255	0	0
12959	2	27080	462	655	0	0
12954	3	15049	222	515	0	0
12954	4	15050	422	535	0	0
12949	1	20001	222	355	0	0
12949	3	13037	102	375	0	0
12949	4	15049	322	315	0	0
10701	1	19018	1370	340	0	0
10701	2	19018	990	380	0	0
10701	3	19018	590	420	0	0
10701	4	19018	1490	460	0	0
10801	1	33001	590	540	0	0
10801	2	33002	870	440	0	0
10801	3	33002	950	460	0	0
10801	4	15009	1430	660	0	0
10801	5	33003	310	580	0	0
10801	6	33003	230	600	0	0
10802	1	33001	590	540	0	0
10802	2	33002	870	440	0	0
10802	3	33002	950	460	0	0
10802	4	15009	1430	660	0	0
10802	5	33003	310	580	0	0
10802	6	33003	230	600	0	0
10803	1	33001	590	540	0	0
10803	2	33002	870	440	0	0
10803	3	33002	950	460	0	0
10803	4	15009	1430	660	0	0
10803	5	33003	310	580	0	0
10803	6	33003	230	600	0	0
10804	1	33001	590	540	0	0
10804	2	33002	870	440	0	0
10804	3	33002	950	460	0	0
10804	4	15009	1430	660	0	0
10804	5	33003	310	580	0	0
10804	6	33003	230	600	0	0
10805	1	33001	590	540	0	0
10805	2	33002	870	440	0	0
10805	3	33002	950	460	0	0
10805	4	15009	1430	660	0	0
10805	5	33003	310	580	0	0
10805	6	33003	230	600	0	0
10806	1	33001	590	540	0	0
10806	2	33002	870	440	0	0
10806	3	33002	950	460	0	0
10806	4	15009	1430	660	0	0
10806	5	33003	310	580	0	0
10806	6	33003	230	600	0	0
10807	1	33001	590	540	0	0
10807	2	33002	870	440	0	0
10807	3	33002	950	460	0	0
10807	4	15009	1430	660	0	0
10807	5	33003	310	580	0	0
10807	6	33003	230	600	0	0
10808	1	33001	590	540	0	0
10808	2	33002	870	440	0	0
10808	3	33002	950	460	0	0
10808	4	15009	1430	660	0	0
10808	5	33003	310	580	0	0
10808	6	33003	230	600	0	0
10809	1	33001	590	540	0	0
10809	2	33002	870	440	0	0
10809	3	33002	950	460	0	0
10809	4	15009	1430	660	0	0
10809	5	33003	310	580	0	0
10809	6	33003	230	600	0	0
10810	1	33001	590	540	0	0
10810	2	33002	870	440	0	0
10810	3	33002	950	460	0	0
10810	4	15009	1430	660	0	0
10810	5	33003	310	580	0	0
10810	6	33003	230	600	0	0
10811	1	33001	590	540	0	0
10811	2	33002	870	440	0	0
10811	3	33002	950	460	0	0
10811	4	15009	1430	660	0	0
10811	5	33003	310	580	0	0
10811	6	33003	230	600	0	0
10812	1	33001	590	540	0	0
10812	2	33002	870	440	0	0
10812	3	33002	950	460	0	0
10812	4	15009	1430	660	0	0
10812	5	33003	310	580	0	0
10812	6	33003	230	600	0	0
10813	1	33001	590	540	0	0
10813	2	33002	870	440	0	0
10813	3	33002	950	460	0	0
10813	4	15009	1430	660	0	0
10813	5	33003	310	580	0	0
10813	6	33003	230	600	0	0
10814	1	33001	590	540	0	0
10814	2	33002	870	440	0	0
10814	3	33002	950	460	0	0
10814	4	15009	1430	660	0	0
10814	5	33003	310	580	0	0
10814	6	33003	230	600	0	0
10815	1	33001	590	540	0	0
10815	2	33002	870	440	0	0
10815	3	33002	950	460	0	0
10815	4	15009	1430	660	0	0
10815	5	33003	310	580	0	0
10815	6	33003	230	600	0	0
10816	1	33001	590	540	0	0
10816	2	33002	870	440	0	0
10816	3	33002	950	460	0	0
10816	4	15009	1430	660	0	0
10816	5	33003	310	580	0	0
10816	6	33003	230	600	0	0
10817	1	33001	590	540	0	0
10817	2	33002	870	440	0	0
10817	3	33002	950	460	0	0
10817	4	15009	1430	660	0	0
10817	5	33003	310	580	0	0
10817	6	33003	230	600	0	0
10818	1	33001	590	540	0	0
10818	2	33002	870	440	0	0
10818	3	33002	950	460	0	0
10818	4	15009	1430	660	0	0
10818	5	33003	310	580	0	0
10818	6	33003	230	600	0	0
10819	1	33001	590	540	0	0
10819	2	33002	870	440	0	0
10819	3	33002	950	460	0	0
10819	4	15009	1430	660	0	0
10819	5	33003	310	580	0	0
10819	6	33003	230	600	0	0
10820	1	33001	590	540	0	0
10820	2	33002	870	440	0	0
10820	3	33002	950	460	0	0
10820	4	15009	1430	660	0	0
10820	5	33003	310	580	0	0
10820	6	33003	230	600	0	0
10851	1	15049	1030	280	0	0
10851	2	15050	1190	200	0	0
10852	1	15049	1030	280	0	0
10852	2	15050	1190	200	0	0
10853	1	15049	1030	280	0	0
10853	2	15050	1190	200	0	0
10854	1	15049	1030	280	0	0
10854	2	15050	1190	200	0	0
10855	1	15049	1030	280	0	0
10855	2	15050	1190	200	0	0
10856	1	15049	1030	280	0	0
10856	2	15050	1190	200	0	0
10857	1	15049	1030	280	0	0
10857	2	15050	1190	200	0	0
10858	1	15049	1030	280	0	0
10858	2	15050	1190	200	0	0
10859	1	15049	1030	280	0	0
10859	2	15050	1190	200	0	0
10860	1	15049	1030	280	0	0
10860	2	15050	1190	200	0	0
10861	1	15049	1030	280	0	0
10861	2	15050	1190	200	0	0
10862	1	15049	1030	280	0	0
10862	2	15050	1190	200	0	0
10863	1	15049	1030	280	0	0
10863	2	15050	1190	200	0	0
10864	1	15049	1030	280	0	0
10864	2	15050	1190	200	0	0
10865	1	15049	1030	280	0	0
10865	2	15050	1190	200	0	0
10866	1	15049	1030	280	0	0
10866	2	15050	1190	200	0	0
10867	1	15049	1030	280	0	0
10867	2	15050	1190	200	0	0
10868	1	15049	1030	280	0	0
10868	2	15050	1190	200	0	0
10869	1	15049	1030	280	0	0
10869	2	15050	1190	200	0	0
10870	1	15049	1030	280	0	0
10870	2	15050	1190	200	0	0
10901	1	16009	810	220	0	0
10901	2	16015	330	320	0	0
10901	3	16008	1090	320	0	0
10902	1	16009	810	220	0	0
10902	2	16015	330	320	0	0
10902	3	16008	1090	320	0	0
10903	1	16009	810	220	0	0
10903	2	16015	310	360	0	0
10903	3	16008	1090	320	0	0
10904	1	16009	810	220	0	0
10904	2	16015	310	360	0	0
10904	3	16008	1090	320	0	0
10905	1	16009	810	220	0	0
10905	2	16015	310	360	0	0
10905	3	16008	1090	320	0	0
10906	1	16009	810	220	0	0
10906	2	16015	310	360	0	0
10906	3	16008	1090	320	0	0
10907	1	16009	810	220	0	0
10907	2	16015	310	360	0	0
10907	3	16008	1090	320	0	0
10908	1	16009	810	220	0	0
10908	2	16015	310	360	0	0
10908	3	16008	1090	320	0	0
10909	1	16009	810	220	0	0
10909	2	16015	310	360	0	0
10909	3	16008	1090	320	0	0
10910	1	16009	810	220	0	0
10910	2	16015	310	360	0	0
10910	3	16008	1090	320	0	0
10911	1	16009	810	220	0	0
10911	2	16015	310	360	0	0
10911	3	16008	1090	320	0	0
10912	1	16009	810	220	0	0
10912	2	16015	310	360	0	0
10912	3	16008	1090	320	0	0
10913	1	16009	810	220	0	0
10913	2	16015	310	360	0	0
10913	3	16008	1090	320	0	0
10914	1	16009	810	220	0	0
10914	2	16015	310	360	0	0
10914	3	16008	1090	320	0	0
10915	1	16009	810	220	0	0
10915	2	16015	310	360	0	0
10915	3	16008	1090	320	0	0
10916	1	16009	810	220	0	0
10916	2	16008	310	360	0	0
10916	3	16008	1090	320	0	0
10917	1	16009	810	220	0	0
10917	2	16015	310	360	0	0
10917	3	16008	1090	320	0	0
10918	1	16009	810	220	0	0
10918	2	16015	310	360	0	0
10918	3	16008	1090	320	0	0
10919	1	16009	810	220	0	0
10919	2	16015	310	360	0	0
10919	3	16008	1090	320	0	0
10920	1	16009	810	220	0	0
10920	2	16015	310	360	0	0
10920	3	16008	1090	320	0	0
10951	1	23001	1270	260	0	0
10951	2	24002	1270	640	0	0
10951	3	10039	1110	1100	0	0
10951	4	15052	1230	1040	0	0
10951	5	17021	1090	540	0	0
10951	6	35001	970	700	0	0
10951	7	35002	830	620	0	0
10951	8	35001	910	840	0	0
10951	9	30002	1130	900	0	0
10951	10	35003	530	520	0	0
10951	11	35004	670	540	0	0
10951	12	22002	630	1020	0	0
10951	13	22003	770	1020	0	0
10951	14	22004	890	1020	0	0
10951	15	22005	970	1020	0	0
10951	16	34005	410	700	0	0
10951	17	34006	470	700	0	0
10951	18	34007	530	700	0	0
10951	19	34008	590	700	0	0
10951	20	34009	650	700	0	0
10951	21	34010	490	840	0	0
10951	22	34010	570	840	0	0
10951	23	11018	1190	800	0	0
10951	24	22040	350	400	0	0
10951	25	22012	430	360	0	0
10951	26	35027	1310	420	0	0
10951	27	35028	1390	460	0	0
10951	28	20002	450	960	0	0
10961	1	40003	1030	520	0	0
10961	2	40004	1090	480	0	0
10961	3	40005	1150	440	0	0
10961	4	40006	1210	400	0	0
10961	5	40007	1290	380	0	0
10961	6	40008	1370	400	0	0
10961	7	40009	1450	440	0	0
10961	8	40010	1510	480	0	0
10961	9	40011	1570	520	0	0
10961	10	40012	1150	540	0	0
10961	11	40013	1210	580	0	0
10961	12	40014	1290	620	0	0
10961	13	40015	1370	580	0	0
10961	14	40016	1450	540	0	0
10961	15	40017	1190	660	0	0
10961	16	40018	1290	720	0	0
10961	17	40019	1410	680	0	0
10961	18	10018	2210	400	0	0
10963	1	38003	230	500	0	0
10963	2	38004	2230	1760	0	0
10963	3	38001	1550	760	0	0
10963	4	38001	870	2000	0	0
10963	5	38002	870	740	0	0
10964	1	38003	250	1760	0	0
10964	2	38004	3110	1780	0	0
10964	3	38001	1830	1000	0	0
10964	4	38002	970	640	0	0
10964	5	38002	870	1940	0	0
10964	6	38002	2470	1960	0	0
10965	1	38062	830	860	292	3
10965	2	38062	1030	1280	337	1
10965	3	38062	830	1740	296	3
10965	4	38062	1050	2360	335	3
10965	5	38062	1730	2580	280	3
10965	6	38062	1630	2000	431	1
10965	7	38062	1470	600	233	3
10965	8	38062	1990	580	270	3
10965	9	38062	2490	1040	348	3
10965	10	38062	2310	1660	262	1
10965	11	38062	2650	1480	272	3
10965	12	38062	1930	2120	260	3
10965	13	38063	2690	440	0	0
10965	14	38064	2830	340	0	0
10965	15	38033	2530	2200	0	0
10965	16	38063	270	300	0	0
10965	17	38032	3050	740	0	0
10965	18	18021	3030	2680	0	0
10965	19	38065	3030	2680	0	0
10966	1	38062	830	860	292	1
10966	2	38062	1030	1280	337	1
10966	3	38062	830	1740	296	3
10966	4	38062	1050	2360	335	3
10966	5	38062	1730	2580	280	3
10966	6	38062	1630	2000	431	1
10966	7	38062	1470	600	233	3
10966	8	38062	1990	580	270	3
10966	9	38062	2490	1040	348	3
10966	10	38062	2310	1660	262	3
10966	11	38062	2650	1480	272	1
10966	12	38062	1930	2120	260	3
10966	13	38063	2690	440	0	0
10966	14	38064	2830	340	0	0
10966	15	38033	2530	2200	0	0
10966	16	38063	270	300	0	0
10966	17	38032	3050	740	0	0
10966	18	18021	3030	2680	0	0
10966	19	38065	3030	2680	0	0
10982	1	27022	2730	260	0	0
10982	2	27023	2810	200	0	0
10982	3	38022	2110	1580	153	3
10982	4	38022	1270	1580	144	1
10982	5	38022	430	2160	156	3
10982	6	38022	2890	940	159	3
10982	7	38022	2090	2200	190	1
10983	1	38022	450	920	3330	1
10983	2	38022	2050	960	156	1
10983	3	38022	2090	380	198	1
10983	4	38022	2950	2300	200	1
10983	5	38022	3750	2800	156	1
10984	1	38022	2050	940	143	3
10984	2	38022	2890	1000	125	3
10984	3	38022	3710	2300	135	1
10984	4	38022	1250	2820	155	3
10985	1	38022	1250	940	177	3
10985	2	38022	2930	1520	141	1
10985	3	38022	1270	2140	140	1
10985	4	38022	1230	1560	143	3
10986	1	38027	90	1080	0	0
10986	2	38030	670	320	0	0
10986	3	38030	830	340	0	0
10987	1	38029	2410	320	0	0
10988	1	38028	4090	1620	0	0
10989	1	38023	3090	940	0	0
10991	1	15163	1070	120	0	0
10991	2	15088	470	180	0	0
10991	3	15226	990	260	0	0
10991	4	15243	990	260	0	0
10991	5	15244	990	260	0	0
10991	6	24009	1110	580	0	0
10991	7	15291	990	260	0	0
10992	1	38003	650	1640	0	0
10992	2	24001	230	1640	0	0
10992	3	38004	2330	360	0	0
10992	4	38001	1070	880	0	0
10992	5	38002	1730	520	0	0
10992	6	38002	670	460	0	0
10992	7	38002	730	1180	0	0
10992	8	38002	1650	1360	0	0
10992	9	38005	1230	280	0	0
10992	10	38005	2250	1520	0	0
10992	11	38002	1290	840	0	0
10992	12	10122	330	720	0	0
10993	1	38013	230	2920	0	0
10993	2	38013	470	3100	0	0
10993	3	38013	310	2900	0	0
10993	4	38013	390	2880	0	0
10993	5	38013	550	3080	0	0
10993	6	38013	630	3040	0	0
10993	7	15280	590	2880	0	0
10994	1	15229	990	260	0	0
10994	2	15088	470	160	0	0
10994	3	15168	290	200	0	0
10994	4	14366	1270	620	0	0
10994	5	11091	1330	640	0	0
10994	6	14024	1210	600	0	0
10994	7	15172	1150	580	0	0
10994	8	13038	910	500	0	0
10994	9	11057	970	520	0	0
10994	10	11067	1090	560	0	0
10994	11	14256	1030	540	0	0
10995	1	27007	270	80	0	0
10995	2	15285	470	240	0	0
10995	3	27007	550	280	0	0
10995	4	22058	110	560	0	0
10996	1	27007	530	280	0	0
10996	2	15285	330	380	0	0
10997	1	38074	630	260	175	1
10997	2	38075	1050	180	162	1
10997	3	38076	1030	540	159	3
10997	4	38077	1490	340	164	3
10997	5	38074	1650	780	170	3
10997	6	38075	2130	640	161	3
10997	7	38076	2010	1000	168	3
10997	8	38077	1410	1540	165	3
10997	9	38076	970	1520	157	1
10997	10	38075	550	1540	161	3
10997	11	38074	190	1260	163	3
10997	12	38073	870	1040	0	0
10997	13	38072	950	1100	0	0
11000	1	15013	30	80	0	0
11000	2	39004	1790	1740	0	0
11000	3	39002	1630	600	0	0
11001	1	17002	430	480	0	0
11001	2	17002	570	520	0	0
11001	3	16005	310	420	0	0
11001	4	17002	210	560	0	0
11001	5	17002	350	620	0	0
11001	6	10107	290	580	0	0
11001	7	10103	510	460	0	0
11001	8	15158	910	720	0	0
11002	1	17018	390	240	0	0
11002	2	17018	470	360	0	0
11003	1	15103	1210	1200	0	0
11003	2	17123	1350	420	0	0
11003	3	11034	1290	360	0	0
11003	4	14054	1390	360	0	0
11003	5	14183	1450	440	0	0
11011	1	12037	570	660	0	0
11011	2	14073	370	500	0	0
11011	3	13002	90	780	0	0
11011	4	16005	610	600	0	0
11011	5	17177	550	520	0	0
11011	6	17177	410	480	0	0
11011	7	10042	210	640	0	0
11011	8	10042	130	640	0	0
11011	9	10042	170	620	0	0
11011	10	10042	90	620	0	0
11011	11	10042	170	580	0	0
11011	12	10042	290	600	0	0
11011	13	10042	130	600	0	0
11011	14	10042	250	580	0	0
11011	15	10017	290	640	0	0
11011	16	10042	210	560	0	0
11011	17	10042	250	660	0	0
11011	18	10042	210	680	0	0
11011	19	10042	250	620	0	0
11011	20	10042	170	660	0	0
11011	21	10042	210	600	0	0
11011	22	17019	690	620	0	0
11011	23	15136	270	440	0	0
11011	24	12043	730	640	0	0
11011	25	12033	770	740	0	0
11011	26	16021	630	760	0	0
11011	27	14049	330	460	0	0
11012	1	11002	590	520	0	0
11012	2	17019	510	560	0	0
11012	3	12037	850	380	0	0
11012	4	15093	190	420	0	0
11012	5	15092	690	120	0	0
11012	6	17003	330	440	0	0
11012	7	13002	810	420	0	0
11012	8	12033	810	320	0	0
11012	9	15070	710	380	0	0
11012	10	15158	370	360	0	0
11012	11	16023	50	340	0	0
11012	12	38010	250	340	0	0
11013	1	10144	950	500	84	1
11013	2	10144	1270	500	109	3
11013	3	10144	1250	940	73	3
11013	4	10144	490	500	115	3
11013	5	10144	450	800	118	1
11013	6	10144	590	1020	88	1
11013	7	17177	50	1240	0	0
11013	8	17177	130	1280	0	0
11013	9	14227	130	1220	0	0
11013	10	12037	230	160	0	0
11021	1	15100	710	300	0	0
11021	2	14236	1190	420	0	0
11021	3	15158	50	520	0	0
11021	4	15165	1010	500	0	0
11021	5	16023	1170	500	0	0
11021	6	16013	1150	360	0	0
11021	7	15153	190	180	0	0
11021	8	16041	70	440	0	0
11031	1	22012	1130	1320	0	0
11031	2	22012	1290	1420	0	0
11031	3	22012	1450	1500	0	0
11031	4	17013	390	1280	0	0
11031	5	17013	110	1440	0	0
11031	6	17227	50	1240	0	0
11031	7	21001	610	740	0	0
11031	8	21001	690	700	0	0
11031	9	24006	90	620	0	0
11031	10	24005	1470	1020	0	0
11031	11	18001	1190	140	0	0
11031	12	18001	750	240	0	0
11031	13	24007	1030	240	0	0
11031	14	24008	730	1480	0	0
11031	15	19028	110	1200	0	0
11031	16	15158	750	1580	0	0
11031	17	24010	710	1060	0	0
11031	18	23002	150	260	0	0
11031	19	19042	690	1520	0	0
11031	20	19043	510	820	0	0
11031	21	38080	1070	620	0	0
11031	22	19044	70	880	0	0
11032	1	16005	1130	340	0	0
11033	1	16005	1130	340	0	0
11034	1	16005	1190	320	0	0
11041	1	24005	1490	1060	0	0
11041	2	24006	130	600	0	0
11041	3	22012	1130	1320	0	0
11041	4	22012	1290	1420	0	0
11041	5	22012	1450	1500	0	0
11041	6	17013	390	1280	0	0
11041	7	17013	90	1440	0	0
11041	8	17227	50	1240	0	0
11041	9	21001	610	720	0	0
11041	10	21001	670	700	0	0
11041	11	18001	730	240	0	0
11041	12	18001	1210	140	0	0
11041	13	24007	1030	220	0	0
11041	14	24008	730	1480	0	0
11041	15	19028	110	1200	0	0
11041	16	15158	750	1580	0	0
11041	17	24010	710	1060	0	0
11041	18	23002	150	260	0	0
11041	19	19042	690	1520	0	0
11041	20	19043	510	820	0	0
11041	21	38080	1050	620	0	0
11041	22	19044	70	880	0	0
11042	1	16005	1130	340	0	0
11043	1	16005	1130	340	0	0
11044	1	16005	1190	320	0	0
11101	1	15083	290	340	0	0
11131	1	15103	310	360	0	0
11131	2	20001	590	320	0	0
11131	3	14054	490	280	0	0
11132	1	15096	490	300	0	0
11132	2	15070	550	320	0	0
11133	1	14295	330	380	0	0
11171	1	15018	490	400	0	0
11171	2	15020	550	400	0	0
11171	3	20001	450	320	0	0
11172	1	15046	450	320	0	0
11172	2	13002	250	400	0	0
11173	1	20001	450	340	0	0
11173	2	15164	550	380	0	0
11174	1	13002	490	380	0	0
11174	2	20001	630	440	0	0
11201	1	16003	330	320	0	0
11202	1	16003	570	380	0	0
11202	2	16021	290	340	0	0
11202	3	15131	330	300	0	0
11203	1	16003	590	380	0	0
11203	2	16021	270	340	0	0
11203	3	15131	330	300	0	0
11221	1	16002	290	300	0	0
11222	1	16002	290	340	0	0
11223	1	16002	290	340	0	0
11241	1	16001	490	400	0	0
11241	2	15102	690	540	0	0
11242	1	16001	350	400	0	0
11242	2	15069	530	420	0	0
11242	3	15070	250	220	0	0
11242	4	15078	710	480	0	0
11242	5	14128	150	540	0	0
11242	6	15085	230	540	0	0
11242	7	14128	290	500	0	0
11243	1	16018	510	400	0	0
11244	1	16018	510	400	0	0
11261	1	16004	410	240	0	0
11262	1	16011	410	240	0	0
11263	1	16011	410	240	0	0
11264	1	19029	390	300	0	0
11265	1	19029	390	300	0	0
11301	1	17002	330	300	0	0
11301	2	17002	270	340	0	0
11301	3	17002	190	380	0	0
11301	4	17002	610	460	0	0
11301	5	17002	530	500	0	0
11301	6	17002	430	540	0	0
11301	7	17001	450	320	0	0
11301	8	14216	470	380	0	0
11301	9	11047	430	360	0	0
11301	10	10099	510	380	0	0
11302	1	14054	450	380	0	0
11303	1	19027	650	180	0	0
11303	2	19026	170	380	0	0
11304	1	19027	650	180	0	0
11304	2	19026	170	380	0	0
11305	1	19027	650	180	0	0
11305	2	19026	170	380	0	0
11306	1	19027	650	180	0	0
11306	2	19026	170	380	0	0
11307	1	11047	570	320	0	0
11307	2	11026	650	400	0	0
11307	3	11020	330	320	0	0
11307	4	11021	250	360	0	0
11307	5	11018	590	440	0	0
11307	6	11001	510	480	0	0
11307	7	11040	150	400	0	0
11307	8	11036	410	520	0	0
11307	9	11060	450	320	0	0
11307	10	11051	350	440	0	0
11401	1	15009	190	720	0	0
11401	2	15166	850	240	0	0
11401	3	14189	1230	800	0	0
11401	4	14267	750	540	0	0
11401	5	15173	1170	340	0	0
11401	6	14183	1350	480	0	0
11401	7	11034	1410	460	0	0
11401	8	14009	1410	500	0	0
11411	1	14171	210	340	0	0
11411	2	14170	190	380	0	0
11411	3	15158	930	360	0	0
11411	4	15173	610	460	0	0
11411	5	14052	330	260	0	0
11411	6	14180	410	280	0	0
11411	7	14033	350	280	0	0
11411	8	11031	450	300	0	0
11411	9	11030	510	300	0	0
11411	10	11015	550	320	0	0
11411	11	14506	150	400	0	0
11411	12	17047	530	480	0	0
11423	1	15166	410	260	0	0
11423	2	17326	210	640	0	0
11423	3	17326	170	560	0	0
11423	4	10095	270	560	0	0
11423	5	15052	390	380	0	0
11424	1	15052	230	280	0	0
11424	2	40002	310	200	0	0
11431	1	15381	290	1000	0	0
11431	2	11144	550	880	0	0
11431	3	17195	610	820	0	0
11431	4	17195	650	840	0	0
11432	1	15052	510	520	0	0
11432	2	15126	510	520	0	0
11432	3	14229	550	560	0	0
11432	4	14229	450	500	0	0
11432	5	14228	570	500	0	0
11501	1	20002	1090	300	0	0
11501	2	20001	2290	2460	0	0
11501	3	20001	2310	920	0	0
11501	4	20001	3970	540	0	0
11501	5	24001	1310	1040	0	0
11501	6	24001	3050	1740	0	0
11501	7	20002	1010	2420	0	0
11501	8	25038	3950	300	0	0
11501	9	25038	3570	500	0	0
11501	10	25038	3650	260	0	0
11501	11	25038	2170	580	0	0
11501	12	25038	1990	2200	0	0
11501	13	25038	1930	2460	0	0
11501	14	25038	2290	2360	0	0
11501	15	25038	1110	2460	0	0
11501	16	25038	1930	900	0	0
11501	17	25038	1890	1060	0	0
11501	18	11070	3870	260	0	0
11502	1	20001	1050	2480	0	0
11502	2	20001	3970	1800	0	0
11502	3	20001	3150	540	0	0
11502	4	20002	1850	360	0	0
11502	5	20002	2990	1200	0	0
11502	6	20002	2650	2360	0	0
11502	7	24001	2190	1140	0	0
11502	8	24001	2010	1720	0	0
11502	9	25038	1490	2280	0	0
11502	10	25038	1470	2460	0	0
11502	11	25038	1230	2500	0	0
11502	12	25038	2810	280	0	0
11502	13	25038	2770	540	0	0
11502	14	25038	3110	260	0	0
11502	15	25038	3050	520	0	0
11502	16	25038	3690	1800	0	0
11502	17	25038	3650	1580	0	0
11502	18	25038	3890	1580	0	0
11502	19	25038	2730	2480	0	0
11502	20	17102	3110	320	0	0
11502	21	14009	3070	280	0	0
11502	22	14220	2870	280	0	0
11502	23	14221	3130	460	0	0
11502	24	11016	1150	2460	0	0
11502	25	11047	1210	2400	0	0
11502	26	11018	1150	2380	0	0
11502	27	11034	1230	2280	0	0
11502	28	14009	1270	2320	0	0
11502	29	17463	1130	2280	0	0
11502	30	17463	1070	2340	0	0
11502	31	17463	1310	2360	0	0
11502	32	17463	1310	2460	0	0
11503	1	20001	210	1200	0	0
11503	2	20001	1150	240	0	0
11503	3	20002	2330	1600	0	0
11503	4	11014	1450	260	0	0
11503	5	11047	1350	360	0	0
11503	6	11018	1370	380	0	0
11503	7	14183	1270	300	0	0
11503	8	11072	1330	260	0	0
11503	9	17013	1490	300	0	0
11504	1	20002	150	1780	0	0
11505	1	20001	230	560	0	0
11505	2	20001	2330	3100	0	0
11505	3	20002	1470	1480	0	0
11505	4	24001	2090	360	0	0
11505	5	11072	290	280	0	0
11505	6	15161	530	260	0	0
11508	1	20001	210	1080	0	0
11508	2	24001	1250	360	0	0
11509	1	20001	1470	260	0	0
11509	2	20002	150	1060	0	0
11509	3	20002	1290	1700	0	0
11509	4	14310	1150	240	0	0
11509	5	11047	1290	360	0	0
11509	6	11018	1250	320	0	0
11509	7	17013	1290	400	0	0
11509	8	17013	1350	380	0	0
11509	9	14092	1110	280	0	0
11509	10	14314	1210	240	0	0
11509	11	14320	1090	380	0	0
11509	12	14321	1290	240	0	0
11509	13	14313	1170	460	0	0
11509	14	14012	1390	280	0	0
11515	1	20001	430	360	0	0
11516	1	20001	630	340	0	0
11516	2	20002	370	180	0	0
11517	1	20002	410	520	0	0
11518	1	20001	230	180	0	0
11519	1	20001	210	460	0	0
11520	1	20001	390	420	0	0
11521	1	20002	630	500	0	0
11521	2	10016	270	280	0	0
11521	3	10174	270	220	0	0
11521	4	10174	330	240	0	0
11521	5	10174	230	240	0	0
11521	6	10174	350	280	0	0
11521	7	14325	590	260	0	0
11522	1	20001	630	340	0	0
11522	2	20002	170	340	0	0
11523	1	20002	630	240	0	0
11524	1	20001	390	180	0	0
11525	1	11090	190	360	0	0
11525	2	11072	590	220	0	0
11526	1	20001	190	200	0	0
11527	1	20001	170	280	0	0
11528	1	20001	430	420	0	0
11529	1	10013	510	380	0	0
11529	2	10175	550	440	0	0
11529	3	10175	550	300	0	0
11529	4	10175	630	460	0	0
11529	5	10175	610	280	0	0
11531	1	24001	1270	340	0	0
11532	1	20001	1110	980	0	0
11532	2	24001	1390	1000	0	0
11532	3	25032	1310	620	0	0
11532	4	25032	590	1060	0	0
11533	1	20002	1170	1080	0	0
11533	2	25032	1170	780	0	0
11533	3	25032	1310	1280	0	0
11535	1	20002	1330	580	0	0
11535	2	25032	1170	740	0	0
11535	3	25032	1690	400	0	0
11536	1	20001	1130	1000	0	0
11536	2	24001	1390	1000	0	0
11536	3	25032	1310	1280	0	0
11536	4	25032	1330	460	0	0
11536	5	25032	530	1080	0	0
11537	1	20002	410	180	0	0
11538	1	20001	430	420	0	0
11540	1	20002	630	500	0	0
11541	1	24001	230	480	0	0
11541	2	14033	570	240	0	0
11541	3	17087	510	200	0	0
11541	4	17087	610	200	0	0
11542	1	20002	150	340	0	0
11542	2	17059	310	200	0	0
11542	3	17059	230	260	0	0
11542	4	14271	290	240	0	0
11543	1	20002	610	240	0	0
11543	2	24001	390	520	0	0
11543	3	25032	530	240	0	0
11543	4	25032	630	520	0	0
11544	1	20001	210	460	0	0
11544	2	25032	130	420	0	0
11551	1	20001	1210	1680	0	0
11552	1	20002	1190	740	0	0
11552	2	19023	110	340	0	0
11554	1	20002	290	900	0	0
11555	1	20002	1550	280	0	0
11556	1	20002	1270	1680	0	0
11560	1	25032	410	220	0	0
11560	2	10248	310	300	0	0
11560	3	10260	250	320	0	0
11560	4	10259	370	280	0	0
11560	5	17198	30	80	0	0
11561	1	17200	290	960	0	0
11561	2	17200	290	1000	0	0
11561	3	17200	290	1040	0	0
11561	4	17200	290	1080	0	0
11561	5	17200	350	960	0	0
11561	6	17200	350	1080	0	0
11561	7	17199	350	1000	0	0
11561	8	17199	350	1040	0	0
11561	9	17199	410	960	0	0
11561	10	17199	410	1080	0	0
11561	11	17199	410	1000	0	0
11561	12	17199	410	1040	0	0
11561	13	17199	470	960	0	0
11561	14	17199	470	1080	0	0
11561	15	17175	470	1000	0	0
11561	16	17175	470	1040	0	0
11561	17	17175	530	960	0	0
11561	18	17175	530	1080	0	0
11561	19	14143	530	1000	0	0
11561	20	14143	530	1040	0	0
11561	21	14143	590	960	0	0
11561	22	14143	590	1000	0	0
11561	23	14143	590	1040	0	0
11561	24	14143	590	1080	0	0
11561	25	14141	730	940	0	0
11561	26	14141	730	980	0	0
11561	27	14141	730	1020	0	0
11561	28	14141	730	1060	0	0
11561	29	14141	790	940	0	0
11561	30	14141	790	1060	0	0
11561	31	17176	790	980	0	0
11561	32	17176	790	1020	0	0
11561	33	17176	850	940	0	0
11561	34	17176	850	1060	0	0
11561	35	17170	850	980	0	0
11561	36	17170	850	1020	0	0
11561	37	17170	910	940	0	0
11561	38	17170	910	980	0	0
11561	39	17170	910	1020	0	0
11561	40	17170	910	1060	0	0
11561	41	14146	1090	1100	0	0
11561	42	14146	1090	1140	0	0
11561	43	14146	1090	1060	0	0
11561	44	14146	1150	1140	0	0
11561	45	14146	1150	1100	0	0
11561	46	14146	1150	1060	0	0
11561	47	14146	1030	1040	0	0
11561	48	14146	1030	1080	0	0
11561	49	17170	970	1020	0	0
11561	50	17170	970	1060	0	0
11561	51	14146	1150	1200	0	0
11561	52	14145	1330	1100	0	0
11561	53	14145	1330	1140	0	0
11561	54	14145	1330	1200	0	0
11561	55	14145	1390	1100	0	0
11561	56	14145	1390	1140	0	0
11561	57	14145	1390	1200	0	0
11561	58	14145	1270	1140	0	0
11561	59	14145	1270	1100	0	0
11561	60	14145	1270	1200	0	0
11561	61	14145	1450	1100	0	0
11561	62	14142	1330	1040	0	0
11561	63	14142	1390	1040	0	0
11561	64	14142	1450	980	0	0
11561	65	14142	1450	1040	0	0
11561	66	14142	1510	980	0	0
11561	67	14142	1390	980	0	0
11561	68	14142	1330	980	0	0
11561	69	14142	1290	920	0	0
11561	70	14142	1350	920	0	0
11561	71	14142	1410	920	0	0
11561	72	14142	1470	920	0	0
11561	73	17168	1330	860	0	0
11561	74	17168	1390	860	0	0
11561	75	17168	1450	860	0	0
11561	76	17168	1270	800	0	0
11561	77	17168	1330	800	0	0
11561	78	17168	1270	860	0	0
11561	79	17168	1210	800	0	0
11561	80	14140	1170	720	0	0
11561	81	14140	1250	720	0	0
11561	82	14140	1330	720	0	0
11561	83	14062	90	1000	0	0
11563	1	20002	410	360	0	0
11564	1	20002	170	320	0	0
11564	2	20001	610	340	0	0
11569	1	35021	390	200	0	0
11572	1	20001	330	360	0	0
11581	1	20001	230	1140	0	0
11581	2	20001	250	2460	0	0
11581	3	20002	2330	1160	0	0
11581	4	20002	2290	2180	0	0
11581	5	24001	1130	980	0	0
11581	6	24001	1350	2220	0	0
11581	7	25023	290	1200	0	0
11581	8	25023	210	1000	0	0
11581	9	25023	250	940	0	0
11581	10	25023	2290	920	0	0
11581	11	25023	1990	880	0	0
11581	12	25023	2270	1040	0	0
11581	13	25023	310	2480	0	0
11581	14	25023	210	2260	0	0
11581	15	25023	530	2480	0	0
11581	16	25023	1990	2160	0	0
11581	17	25023	2310	2380	0	0
11581	18	25023	1930	2220	0	0
11581	19	25023	1950	2440	0	0
11582	1	20002	1490	1840	0	0
11582	2	20002	2310	280	0	0
11582	3	20001	1890	1840	0	0
11582	4	20001	1410	280	0	0
11582	5	25023	1870	360	0	0
11582	6	25023	1890	460	0	0
11582	7	25023	1990	240	0	0
11582	8	25023	2310	460	0	0
11582	9	25023	2330	1780	0	0
11582	10	25023	2310	1600	0	0
11582	11	25023	1930	1600	0	0
11582	12	25023	1870	1680	0	0
11582	13	25023	1030	1760	0	0
11582	14	25023	1130	1860	0	0
11582	15	25023	1050	1600	0	0
11582	16	25023	1070	1680	0	0
11582	17	25023	1150	260	0	0
11582	18	25023	1070	440	0	0
11582	19	25023	1050	360	0	0
11583	1	20002	1470	280	0	0
11583	2	20002	2370	1840	0	0
11583	3	20001	2310	280	0	0
11583	4	20001	1510	1840	0	0
11583	5	24001	1110	1000	0	0
11583	6	25023	1090	280	0	0
11583	7	25023	1050	360	0	0
11583	8	25023	1150	320	0	0
11583	9	25023	1470	400	0	0
11583	10	25023	1030	1840	0	0
11583	11	25023	1090	1800	0	0
11583	12	25023	1030	1720	0	0
11583	13	25023	1850	1840	0	0
11583	14	25023	1930	1820	0	0
11583	15	25023	1870	1680	0	0
11583	16	25023	2310	1620	0	0
11583	17	25023	1870	400	0	0
11583	18	25023	2310	460	0	0
11583	19	25023	1910	320	0	0
11584	1	20001	210	1100	0	0
11584	2	20001	1030	1840	0	0
11584	3	20001	2310	280	0	0
11584	4	20002	1870	1840	0	0
11584	5	20002	1290	280	0	0
11584	6	25023	1470	460	0	0
11584	7	25023	1090	320	0	0
11584	8	25023	1050	400	0	0
11584	9	25023	1470	1760	0	0
11584	10	25023	1050	1620	0	0
11584	11	25023	1410	1840	0	0
11584	12	25023	1510	1860	0	0
11584	13	25023	270	960	0	0
11584	14	25023	270	1180	0	0
11584	15	25023	530	1200	0	0
11584	16	25023	1870	1680	0	0
11584	17	25023	1910	1600	0	0
11584	18	25023	2290	1820	0	0
11584	19	25023	2310	1680	0	0
11584	20	25023	1870	460	0	0
11584	21	25023	1970	280	0	0
11584	22	25023	2290	460	0	0
11584	23	25023	1890	360	0	0
11585	1	20001	230	1160	0	0
11585	2	20001	1510	1840	0	0
11585	3	20002	1470	280	0	0
11585	4	20002	1830	1840	0	0
11585	5	20001	1870	380	0	0
11585	6	24001	1370	980	0	0
11585	7	25023	1110	260	0	0
11585	8	25023	1030	380	0	0
11585	9	25023	1270	240	0	0
11585	10	25023	1050	1840	0	0
11585	11	25023	1050	1720	0	0
11585	12	25023	1490	1640	0	0
11585	13	25023	1190	1840	0	0
11585	14	25023	1890	1660	0	0
11585	15	25023	1970	1600	0	0
11585	16	25023	2310	1620	0	0
11585	17	25023	2330	1860	0	0
11585	18	25023	1950	300	0	0
11585	19	25023	2310	300	0	0
11585	20	25023	2110	280	0	0
11585	21	25023	2290	460	0	0
11586	1	20002	630	240	0	0
11587	1	20002	630	500	0	0
11801	1	14191	390	2380	0	0
11801	2	14192	1490	320	0	0
11801	3	17018	1570	320	0	0
11801	4	10051	330	2380	0	0
11801	5	17078	490	720	186	3
11801	6	17078	530	1500	208	3
11801	7	17078	1010	2100	238	3
11801	8	17078	1270	740	124	1
11801	9	17079	490	2060	181	3
11801	10	17079	1010	1400	232	3
11801	11	17079	590	1060	203	3
11801	12	14262	430	240	0	0
11802	1	17078	930	780	166	1
11802	2	17079	1230	540	161	3
11802	3	17078	1230	1060	97	3
11802	4	17078	490	840	172	3
11802	5	11062	690	560	0	0
11802	6	14081	590	500	0	0
11802	7	14388	550	560	0	0
11802	8	14390	470	500	0	0
11802	9	10100	650	460	0	0
11802	10	14389	550	440	0	0
11802	11	14243	690	660	0	0
11802	12	14242	770	640	0	0
11802	13	14240	810	540	0	0
11802	14	14241	770	440	0	0
11811	1	10189	1990	620	223	3
11811	2	10189	1570	1060	228	1
11811	3	10189	650	1060	210	3
11811	4	10190	1050	1480	258	1
11811	5	10190	1210	640	305	3
11811	6	10190	790	580	147	1
11811	7	10190	510	1560	189	1
11811	8	10099	1950	1560	0	0
11811	9	10053	1870	1540	0	0
11811	10	10053	1850	1600	0	0
11811	11	10053	1930	1640	0	0
11811	12	11047	1710	1660	0	0
11811	13	10100	1710	1580	0	0
11811	14	10098	2030	1560	0	0
11811	15	10108	1990	400	0	0
11811	16	14091	190	240	0	0
11811	17	11047	370	220	0	0
11811	18	14012	510	360	0	0
11811	19	14092	450	320	0	0
11811	20	11024	310	200	0	0
11811	21	11060	430	240	0	0
11811	22	11014	490	480	0	0
11811	23	28004	2230	320	0	0
11821	1	15152	1510	920	164	3
11821	2	15153	2090	500	156	3
11821	3	15153	2070	1040	163	1
11821	4	15152	750	620	234	3
11821	5	15152	530	900	214	3
11822	1	10090	2030	620	193	1
11822	2	10090	1870	900	208	3
11822	3	10090	1470	900	164	1
11822	4	10095	750	580	186	3
11822	5	10095	510	880	165	5
11823	1	15152	2030	1000	178	3
11823	2	15152	2030	560	179	3
11823	3	15152	1650	760	239	1
11823	4	15153	1210	520	190	3
11823	5	15153	1210	860	183	3
11823	6	14233	370	340	0	0
11823	7	14208	430	300	0	0
11823	8	14203	310	380	0	0
11823	9	14324	670	440	0	0
11831	1	15154	810	1220	246	3
11831	2	15154	1250	1440	225	1
11831	3	15154	1890	1500	247	3
11831	4	15155	510	540	170	1
11831	5	15154	1230	660	336	3
11831	6	15154	1650	760	179	3
11831	7	15154	2290	1120	289	3
11831	8	15154	2790	660	274	1
11831	9	15155	1570	1220	203	1
11831	10	15155	870	760	219	3
11831	11	15204	2310	520	0	0
11831	12	14252	2230	480	0	0
11832	1	15154	530	600	181	1
11832	2	15154	1450	600	211	3
11832	3	15154	1870	940	169	3
11832	4	15155	2290	820	231	1
11832	5	15155	2730	820	291	3
11841	1	11047	2390	740	0	0
11841	2	11018	2250	740	0	0
11841	3	17013	2130	780	0	0
11841	4	11093	2310	820	0	0
11841	5	17013	2210	860	0	0
11841	6	10119	1870	940	163	1
11841	7	10119	1650	600	206	3
11841	8	10119	1050	880	212	3
11841	9	10119	790	620	258	1
11841	10	10205	1130	500	135	3
11841	11	10205	470	460	104	3
11841	12	10018	510	960	0	0
11841	13	17142	190	240	0	0
11841	14	14063	390	280	0	0
11841	15	30002	3110	280	0	0
11841	16	11113	3170	400	0	0
11841	17	11114	2950	320	0	0
11841	18	14002	2970	480	0	0
12000	1	10038	530	820	0	0
12000	2	10038	490	840	0	0
12000	3	10038	1690	1120	0	0
12000	4	10038	1270	2500	0	0
12000	5	10039	30	140	0	0
12000	6	14001	90	140	0	0
12000	7	10007	30	60	0	0
12000	8	10019	90	60	0	0
12000	9	12027	150	80	0	0
12000	10	14121	150	140	0	0
12000	11	10038	830	3080	0	0
12000	12	14185	210	80	0	0
12000	13	14277	210	140	0	0
12000	14	17013	290	80	0	0
12000	15	39001	210	940	0	0
12000	16	39003	270	1620	0	0
12000	17	39002	2570	2000	0	0
12000	18	17020	1382	135	400	2
12000	25	14158	1782	255	50	3
12000	24	14131	1382	215	50	3
12000	23	17021	1542	355	200	4
12000	26	17022	1662	175	300	3
12001	1	14105	190	1460	0	0
12001	2	14106	110	1520	0	0
12001	3	14110	1110	780	0	0
12001	4	14097	2390	1100	0	0
12001	5	14093	2070	1500	0	0
12001	6	14114	1050	540	0	0
12001	7	16005	1790	560	0	0
12001	8	15013	730	1000	0	0
12001	9	18005	2250	1540	0	0
12001	10	18005	1110	640	0	0
12001	11	15031	2090	340	0	0
12001	12	15034	1610	260	0	0
12001	13	15003	630	1500	0	0
12001	14	15011	690	1520	0	0
12001	15	15004	650	1560	0	0
12001	16	15012	610	1540	0	0
12001	17	15007	710	1580	0	0
12001	18	15016	1470	380	0	0
12001	19	17020	510	1500	0	0
12001	20	17020	350	1440	0	0
12001	21	15158	1170	980	0	0
12001	22	24009	1130	1200	0	0
12001	23	24009	210	1340	0	0
12001	24	19023	1330	980	0	0
12001	25	16028	1750	600	0	0
12001	26	15285	2090	160	0	0
12001	27	15206	1850	120	0	0
12001	28	27053	250	1380	0	0
12001	29	38037	2110	220	0	0
12001	30	38054	1790	140	0	0
12001	31	27140	910	1580	0	0
12001	32	38072	910	1580	0	0
12001	33	22060	2230	1220	0	0
12001	34	41109	2410	80	0	0
12001	35	15063	590	1620	0	0
12001	36	15070	490	1700	0	0
12001	37	27089	450	1680	0	0
12001	38	14679	1330	540	0	0
12001	39	15010	1450	900	0	0
12001	40	15010	1850	740	0	0
12001	41	15010	1230	1080	0	0
12001	42	38147	1910	1480	0	0
12001	43	22063	870	940	0	0
12001	44	15071	2090	380	0	0
12001	46	22031	1622	1095	0	0
12001	47	22049	1682	815	0	0
12001	48	22050	1742	835	0	0
12001	49	22051	1802	855	0	0
12001	50	22052	1862	875	0	0
12001	51	22053	1922	895	0	0
12001	52	22054	1982	915	0	0
12001	53	22055	2042	935	0	0
12001	54	22056	2102	955	0	0
12001	55	47137	2142	1315	0	0
12001	59	16025	462	935	0	0
12001	58	15283	1022	1135	0	0
12001	60	15163	982	1135	0	0
12002	1	17005	1030	420	0	0
12002	2	17005	1130	420	0	0
12002	3	14112	810	340	0	0
12002	4	16017	470	600	0	0
12002	5	15321	890	400	0	0
12002	6	14109	1270	80	0	0
12002	7	10194	1230	80	0	0
12002	8	10026	1190	80	0	0
12002	9	10256	1150	80	0	0
12002	10	17128	890	400	0	0
12002	11	15284	770	480	0	0
12002	12	15321	1030	420	0	0
12002	13	38094	1030	80	0	0
12002	14	17128	890	400	0	0
12002	16	16037	122	315	0	0
12002	15	16032	302	415	0	0	
12003	1	15036	1190	240	0	0
12003	2	15057	1190	480	0	0
12003	3	12051	50	420	0	0
12003	4	15133	630	200	0	0
12003	5	15135	670	240	0	0
12003	6	15138	90	340	0	0
12003	7	15134	590	240	0	0
12003	8	16024	690	860	0	0
12003	9	15169	1050	440	0	0
12003	10	15162	610	880	0	0
12003	11	15137	1170	700	0	0
12003	12	22036	650	100	0	0
12003	13	15228	450	780	0	0
12003	14	16027	530	840	0	0
12003	15	15273	290	220	0	0
12003	16	15275	70	580	0	0
12003	17	15280	650	880	0	0
12003	18	24009	990	340	0	0
12003	19	15280	30	80	0	0
12003	20	19030	590	120	0	0
12003	21	27024	170	700	0	0
12003	22	15301	970	160	0	0
12003	23	15284	1070	280	0	0
12003	24	27008	450	160	0	0
12003	25	38010	230	460	0	0
12003	26	22054	910	200	0	0
12003	27	22055	910	200	0	0
12003	28	22043	1130	120	0	0
12003	29	22044	1070	140	0	0
12003	30	28057	450	160	0	0
12003	31	10001	1330	360	0	0
12003	32	10001	1330	360	0	0
12003	33	10001	1330	360	0	0
12003	34	10001	1330	360	0	0
12003	35	38093	450	160	0	0
12003	36	15448	50	520	0	0
12003	37	15460	250	580	0	0
12003	38	20006	1190	620	0	0
12003	39	38134	650	480	0	0
12003	40	27052	650	620	0	0
12003	41	19035	822	815	0	0
12003	42	61026	42	475	0	0
12003	43	61027	460	330	0	0
12003	44	61028	1040	530	0	0
12003	45	16089	660	670	0	0
12004	1	12020	550	300	0	0
12004	2	20001	250	400	0	0
12005	1	12033	490	340	0	0
12005	2	12020	510	500	0	0
12005	3	12043	430	520	0	0
12005	4	38059	570	120	0	0
12007	1	16001	330	400	0	0
12007	2	15015	250	240	0	0
12007	3	16018	390	400	0	0
12009	1	14109	350	300	0	0
12009	2	14110	330	380	0	0
12009	3	14110	410	360	0	0
12009	4	20001	250	480	0	0
12009	5	14110	350	480	0	0
12009	6	14110	650	400	0	0
12011	1	10038	210	240	0	0
12011	2	14202	510	260	0	0
12011	3	15063	510	300	0	0
12011	4	15064	450	280	0	0
12011	5	15062	1030	400	0	0
12011	6	10038	290	260	0	0
12011	7	10038	1050	880	0	0
12011	8	10038	1150	840	0	0
12011	9	15158	410	520	0	0
12011	10	10269	1090	940	0	0
12011	11	40056	790	360	0	0
12012	1	10034	450	360	0	0
12012	2	10042	170	580	0	0
12012	3	10038	1250	900	0	0
12012	4	10042	1110	360	0	0
12012	5	10002	1270	820	0	0
12012	6	15082	1190	860	0	0
12012	7	15086	1110	900	0	0
12012	8	15089	1150	880	0	0
12012	9	10036	470	640	0	0
12012	10	10036	510	680	0	0
12012	11	10036	550	720	0	0
12012	12	10036	410	660	0	0
12012	13	10036	450	700	0	0
12012	14	10036	490	740	0	0
12012	15	10036	350	680	0	0
12012	16	10036	390	720	0	0
12012	17	10036	430	760	0	0
12012	18	10037	970	560	0	0
12012	19	10037	1010	600	0	0
12012	20	10037	1050	640	0	0
12012	21	10037	1110	620	0	0
12012	22	10037	1070	580	0	0
12012	23	10037	1030	540	0	0
12012	24	10037	1090	520	0	0
12012	25	10037	1130	560	0	0
12012	26	10037	1170	600	0	0
12012	27	10038	710	760	0	0
12012	28	10038	770	740	0	0
12012	29	10038	830	720	0	0
12012	30	10038	890	700	0	0
12012	31	10038	750	800	0	0
12012	32	10038	810	780	0	0
12012	33	10038	870	760	0	0
12012	34	10038	930	740	0	0
12012	35	10034	690	320	0	0
12012	36	10036	590	760	0	0
12012	37	10036	530	780	0	0
12012	38	10036	470	800	0	0
12012	39	10037	1090	680	0	0
12012	40	10037	1150	660	0	0
12012	41	10037	1210	640	0	0
12012	42	10038	790	840	0	0
12012	43	10038	850	820	0	0
12012	44	10038	910	800	0	0
12012	45	10038	970	780	0	0
12012	46	10035	650	540	0	0
12012	47	10035	790	520	0	0
12012	48	10001	510	260	0	0
12012	49	10030	1210	780	0	0
12012	50	20001	370	280	0	0
12012	51	10038	610	340	0	0
12012	52	10002	570	240	0	0
12012	53	10003	450	280	0	0
12012	54	20004	650	240	0	0
12013	1	10069	1270	500	154	3
12013	2	10069	1070	920	202	3
12013	3	10072	610	800	301	1
12013	4	10214	230	340	0	0
12013	5	38124	230	340	0	0
12013	6	27002	430	420	0	0
12014	1	10001	530	540	0	0
12014	2	10002	590	520	0	0
12014	3	10003	470	560	0	0
12014	4	10034	350	560	0	0
12014	5	10034	650	440	0	0
12014	6	10034	410	540	0	0
12014	7	10034	290	580	0	0
12014	8	10042	710	420	0	0
12014	9	10042	770	400	0	0
12014	10	10042	830	380	0	0
12014	11	10042	890	360	0	0
12014	12	10042	650	480	0	0
12014	13	10042	730	460	0	0
12014	14	10042	90	600	0	0
12014	15	10042	30	620	0	0
12014	16	10053	150	580	0	0
12014	17	10053	210	560	0	0
12014	18	10053	230	600	0	0
12014	19	10053	170	620	0	0
12014	20	10071	570	500	0	0
12014	21	10071	610	500	0	0
12014	22	10071	950	340	0	0
12014	23	10038	330	680	0	0
12014	24	10038	390	620	0	0
12014	25	10038	650	520	0	0
12014	26	10038	790	480	0	0
12014	27	17501	270	640	0	0
12014	28	17501	850	440	0	0
12014	29	17501	450	620	0	0
12014	30	17501	710	480	0	0
12014	31	17501	630	740	0	0
12014	32	17501	690	700	0	0
12014	33	17501	750	660	0	0
12014	34	17501	810	620	0	0
12014	35	17501	870	580	0	0
12014	36	17530	930	620	0	0
12014	37	17530	870	660	0	0
12014	38	17530	750	740	0	0
12014	39	17530	810	700	0	0
12014	40	17530	630	820	0	0
12014	41	17530	690	780	0	0
12014	42	17530	930	700	0	0
12014	43	17530	870	740	0	0
12014	44	17530	810	780	0	0
12014	45	17530	750	820	0	0
12014	46	17530	930	780	0	0
12014	47	17530	870	820	0	0
12014	48	17501	570	780	0	0
12014	49	17501	510	820	0	0
12014	50	14671	770	580	0	0
12014	51	14672	570	700	0	0
12014	52	14673	670	640	0	0
12014	53	19023	590	600	0	0
12014	54	10038	490	640	0	0
12014	55	10038	610	540	0	0
12014	56	17501	710	540	0	0
12014	57	17530	530	600	0	0
12015	1	20001	250	400	0	0
12015	2	12043	610	380	0	0
12018	1	12048	610	260	0	0
12018	2	14152	830	400	0	0
12018	3	14383	690	500	0	0
12018	4	11047	590	560	0	0
12021	1	17002	410	480	0	0
12021	2	17002	470	600	0	0
12021	3	15158	630	760	0	0
12021	4	16013	610	620	0	0
12021	5	12014	370	600	0	0
12021	6	14588	310	480	0	0
12021	7	15338	450	540	0	0
12021	8	15339	410	560	0	0
12022	1	15008	770	460	0	0
12022	2	15002	470	300	0	0
12022	3	14100	730	280	0	0
12022	4	16019	170	120	0	0
12022	5	17316	90	220	0	0
12022	6	15029	470	140	0	0
12023	1	12033	830	300	0	0
12023	2	12043	910	360	0	0
12023	3	12020	750	320	0	0
12023	4	13002	730	240	0	0
12023	5	12039	610	340	0	0
12023	6	17013	370	560	0	0
12023	7	17013	330	600	0	0
12023	8	17013	290	640	0	0
12023	9	17013	250	680	0	0
12023	10	17013	210	720	0	0
12023	11	17013	470	580	0	0
12023	12	17013	430	620	0	0
12023	13	17013	390	660	0	0
12023	14	17013	350	700	0	0
12023	15	17013	310	740	0	0
12023	16	17013	670	620	0	0
12023	17	17013	630	660	0	0
12023	18	17013	590	700	0	0
12023	19	17013	550	740	0	0
12023	20	17013	510	780	0	0
12023	21	17013	770	640	0	0
12023	22	17013	730	680	0	0
12023	23	17013	690	720	0	0
12023	24	17013	650	760	0	0
12023	25	17013	610	800	0	0
12023	26	16021	130	180	0	0
12031	1	15007	50	820	0	0
12031	2	15158	770	840	0	0
12031	3	16013	690	420	0	0
12031	4	15167	190	500	0	0
12031	5	14231	250	520	0	0
12031	6	14231	190	580	0	0
12031	7	14231	230	440	0	0
12031	8	14232	270	580	0	0
12031	9	14232	290	460	0	0
12031	10	16026	830	820	0	0
12031	11	15036	990	340	0	0
12032	1	18001	610	620	236	3
12032	2	18002	990	700	215	3
12032	3	18003	790	880	155	1
12032	4	18004	1150	920	198	3
12032	5	18005	1230	640	157	3
12041	1	15158	650	380	0	0
12041	2	16017	750	380	0	0
12041	3	14189	1190	420	0	0
12041	4	12027	1270	420	0	0
12041	5	15237	350	480	0	0
12041	6	28001	270	420	0	0
12041	7	42214	522	435	0	0
12041	8	42213	545	395	0	0
12041	9	42215	464	435	0	0
12042	1	16019	370	980	0	0
12042	2	16019	450	1060	0	0
12042	3	18004	1570	580	0	0
12042	4	18003	1890	580	0	0
12042	5	18002	2170	440	0	0
12042	6	17027	590	800	166	3
12042	7	17052	910	940	112	3
12042	8	17014	1730	620	174	1
12042	9	17014	1630	1000	81	3
12051	1	15265	790	160	0	0
12051	2	14393	850	240	0	0
12051	3	14486	790	280	0	0
12051	4	14484	930	240	0	0
12051	5	14030	890	300	0	0
12051	6	14002	830	380	0	0
12051	7	14091	910	360	0	0
12051	8	14111	990	320	0	0
12051	9	15205	970	560	0	0
12051	10	15191	1090	360	0	0
12051	11	15195	610	440	0	0
12051	12	15064	890	420	0	0
12051	13	14205	1010	360	0	0
12051	14	14204	1070	380	0	0
12051	15	14207	950	340	0	0
12051	16	15138	250	460	0	0
12061	1	15007	1190	1060	0	0
12061	2	16005	950	600	0	0
12061	3	17002	310	740	0	0
12061	4	17002	490	980	0	0
12061	5	17005	190	800	0	0
12061	6	17005	90	820	0	0
12061	7	14119	150	820	0	0
12061	8	15054	430	220	0	0
12061	9	15129	1590	560	0	0
12061	10	19023	1290	680	0	0
12061	11	38020	1070	80	0	0
12061	12	14447	70	420	0	0
12061	13	11050	290	880	0	0
12061	14	14225	130	920	0	0
12061	15	11047	1450	580	0	0
12061	16	17047	1510	600	0	0
12062	1	15022	970	480	0	0
12062	2	15023	930	500	0	0
12062	3	15026	1010	500	0	0
12062	4	15024	650	440	0	0
12062	5	11048	1170	380	0	0
12062	6	15158	550	560	0	0
12062	7	14238	290	480	0	0
12062	8	17019	330	440	0	0
12062	9	17019	390	440	0	0
12062	10	17019	330	520	0	0
12062	11	17019	390	520	0	0
12062	12	14179	290	440	0	0
12062	13	17055	290	520	0	0
12062	14	11047	670	520	0	0
12062	15	14225	590	120	0	0
12062	16	17047	590	520	0	0
12062	17	15188	370	380	0	0
12063	1	17001	690	360	0	0
12063	2	17001	490	360	0	0
12063	3	11017	990	340	0	0
12063	4	14217	1050	340	0	0
12063	5	14180	890	340	0	0
12063	6	14079	830	380	0	0
12063	7	14187	1110	360	0	0
12063	8	17005	450	400	0	0
12063	9	17005	750	400	0	0
12063	10	17005	410	380	0	0
12063	11	17005	790	380	0	0
12063	12	14091	490	420	0	0
12063	13	14002	710	420	0	0
12063	14	17001	530	380	0	0
12063	15	17001	650	380	0	0
12063	16	14225	210	620	0	0
12063	17	11047	590	520	0	0
12063	18	17047	510	520	0	0
12063	19	15032	190	360	0	0
12064	1	15238	290	380	0	0
12064	2	15232	430	340	0	0
12064	3	11066	1710	300	0	0
12064	4	11060	1830	1360	0	0
12064	5	11003	1790	380	0	0
12064	6	17047	1590	420	0	0
12064	7	17047	1650	440	0	0
12064	8	17047	1710	460	0	0
12064	9	17047	1770	480	0	0
12064	10	17047	1550	460	0	0
12064	11	17047	1610	480	0	0
12064	12	17047	1670	500	0	0
12064	13	17047	1730	520	0	0
12064	14	17047	1530	400	0	0
12064	15	17047	1490	440	0	0
12064	16	17040	1830	500	0	0
12064	17	17047	1450	480	0	0
12064	18	17047	1510	500	0	0
12064	19	17047	1570	520	0	0
12064	20	17047	1630	540	0	0
12064	21	17047	1690	560	0	0
12064	22	14114	1490	1400	0	0
12064	23	18001	1550	1380	0	0
12064	24	15251	930	220	0	0
12064	25	15253	1070	220	0	0
12064	26	15254	1710	1040	0	0
12064	27	15255	70	700	0	0
12064	28	15267	850	780	0	0
12064	29	15266	910	820	0	0
12064	30	15265	970	780	0	0
12064	31	15264	1030	720	0	0
12064	32	15268	910	600	0	0
12064	33	15271	850	560	0	0
12064	34	15272	790	600	0	0
12064	35	15240	790	720	0	0
12064	36	15210	1030	600	0	0
12064	37	15270	1050	660	0	0
12064	38	15239	770	660	0	0
12064	39	15269	970	560	0	0
12064	40	15259	1390	980	0	0
12064	41	15260	1310	960	0	0
12064	42	15257	1590	940	0	0
12064	43	15258	1010	1160	0	0
12064	44	28007	910	1220	0	0
12064	45	15252	250	1420	0	0
12064	46	15248	290	1340	0	0
12064	47	15256	350	1440	0	0
12064	48	16015	410	880	0	0
12064	49	16018	250	1160	0	0
12064	50	16017	1110	100	0	0
12064	51	15026	1190	540	0	0
12064	52	15044	1230	580	0	0
12064	53	15254	1190	260	0	0
12064	54	15255	1150	220	0	0
12064	55	30002	1190	80	0	0
12064	56	11140	730	240	0	0
12064	57	11047	610	1340	0	0
12064	58	27147	490	1380	0	0
12064	59	27147	550	1260	0	0
12064	60	27147	690	1260	0	0
12064	61	27147	750	1360	0	0
12064	62	27147	690	1440	0	0
12064	63	14225	30	1520	0	0
12064	64	11047	310	620	0	0
12064	65	17047	250	680	0	0
12064	66	38032	950	1140	0	0
12064	67	14679	1290	1360	0	0
12064	68	15035	1350	80	0	0
12065	1	17155	410	220	0	0
12065	2	15240	630	140	0	0
12065	3	11119	590	580	0	0
12065	4	14225	170	380	0	0
12065	5	17047	290	480	0	0
12065	6	11047	370	520	0	0
12071	1	24006	90	620	0	0
12071	2	24005	1490	1020	0	0
12071	3	21001	630	740	0	0
12071	4	21001	690	700	0	0
12071	5	17013	370	1280	0	0
12071	6	17013	90	1440	0	0
12071	7	17227	50	1240	0	0
12071	8	22012	1130	1320	0	0
12071	9	22012	1290	1420	0	0
12071	10	22012	1450	1500	0	0
12071	11	18001	770	240	0	0
12071	12	18005	1170	140	0	0
12071	13	24007	1050	240	0	0
12071	14	24008	730	1480	0	0
12071	15	19028	110	1200	0	0
12071	16	15158	750	1580	0	0
12071	17	24010	710	1060	0	0
12071	18	23002	150	260	0	0
12071	19	19042	690	1520	0	0
12071	20	19043	510	820	0	0
12071	21	38080	1090	620	0	0
12071	22	19044	70	880	0	0
12072	1	16005	1110	340	0	0
12073	1	16005	1110	340	0	0
12074	1	16005	1190	320	0	0
12081	1	17013	370	1280	0	0
12081	2	17013	90	1440	0	0
12081	3	17227	50	1240	0	0
12081	4	24006	130	600	0	0
12081	5	24005	1470	1020	0	0
12081	6	21001	630	740	0	0
12081	7	21001	690	700	0	0
12081	8	22012	1130	1320	0	0
12081	9	22012	1290	1420	0	0
12081	10	22012	1450	1500	0	0
12081	11	18001	710	260	0	0
12081	12	18005	1170	140	0	0
12081	13	24007	1030	240	0	0
12081	14	24008	730	1480	0	0
12081	15	19028	110	1200	0	0
12081	16	15158	750	1580	0	0
12081	17	24010	710	1060	0	0
12081	18	23002	150	260	0	0
12081	19	19042	690	1520	0	0
12081	20	19043	510	820	0	0
12081	21	38080	1070	600	0	0
12081	22	19044	70	880	0	0
12082	1	16005	1130	340	0	0
12083	1	16005	1130	340	0	0
12084	1	16005	1190	320	0	0
12091	1	11050	450	340	0	0
12091	2	11005	310	800	0	0
12091	3	11088	590	780	0	0
12091	4	11047	430	400	0	0
12091	5	11037	410	440	0	0
12091	6	11074	470	440	0	0
12091	7	11044	450	480	0	0
12091	8	14519	470	540	0	0
12091	9	22012	730	860	0	0
12091	10	22012	790	960	0	0
12091	11	11021	330	880	0	0
12091	12	11024	350	980	0	0
12091	13	11038	230	860	0	0
12091	14	11040	250	920	0	0
12091	15	11003	250	980	0	0
12091	16	11031	270	1040	0	0
12092	1	11025	850	400	0	0
12092	2	11050	510	420	0	0
12092	3	14225	690	440	0	0
12093	1	11047	390	420	0	0
12093	2	11074	290	460	0	0
12093	3	11037	730	420	0	0
12093	4	11024	830	460	0	0
12093	5	11006	630	700	0	0
12093	6	11020	530	660	0	0
12093	7	17155	1130	580	0	0
12093	8	17155	730	740	0	0
12093	9	11057	930	500	0	0
12093	10	11059	1030	540	0	0
12093	11	11060	430	620	0	0
12093	12	20001	230	520	0	0
12093	13	14101	590	460	0	0
12093	14	11036	990	680	0	0
12093	15	12068	470	520	0	0
12093	16	11025	550	520	0	0
12093	17	11049	330	580	0	0
12093	18	17107	950	660	0	0
12093	19	14101	650	340	0	0
12093	20	11050	690	580	0	0
12093	21	11044	630	540	0	0
12093	22	15310	530	440	0	0
12093	23	11049	670	520	0	0
12093	24	15310	690	560	0	0
12093	25	31001	750	540	0	0
12093	26	15174	630	600	0	0
12093	27	13019	570	580	0	0
12093	28	11119	430	520	0	0
12093	29	11100	510	560	0	0
12093	30	17047	750	600	0	0
12093	31	14225	590	540	0	0
12093	32	40050	350	500	0	0
12093	33	40050	550	420	0	0
12093	34	40051	550	420	0	0
12093	35	40051	350	500	0	0
12093	36	40052	550	500	0	0
12094	1	14402	30	40	0	0
12094	2	11037	70	40	0	0
12094	3	11010	110	40	0	0
12095	1	11044	550	420	0	0
12095	2	14101	1050	680	0	0
12095	3	11037	490	480	0	0
12095	4	11045	490	560	0	0
12095	5	11046	550	620	0	0
12095	6	11047	730	520	0	0
12095	7	20004	930	420	0	0
12095	8	11123	650	580	0	0
12095	9	17254	650	520	0	0
12095	10	17254	710	520	0	0
12095	11	17254	590	520	0	0
12095	12	11074	650	80	0	0
12095	13	11074	750	600	0	0
12096	1	11037	710	360	0	0
12096	2	11187	770	380	0	0
12096	3	11210	830	380	0	0
12096	4	11058	650	380	0	0
12096	5	11064	590	380	0	0
12096	6	11057	790	440	0	0
12096	7	14402	630	440	0	0
12096	8	11050	710	440	0	0
12096	9	11211	850	420	0	0
12096	10	11044	710	440	0	0
12096	11	11045	710	440	0	0
12096	12	17155	570	420	0	0
12096	13	17155	210	380	0	0
12096	14	11065	710	440	0	0
12096	15	11006	630	440	0	0
12096	16	11214	790	440	0	0
12096	17	13142	30	300	0	0
12101	1	15028	290	380	0	0
12101	2	15029	250	380	0	0
12101	3	20001	590	360	0	0
12101	4	19043	490	420	0	0
12101	5	15267	470	380	0	0
12101	6	15029	350	480	0	0
12101	7	15274	290	480	0	0
12101	8	15274	410	460	0	0
12102	1	14098	350	320	0	0
12103	1	14507	630	320	0	0
12104	1	11060	410	280	0	0
12104	2	11066	270	300	0	0
12104	3	11047	310	260	0	0
12104	4	11040	250	400	0	0
12104	5	11053	530	340	0	0
12104	6	11044	430	400	0	0
12104	7	14519	350	400	0	0
12104	8	17047	410	420	0	0
12104	9	14225	470	420	0	0
12104	10	15104	550	400	0	0
12104	11	15104	610	140	0	0
12105	1	11044	550	320	0	0
12105	2	17155	330	460	0	0
12106	1	11037	310	360	0	0
12106	2	11123	450	320	0	0
12106	3	11074	270	380	0	0
12106	4	17096	510	440	0	0
12106	5	15174	470	400	0	0
12106	6	11026	310	480	0	0
12106	7	11187	410	380	0	0
12106	8	11047	410	380	0	0
12107	1	11123	550	360	0	0
12108	1	11074	310	300	0	0
12108	2	11123	490	340	0	0
12131	1	15055	370	340	0	0
12132	1	20001	250	320	0	0
12132	2	15128	410	360	0	0
12133	1	20001	290	300	0	0
12133	2	14201	510	360	0	0
12134	1	14001	490	360	0	0
12134	2	20001	270	400	0	0
12135	1	12027	410	360	0	0
12135	2	20001	330	340	0	0
12135	3	12050	490	360	0	0
12136	1	12039	590	320	0	0
12137	1	15068	490	260	0	0
12138	1	14079	330	280	0	0
12138	2	11047	530	380	0	0
12138	3	11030	290	420	0	0
12138	4	11015	350	440	0	0
12139	1	11053	530	380	0	0
12139	2	27028	610	380	0	0
12139	3	27028	670	360	0	0
12139	4	27028	650	420	0	0
12139	5	11047	350	340	0	0
12139	6	11050	330	300	0	0
12139	7	11034	290	340	0	0
12139	8	27027	410	460	0	0
12139	9	27027	310	420	0	0
12139	10	15049	370	420	0	0
12140	1	15287	370	300	0	0
12171	1	20001	530	320	0	0
12171	2	15104	450	380	0	0
12172	1	20001	230	360	0	0
12172	2	15010	390	380	0	0
12173	1	15067	450	360	0	0
12174	1	20001	590	400	0	0
12174	2	15072	390	340	0	0
12175	1	20001	270	500	0	0
12175	2	14104	370	380	0	0
12175	3	12051	310	160	0	0
12176	1	20001	650	360	0	0
12176	2	14123	430	320	0	0
12176	3	15047	550	420	0	0
12177	1	12047	350	380	0	0
12177	2	20001	250	360	0	0
12177	3	12033	330	420	0	0
12179	1	14096	270	360	0	0
12180	1	16030	590	360	0	0
12180	2	24011	410	400	0	0
12180	3	16031	330	460	0	0
12180	4	33004	750	400	0	0
12180	5	33005	850	440	0	0
12180	6	33006	950	480	0	0
12180	7	24012	1050	520	0	0
12180	8	15256	930	640	0	0
12180	9	15256	930	640	0	0
12180	10	15256	870	600	0	0
12180	11	10208	870	600	0	0
12180	12	10208	870	600	0	0
12180	13	33007	1150	560	0	0
12180	14	22062	190	520	0	0
12180	15	15257	380	630	0	0
12201	1	16003	250	360	0	0
12202	1	16003	250	360	0	0
12203	1	16003	250	360	0	0
12204	1	16003	590	400	0	0
12204	2	16021	250	340	0	0
12205	1	16003	590	380	0	0
12205	2	16021	290	340	0	0
12205	3	15131	330	300	0	0
12206	1	16009	570	380	0	0
12206	2	16021	290	340	0	0
12206	3	15131	330	300	0	0
12221	1	16002	550	300	0	0
12222	1	16002	550	300	0	0
12223	1	16002	290	300	0	0
12224	1	16007	550	340	0	0
12225	1	16002	550	340	0	0
12241	1	16001	350	400	0	0
12241	2	15105	170	500	0	0
12241	3	14076	590	500	0	0
12241	4	14244	450	520	0	0
12241	5	17050	410	500	0	0
12241	6	17050	410	540	0	0
12242	1	16001	490	400	0	0
12242	2	10038	290	480	0	0
12242	3	10038	610	280	0	0
12242	4	10038	190	440	0	0
12242	5	10038	570	480	0	0
12242	6	10038	530	480	0	0
12242	7	10002	130	500	0	0
12242	8	10038	370	520	0	0
12243	1	16001	350	400	0	0
12243	2	15016	270	500	0	0
12243	3	15017	570	500	0	0
12243	4	15339	550	420	0	0
12243	5	15338	490	400	0	0
12244	1	17022	210	420	0	0
12244	2	15021	570	500	0	0
12244	3	15118	490	400	0	0
12245	1	16018	350	400	0	0
12246	1	16018	350	400	0	0
12261	1	16004	410	240	0	0
12262	1	16004	410	240	0	0
12263	1	16004	430	240	0	0
12264	1	16011	410	240	0	0
12265	1	16011	410	240	0	0
12266	1	19029	370	300	0	0
12267	1	19029	390	300	0	0
12281	1	16006	670	240	0	0
12281	2	15120	430	440	0	0
12281	3	15202	510	280	0	0
12281	4	15104	550	500	0	0
12281	5	11044	710	420	0	0
12281	6	11025	850	320	0	0
12281	7	11113	890	480	0	0
12281	8	15085	950	360	0	0
12281	9	15030	1010	360	0	0
12282	1	16006	690	260	0	0
12282	2	15059	550	480	0	0
12282	3	15060	430	440	0	0
12282	4	15065	690	500	0	0
12282	5	10003	1010	360	0	0
12301	1	14030	650	340	0	0
12301	2	14091	390	360	0	0
12301	3	14002	290	400	0	0
12301	4	17017	190	440	0	0
12301	5	17017	690	500	0	0
12301	6	17017	590	540	0	0
12301	7	17017	490	580	0	0
12301	8	14184	510	360	0	0
12301	9	14033	550	460	0	0
12301	10	14032	610	440	0	0
12301	11	20001	790	400	0	0
12301	12	20001	750	420	0	0
12301	13	20001	590	300	0	0
12301	14	20001	110	480	0	0
12302	1	10016	570	320	0	0
12302	2	10038	330	300	0	0
12302	3	10038	250	340	0	0
12302	4	10038	170	400	0	0
12302	5	10038	610	460	0	0
12302	6	10038	510	500	0	0
12302	7	10038	430	540	0	0
12302	8	20001	650	420	0	0
12303	1	17002	330	300	0	0
12303	2	17002	250	340	0	0
12303	3	17002	170	380	0	0
12303	4	17002	610	460	0	0
12303	5	17002	510	500	0	0
12303	6	17002	430	540	0	0
12303	7	19017	410	400	0	0
12303	8	14151	470	400	0	0
12303	9	20001	670	380	0	0
12304	1	14072	550	320	0	0
12304	2	17003	330	300	0	0
12304	3	17003	250	340	0	0
12304	4	17003	170	380	0	0
12304	5	17003	630	440	0	0
12304	6	17003	530	480	0	0
12304	7	17003	430	520	0	0
12304	8	14277	690	360	0	0
12305	1	14126	1070	300	0	0
12305	2	11067	650	460	0	0
12305	3	11146	710	340	0	0
12305	4	11047	890	520	0	0
12305	5	14101	950	500	0	0
12306	1	19027	650	180	0	0
12306	2	19026	170	380	0	0
12307	1	19027	650	180	0	0
12307	2	19026	170	380	0	0
12308	1	19027	650	180	0	0
12308	2	19026	170	380	0	0
12309	1	19027	650	180	0	0
12309	2	19026	170	380	0	0
12310	1	14033	570	340	0	0
12310	2	14052	590	440	0	0
12310	3	14180	330	320	0	0
12310	4	14194	230	360	0	0
12310	5	14181	490	480	0	0
12310	6	14179	130	400	0	0
12310	7	17154	390	520	0	0
12310	8	11040	310	460	0	0
12401	1	27035	490	440	0	0
12401	2	27036	530	400	0	0
12401	3	27036	570	440	0	0
12401	4	15063	30	80	0	0
12401	5	27037	970	280	0	0
12401	6	27037	990	320	0	0
12401	7	27038	1290	180	0	0
12401	8	27038	1330	200	0	0
12402	1	15166	750	500	0	0
12403	1	14148	510	280	0	0
12403	2	15341	530	340	0	0
12403	3	15340	570	380	0	0
12403	4	24011	550	360	0	0
12403	5	15339	350	380	0	0
12403	6	15338	410	380	0	0
12404	1	14148	410	300	0	0
12404	2	15087	290	380	0	0
12404	3	15063	350	300	0	0
12406	1	27022	850	80	0	0
12406	2	15420	290	280	0	0
12406	3	38086	350	480	0	0
12406	4	38086	510	580	0	0
12406	5	38086	610	400	0	0
12406	6	38086	790	520	0	0
12406	7	38086	1210	600	0	0
12406	8	38086	1070	480	0	0
12406	9	38086	1270	360	0	0
12406	10	38086	1350	500	0	0
12406	11	15340	910	80	0	0
12406	12	15341	970	80	0	0
12406	13	38088	490	300	0	0
12407	1	27022	1470	220	0	0
12407	2	38087	350	480	0	0
12407	3	38087	510	580	0	0
12407	4	38087	790	520	0	0
12407	5	38087	610	420	0	0
12407	6	38087	1070	480	0	0
12407	7	38087	1270	360	0	0
12407	8	38087	1210	600	0	0
12407	9	38087	1350	500	0	0
12407	10	15340	790	80	0	0
12407	11	15341	830	80	0	0
12408	1	38088	590	960	0	0
12408	2	38088	650	980	0	0
12408	3	38088	350	700	0	0
12408	4	38088	290	720	0	0
12408	5	38088	610	440	0	0
12408	6	38088	670	440	0	0
12408	7	38089	330	280	0	0
12408	8	15420	430	280	0	0
12408	9	38088	390	300	0	0
12409	1	38088	570	1200	0	0
12409	2	38088	610	1200	0	0
12409	3	38088	490	1160	0	0
12409	4	38088	530	1120	0	0
12409	5	38088	410	1080	0	0
12409	6	38088	470	1080	0	0
12409	7	38088	350	1040	0	0
12409	8	38088	390	1000	0	0
12409	9	38088	330	980	0	0
12409	10	38088	290	1000	0	0
12409	11	38089	250	960	0	0
12409	12	38088	550	660	0	0
12409	13	38088	590	660	0	0
12409	14	38088	530	620	0	0
12409	15	38088	490	620	0	0
12409	16	38088	490	560	0	0
12409	17	38088	410	560	0	0
12409	18	38088	350	500	0	0
12409	19	38088	390	480	0	0
12409	20	38088	310	440	0	0
12409	21	38088	270	460	0	0
12409	22	38089	270	420	0	0
12409	23	38088	530	260	0	0
12409	24	38088	610	300	0	0
12409	25	15420	530	260	0	0
12409	26	38089	550	300	0	0
12409	27	38090	670	180	0	0
12409	28	15420	270	420	0	0
12409	29	15420	250	960	0	0
12411	1	15170	230	540	0	0
12411	2	15064	570	540	0	0
12411	3	14407	670	580	0	0
12412	1	15166	270	480	0	0
12413	1	11078	50	400	0	0
12413	2	14225	370	460	0	0
12413	3	11047	50	400	0	0
12413	4	11033	330	400	0	0
12418	1	27022	790	80	0	0
12418	2	15340	830	80	0	0
12418	3	15341	870	80	0	0
12418	4	15420	270	280	0	0
12418	5	38088	490	300	0	0
12418	6	38086	350	480	0	0
12418	7	38086	510	580	0	0
12418	8	38086	610	400	0	0
12418	9	38086	790	520	0	0
12418	10	38086	1070	480	0	0
12418	11	38086	1210	600	0	0
12418	12	38086	1350	500	0	0
12418	13	38086	1270	360	0	0
12419	1	27022	1470	220	0	0
12419	2	38087	1350	500	0	0
12419	3	38087	1270	360	0	0
12419	4	38087	1210	600	0	0
12419	5	38087	1070	480	0	0
12419	6	38087	790	520	0	0
12419	7	38087	610	420	0	0
12419	8	38087	510	580	0	0
12419	9	38087	350	480	0	0
12419	10	15340	950	80	0	0
12419	11	15341	1010	80	0	0
12421	1	14120	710	280	0	0
12421	2	17001	310	120	0	0
12421	3	14121	790	300	0	0
12421	4	17001	1070	380	0	0
12421	5	17014	650	260	0	0
12421	6	38033	970	720	0	0
12421	7	38033	970	720	0	0
12431	1	17390	790	480	0	0
12431	2	11045	850	640	0	0
12431	3	11064	930	700	0	0
12431	4	17187	670	700	0	0
12431	5	17187	730	660	0	0
12431	6	17187	790	620	0	0
12431	7	17187	850	580	0	0
12431	8	17187	910	540	0	0
12431	9	17187	610	660	0	0
12431	10	17187	670	620	0	0
12431	11	17187	730	580	0	0
12431	12	17187	790	540	0	0
12431	13	17187	850	500	0	0
12432	1	14033	1310	360	0	0
12432	2	17015	130	440	0	0
12432	3	17015	530	400	0	0
12432	4	17015	910	380	0	0
12432	5	17015	430	560	0	0
12432	6	17015	790	520	0	0
12432	7	17015	1170	480	0	0
12432	8	11030	1490	440	0	0
12432	9	11015	1390	340	0	0
12441	1	17013	630	280	0	0
12441	2	14091	210	400	0	0
12441	3	14003	230	440	0	0
12501	1	20001	1310	320	0	0
12502	1	20001	1290	340	0	0
12502	2	20001	1010	1780	0	0
12502	3	20001	3010	1820	0	0
12502	4	20001	2790	240	0	0
12502	5	10005	4170	1920	0	0
12502	6	24001	2110	1600	0	0
12504	1	20001	3130	500	0	0
12504	2	14119	3030	300	0	0
12504	3	17373	3010	240	0	0
12504	4	17373	3110	280	0	0
12505	1	25006	190	360	0	0
12505	2	25006	150	400	0	0
12505	3	25006	210	400	0	0
12506	1	20001	150	260	0	0
12507	1	20001	390	180	0	0
12508	1	10004	530	260	0	0
12508	2	10005	610	280	0	0
12508	3	20001	590	220	0	0
12508	4	10037	190	440	0	0
12508	5	10037	370	440	0	0
12508	6	10037	310	440	0	0
12508	7	10037	250	440	0	0
12508	8	10037	190	500	0	0
12508	9	10037	250	500	0	0
12508	10	10037	310	500	0	0
12508	11	10037	370	500	0	0
12511	1	20001	2850	1660	0	0
12511	2	20001	1450	1600	0	0
12511	3	20001	4010	2520	0	0
12511	4	24001	2090	2300	0	0
12511	5	25016	1090	1600	0	0
12511	6	25016	1030	1700	0	0
12511	7	25016	1490	1660	0	0
12511	8	25016	3470	2520	0	0
12511	9	25016	3890	2540	0	0
12511	10	25016	4010	2320	0	0
12512	1	20001	650	260	0	0
12512	2	20001	690	2460	0	0
12512	3	20002	1190	1840	0	0
12512	4	25015	310	240	0	0
12512	5	25015	210	440	0	0
12512	6	25015	210	320	0	0
12512	7	25015	210	2460	0	0
12512	8	25015	350	2480	0	0
12512	9	25015	270	2180	0	0
12513	1	20001	190	340	0	0
12513	2	20001	2310	480	0	0
12513	3	20002	990	1040	0	0
12513	4	25016	550	580	0	0
12513	5	25016	250	260	0	0
12513	6	25016	190	560	0	0
12513	7	25016	2230	520	0	0
12513	8	25016	2310	260	0	0
12514	1	20001	230	1200	0	0
12514	2	20001	2330	1160	0	0
12514	3	20002	1530	1820	0	0
12514	4	24001	1410	980	0	0
12514	5	25016	590	1220	0	0
12514	6	25016	430	1220	0	0
12514	7	25016	370	1220	0	0
12514	8	25016	1390	1840	0	0
12514	9	25016	1450	1820	0	0
12514	10	25016	1030	1640	0	0
12514	11	25016	1990	1160	0	0
12514	12	25016	2330	960	0	0
12514	13	25016	1890	1120	0	0
12515	1	20001	650	260	0	0
12515	2	20001	1470	900	0	0
12515	3	25016	210	300	0	0
12515	4	25016	290	220	0	0
12515	5	25016	270	280	0	0
12515	6	25016	1430	1160	0	0
12515	7	25016	1150	860	0	0
12516	1	20002	390	500	0	0
12517	1	20002	610	240	0	0
12518	1	20002	630	500	0	0
12519	1	20002	630	500	0	0
12519	2	11074	610	220	0	0
12519	3	11037	470	260	0	0
12519	4	14507	510	200	0	0
12519	5	11036	430	220	0	0
12519	6	11040	390	260	0	0
12519	7	11057	350	320	0	0
12519	8	11072	350	220	0	0
12519	9	11091	310	260	0	0
12519	10	11045	450	320	0	0
12519	11	11031	530	400	0	0
12519	12	11050	470	380	0	0
12519	13	11020	610	400	0	0
12519	14	11047	370	180	0	0
12521	1	20002	1190	1820	0	0
12521	2	24001	2170	1660	0	0
12521	3	15103	510	1600	0	0
12521	4	27103	2010	340	0	0
12521	5	27099	2210	500	0	0
12521	6	38026	2010	500	0	0
12521	7	38027	2210	340	0	0
12521	8	27103	550	1640	0	0
12521	9	27099	650	1640	0	0
12521	10	38027	730	1700	0	0
12521	11	38026	470	1700	0	0
12523	1	20001	1510	240	0	0
12523	2	20002	170	340	0	0
12523	3	20002	370	3600	0	0
12523	4	20002	1490	1640	0	0
12523	5	38027	1170	3620	0	0
12523	6	38026	1370	3620	0	0
12523	7	27099	1170	3480	0	0
12523	8	27103	1350	3480	0	0
12523	9	38026	1370	3620	0	0
12523	10	38026	1370	3620	0	0
12523	11	38026	1370	3620	0	0
12523	12	27099	530	3540	0	0
12523	13	27103	470	3500	0	0
12523	14	38027	470	3540	0	0
12523	15	38026	510	3500	0	0
12523	16	38026	1690	2260	0	0
12523	17	38027	1470	2320	0	0
12523	18	27099	1550	2260	0	0
12523	19	27103	1750	2320	0	0
12524	1	20001	350	340	0	0
12525	1	20002	1310	1040	0	0
12526	1	20001	990	1700	0	0
12526	2	38027	1350	1120	0	0
12526	3	38026	1350	920	0	0
12526	4	27099	1190	920	0	0
12526	5	27103	1190	1120	0	0
12526	6	38026	1190	1660	0	0
12526	7	38027	1230	1740	0	0
12526	8	27099	1130	1700	0	0
12526	9	27103	1170	1740	0	0
12527	1	27103	1370	420	0	0
12527	2	27099	1290	360	0	0
12527	3	38026	1090	420	0	0
12527	4	38027	1130	340	0	0
12529	1	20002	590	240	0	0
12530	1	20002	610	500	0	0
12531	1	20002	570	240	0	0
12532	1	20002	610	520	0	0
12532	2	10098	550	280	0	0
12532	3	20001	610	240	0	0
12532	4	38043	610	320	0	0
12532	5	20005	230	220	0	0
12533	1	20002	410	500	0	0
12533	2	11020	390	260	0	0
12533	3	20005	630	200	0	0
12534	1	20001	390	180	0	0
12534	2	15188	430	280	0	0
12535	1	20002	610	240	0	0
12535	2	20005	270	220	0	0
12536	1	20001	150	340	0	0
12536	2	20002	370	200	0	0
12536	3	38027	470	300	0	0
12536	4	38026	330	420	0	0
12536	5	27099	470	420	0	0
12536	6	27103	330	300	0	0
12537	1	20001	430	400	0	0
12537	2	38026	310	380	0	0
12537	3	38027	290	320	0	0
12537	4	27099	330	340	0	0
12537	5	27103	370	360	0	0
12538	1	20002	390	500	0	0
12539	1	20001	630	340	0	0
12539	2	20002	390	220	0	0
12539	3	15115	450	460	0	0
12539	4	27103	370	400	0	0
12539	5	27099	510	300	0	0
12539	6	38027	510	400	0	0
12539	7	38026	370	300	0	0
12540	1	20002	390	500	0	0
12541	1	20001	630	320	0	0
12542	1	20002	190	240	0	0
12543	1	20001	190	460	0	0
12544	1	20001	190	980	0	0
12544	2	20001	2350	1820	0	0
12544	3	20002	1570	320	0	0
12544	4	20002	1570	1720	0	0
12546	1	20001	3150	1160	0	0
12546	2	20002	1150	960	0	0
12546	3	10007	1410	940	0	0
12546	4	20001	1490	940	0	0
12546	5	38043	1270	1080	0	0
12547	1	20001	1110	260	0	0
12547	2	20002	350	1040	0	0
12549	1	20001	390	1040	0	0
12549	2	20002	2110	1040	0	0
12552	1	20001	410	260	0	0
12554	1	20002	170	360	0	0
12554	2	13025	250	300	0	0
12555	1	20001	250	320	0	0
12556	1	20001	150	260	0	0
12556	2	27103	370	240	0	0
12556	3	27099	370	300	0	0
12556	4	38026	310	260	0	0
12556	5	38027	430	260	0	0
12557	1	20001	430	360	0	0
12558	1	20002	370	500	0	0
12559	1	20002	630	500	0	0
12560	1	20002	610	240	0	0
12561	1	20002	630	500	0	0
12562	1	20001	630	340	0	0
12562	2	20002	410	180	0	0
12562	3	27099	330	300	0	0
12562	4	27103	330	420	0	0
12562	5	38026	470	420	0	0
12562	6	38027	470	300	0	0
12563	1	20001	1470	1840	0	0
12563	2	20002	1470	280	0	0
12563	3	20002	2130	1020	0	0
12563	4	10001	1150	280	0	0
12563	5	20001	1090	240	0	0
12563	6	38043	1030	440	0	0
12563	7	38053	1030	360	0	0
12563	8	22046	1270	240	0	0
12564	1	20001	1510	1840	0	0
12564	2	20001	1470	300	0	0
12564	3	20002	170	1080	0	0
12565	1	20001	210	1200	0	0
12565	2	20002	2310	1160	0	0
12567	1	14125	410	240	0	0
12568	1	20002	630	500	0	0
12568	2	12043	530	260	0	0
12569	1	20002	610	500	0	0
12569	2	10003	410	360	0	0
12569	3	10094	350	300	0	0
12569	4	10094	470	300	0	0
12570	1	20002	610	240	0	0
12570	2	10002	390	340	0	0
12570	3	10053	450	260	0	0
12570	4	10053	490	360	0	0
12571	1	20001	150	500	0	0
12571	2	10001	350	400	0	0
12571	3	10090	170	360	0	0
12571	4	10090	250	520	0	0
12581	1	20001	1490	320	0	0
12581	2	20002	1530	1840	0	0
12581	3	24001	1090	1000	0	0
12581	4	25015	1470	460	0	0
12581	5	25015	1030	360	0	0
12581	6	25015	1130	280	0	0
12581	7	25015	990	1820	0	0
12581	8	25015	1030	1640	0	0
12581	9	25015	1070	1860	0	0
12581	10	11030	1410	280	0	0
12581	11	17501	2810	1000	0	0
12582	1	20002	1470	1640	0	0
12582	2	20002	1490	240	0	0
12582	3	24001	1170	1060	0	0
12582	4	17501	1210	1100	0	0
12582	5	17501	1270	1100	0	0
12582	6	17501	1330	1100	0	0
12582	7	17501	1230	1020	0	0
12582	8	17501	1290	1020	0	0
12582	9	17501	1350	1020	0	0
12584	1	20002	410	220	0	0
12584	2	17501	450	300	0	0
12584	3	17501	430	340	0	0
12584	4	17501	450	380	0	0
12585	1	20001	1510	1840	0	0
12585	2	20001	1470	300	0	0
12585	3	20002	1830	1760	0	0
12585	4	20002	1950	260	0	0
12585	5	24001	1370	1120	0	0
12585	6	14272	1190	300	0	0
12585	7	14156	1050	340	0	0
12585	8	14033	1110	280	0	0
12585	9	14009	1270	1840	0	0
12585	10	14002	1350	1740	0	0
12585	11	14091	1190	1740	0	0
12586	1	10018	270	220	0	0
12586	2	10074	270	300	0	0
12586	3	10074	330	240	0	0
12586	4	10002	230	520	0	0
12586	5	10004	210	420	0	0
12586	6	10005	270	460	0	0
12586	7	10006	330	520	0	0
12586	8	12050	190	340	0	0
12587	1	20001	190	340	0	0
12587	2	10019	430	280	0	0
12587	3	10098	310	360	0	0
12587	4	11090	370	500	0	0
12587	5	14406	510	500	0	0
12587	6	10099	590	360	0	0
12588	1	20002	650	1000	0	0
12588	2	17501	370	440	0	0
12588	3	17501	430	460	0	0
12588	4	17501	490	440	0	0
12588	5	17501	430	400	0	0
12588	6	17501	350	720	0	0
12588	7	17501	430	740	0	0
12588	8	17501	510	720	0	0
12588	9	17501	390	780	0	0
12588	10	17501	430	820	0	0
12588	11	17501	470	780	0	0
12588	12	14671	410	680	0	0
12588	13	14672	470	680	0	0
12589	1	20001	1470	1800	0	0
12589	2	20002	370	1660	0	0
12589	3	20001	1410	1160	0	0
12589	4	25015	1170	1160	0	0
12589	5	25015	1470	900	0	0
12589	6	25015	1210	900	0	0
12589	7	25015	1190	1800	0	0
12589	8	25015	1450	1520	0	0
12589	9	25015	1110	1500	0	0
12589	10	11068	1230	1640	0	0
12589	11	11047	990	1640	0	0
12589	12	11006	910	1600	0	0
12589	13	11088	1290	1560	0	0
12589	14	11089	1350	1600	0	0
12589	15	14406	1350	1680	0	0
12589	16	11070	1290	1720	0	0
12589	17	10269	1490	1020	0	0
12589	18	14672	1230	1020	0	0
12589	19	17501	1210	940	0	0
12589	20	17501	1170	1000	0	0
12589	21	17501	1170	1060	0	0
12589	22	17501	1210	1120	0	0
12589	23	14671	1270	960	0	0
12590	1	10018	270	220	0	0
12590	2	10074	270	300	0	0
12590	3	10074	330	240	0	0
12590	4	10002	230	520	0	0
12590	5	10004	210	420	0	0
12590	6	10005	270	460	0	0
12590	7	10006	330	520	0	0
12590	8	12050	190	340	0	0
12591	1	20001	1450	260	0	0
12591	2	20001	1030	1860	0	0
12591	3	25008	1090	280	90	1
12591	4	25008	1130	300	90	3
12591	5	25008	1070	320	90	5
12591	6	25008	1510	1860	90	1
12591	7	25008	1530	1800	90	3
12591	8	25008	1470	1840	90	5
12592	1	20001	630	500	0	0
12593	1	20001	1470	260	0	0
12593	2	20001	1530	1860	0	0
12593	3	25008	1050	1800	0	0
12593	4	25008	1030	1860	0	0
12593	5	25008	1090	1860	0	0
12593	6	25008	1170	260	0	0
12593	7	25008	1130	320	0	0
12593	8	25008	1210	320	0	0
12701	1	38043	450	480	0	0
12701	2	38043	650	500	0	0
12701	3	38045	750	380	0	0
12701	4	38045	610	340	0	0
12701	5	38043	1170	580	0	0
12701	6	16033	450	160	0	0
12701	7	38055	1010	280	0	0
12701	8	10196	1010	180	0	0
12702	1	38053	590	340	0	0
12702	2	38045	590	440	0	0
12702	3	38045	350	320	0	0
12702	4	38045	490	480	0	0
12702	5	38045	250	360	0	0
12702	6	38045	390	520	0	0
12702	7	38045	150	400	0	0
12703	1	38052	350	420	0	0
12703	2	38046	490	500	0	0
12703	3	38046	470	540	0	0
12703	4	38046	550	500	0	0
12703	5	38046	590	520	0	0
12703	6	38046	510	560	0	0
12704	1	38051	250	340	0	0
12705	1	38048	630	320	0	0
12706	1	38049	590	320	0	0
12711	1	16037	730	280	0	0
12711	2	16039	170	240	0	0
12711	3	16038	350	280	0	0
12711	4	16057	1030	340	0	0
12711	5	24003	1250	620	0	0
12711	6	16032	320	490	0	0
12711	7	16033	400	510	0	0
12711	8	16034	720	590	0	0
12711	9	16035	800	610	0	0
12711	10	16036	870	620	0	0
12711	11	16037	940	640	0	0
12721	1	27156	730	920	0	0
12721	2	16005	1410	720	0	0
12721	3	15428	1190	460	0	0
12721	4	15428	730	580	0	0
12721	5	15429	1110	660	0	0
12721	6	15429	970	980	0	0
12721	7	16020	950	480	0	0
12721	8	16014	1390	1100	0	0
12721	9	15049	650	1000	0	0
12721	10	27192	30	40	0	0
12722	1	10034	630	1000	0	0
12722	2	10034	670	1060	0	0
12722	3	10034	1190	800	0	0
12722	4	10034	1350	800	0	0
12722	5	10034	850	420	0	0
12722	6	10034	810	480	0	0
12722	7	10071	350	260	0	0
12722	8	10071	290	300	0	0
12722	9	10034	370	340	0	0
12722	10	16049	1390	440	0	0
12723	1	16050	530	340	0	0
12723	2	16081	330	320	0	0
12724	1	15428	190	360	0	0
12724	2	16019	410	300	0	0
12724	3	16094	570	340	0	0
12801	1	10195	250	1640	0	0
12801	2	10195	550	1500	229	3
12801	3	10196	590	640	249	3
12801	4	10196	1910	700	266	1
12801	5	10195	1750	1180	230	3
12801	6	10197	1350	940	219	1
12801	7	10195	430	1780	0	0
12801	8	10008	350	400	0	0
12801	9	20001	270	340	0	0
12801	10	38043	450	340	0	0
12801	11	10207	290	1700	0	0
12801	12	10207	350	1740	0	0
12801	13	10208	290	1760	0	0
12802	1	14127	1270	500	155	3
12802	2	14127	710	920	174	1
12802	3	14129	510	540	168	3
12802	4	14129	1030	540	153	3
12802	5	14129	790	660	247	3
12802	6	14129	450	800	167	3
12802	7	14129	1010	680	136	3
12803	1	14126	1090	940	184	3
12803	2	14126	1170	760	206	3
12803	3	14126	1230	560	163	3
12803	4	14126	830	700	295	3
12803	5	14126	530	820	228	3
12803	6	14128	990	600	206	3
12803	7	14128	570	600	220	3
12804	1	20001	1330	560	0	0
12804	2	10038	1190	400	0	0
12804	3	10038	1130	460	0	0
12804	4	10038	1250	460	0	0
12804	5	10038	1190	520	0	0
12804	6	15070	1190	460	0	0
12804	7	15070	1130	400	0	0
12805	1	10198	510	520	142	3
12805	2	10196	870	560	124	3
12805	3	10196	1210	580	131	3
12805	4	10198	550	1000	103	3
12805	5	14151	1150	1000	0	0
12805	6	17192	1090	1040	0	0
12805	7	17192	1230	1000	0	0
12805	8	17192	1090	1120	0	0
12805	9	17192	1290	1040	0	0
12805	10	17192	1190	1080	0	0
12805	11	10194	1330	340	0	0
12805	12	10193	1430	400	0	0
12806	1	17005	650	740	312	1
12806	2	17005	1950	780	239	3
12806	3	17005	650	2100	235	3
12806	4	17005	1890	2780	251	1
12806	5	17020	710	1380	242	3
12806	6	17020	1510	1160	355	3
12806	7	17020	1770	2060	283	3
12806	8	17021	1290	1660	535	3
12806	9	17021	1230	2380	278	1
12806	10	17021	770	3300	308	3
12806	11	14001	1410	520	0	0
12806	12	12027	1490	520	0	0
12807	1	15051	690	880	135	3
12807	2	15051	1330	720	224	1
12807	3	15053	2030	920	145	3
12807	4	15053	2130	500	127	1
12807	5	15051	1550	540	141	3
12807	6	15053	1650	940	141	3
12807	7	15053	1030	920	167	1
12808	1	22012	750	1780	0	0
12808	2	22012	270	980	0	0
12808	3	22012	990	1400	0	0
12808	4	22012	250	500	0	0
12808	5	22012	1410	1120	0	0
12808	6	22012	990	480	0	0
12808	7	24001	1590	340	0	0
12808	8	15136	1170	240	0	0
12808	9	15131	1130	280	0	0
12808	10	22009	310	360	500	2
12808	11	22007	410	320	650	2
12808	12	22006	410	320	500	3
12809	1	17222	1590	560	179	3
12809	2	17222	1210	880	185	1
12809	3	17222	910	1240	173	3
12809	4	17222	1190	1580	132	1
12809	5	17223	1990	540	157	1
12809	6	17223	2030	1120	234	3
12809	7	17223	1990	1500	188	1
12809	8	17223	650	680	171	3
12811	1	10046	1250	620	279	3
12811	2	10046	1810	1300	275	3
12811	3	10046	1790	1880	244	1
12811	4	10046	1290	1160	220	3
12811	5	10046	1330	1560	256	3
12811	6	10046	2130	460	143	3
12811	7	10046	710	1600	268	1
12811	8	10055	1490	2180	177	1
12811	9	10055	650	1000	271	1
12811	10	10055	510	2080	199	1
12811	11	14006	410	400	0	0
12811	12	14244	350	460	0	0
12811	13	14244	490	440	0	0
12811	14	14244	430	480	0	0
12811	15	14244	330	400	0	0
12811	16	14244	350	340	0	0
12811	17	14244	490	380	0	0
12811	18	14244	430	320	0	0
12815	1	14132	830	820	184	3
12815	2	14132	1910	440	196	3
12815	3	14132	610	480	200	3
12815	4	14132	630	1200	214	3
12815	5	14132	1670	1420	219	3
12815	6	14132	1890	960	251	3
12815	7	14132	1170	1340	259	1
12815	8	14132	1330	740	272	3
12815	9	14266	610	1620	0	0
12815	10	14001	1070	360	0	0
12815	11	17015	1190	280	0	0
12815	12	17015	1130	280	0	0
12815	13	17015	1070	280	0	0
12815	14	17015	1010	280	0	0
12815	15	17015	950	280	0	0
12815	16	14176	2350	120	0	0
12816	1	14133	690	520	290	3
12816	2	14133	870	1100	142	3
12816	3	14133	670	1980	277	3
12816	4	14267	1310	2260	0	0
12816	5	14266	1630	2160	0	0
12817	1	14161	590	440	200	3
12817	2	14161	1490	720	240	3
12817	3	14161	2850	760	181	1
12817	4	14210	430	740	143	1
12817	5	14209	2490	880	140	3
12817	6	14210	2070	800	177	1
12817	7	14266	670	1260	0	0
12817	8	17073	390	960	0	0
12817	9	14111	2430	320	0	0
12817	10	17377	2390	280	0	0
12817	11	17377	2490	300	0	0
12818	1	14162	530	620	113	3
12818	2	14162	1150	920	131	3
12818	3	14162	1210	1400	166	3
12818	4	14267	410	1540	0	0
12818	5	14268	510	1580	0	0
12818	6	14266	830	1900	0	0
12818	7	17134	810	220	0	0
12818	8	17137	810	320	0	0
12818	9	10127	610	380	0	0
12818	10	10127	710	360	0	0
12818	11	10127	930	360	0	0
12818	12	10127	1030	380	0	0
12818	13	10127	830	380	0	0
12818	14	10128	570	320	0	0
12818	15	10128	650	320	0	0
12818	16	10128	730	300	0	0
12818	17	10128	890	300	0	0
12818	18	10128	990	320	0	0
12818	19	10128	1070	320	0	0
12818	20	10129	610	260	0	0
12818	21	10129	710	240	0	0
12818	22	10129	890	240	0	0
12818	23	10129	970	260	0	0
12818	24	10129	790	260	0	0
12819	1	14211	2730	440	186	3
12819	2	14212	1130	380	138	3
12819	3	17073	470	600	0	0
12819	4	19001	1710	560	0	0
12820	1	14249	1490	120	0	0
12820	2	14226	1410	100	0	0
12820	3	17073	1350	200	0	0
12820	4	17073	1410	220	0	0
12820	5	17073	1470	240	0	0
12820	6	17070	590	340	122	3
12820	7	17070	590	2140	113	3
12820	8	17070	1210	360	140	1
12820	9	17070	1210	1400	154	1
12820	10	17071	530	1280	114	3
12820	11	17071	1210	700	122	3
12820	12	17071	690	820	120	3
12820	13	17133	1290	2140	0	0
12820	14	17073	1290	2240	0	0
12821	1	17012	650	980	285	3
12821	2	17012	550	1520	176	3
12821	3	17012	1890	1460	249	3
12821	4	17013	1030	1560	187	1
12821	5	17013	1970	1040	164	1
12821	6	17008	1130	580	220	1
12822	1	20002	1310	540	0	0
12822	2	10010	710	360	0	0
12822	3	10121	630	340	0	0
12822	4	10121	630	400	0	0
12823	1	10059	510	840	182	1
12823	2	10082	1150	940	210	3
12823	3	10082	850	580	159	1
12823	4	14448	370	360	0	0
12823	5	17086	430	320	0	0
12823	6	17086	290	380	0	0
12824	1	17046	610	1460	275	3
12824	2	17046	1170	840	191	1
12824	3	10067	1050	1240	211	3
12824	4	10067	570	600	220	3
12824	5	12011	1130	1620	0	0
12824	6	10092	1230	1660	0	0
12824	7	10092	1110	1720	0	0
12825	1	18002	1070	1020	0	0
12825	2	18003	1410	480	0	0
12825	3	18004	370	860	0	0
12825	4	18005	430	520	0	0
12825	5	14679	370	720	0	0
12826	1	17022	2810	720	243	3
12826	2	17001	2070	600	247	3
12826	3	17004	1330	540	190	1
12826	4	17022	1530	860	222	3
12826	5	17001	1050	880	223	3
12827	1	10042	490	500	140	3
12827	2	10042	1210	1020	168	1
12827	3	10036	1250	500	148	1
12827	4	10004	750	1040	0	0
12827	5	20001	670	1080	0	0
12827	6	38043	870	940	0	0
12828	1	10096	390	300	0	0
12828	2	10034	1150	1420	206	1
12828	3	10034	1330	420	138	3
12828	4	10034	550	900	213	3
12828	5	10060	850	660	244	3
12828	6	10060	1150	2220	197	1
12828	7	17009	590	1420	232	3
12828	8	10069	450	360	0	0
12828	9	10069	370	380	0	0
12829	1	10035	510	540	169	1
12829	2	10035	1470	860	193	3
12829	3	10110	2010	980	175	3
12829	4	10110	2090	500	150	3
12829	5	14181	470	880	0	0
12829	6	14179	550	860	0	0
12829	7	11047	370	940	0	0
12829	8	11053	370	1000	0	0
12830	1	17004	890	1240	170	1
12830	2	17007	870	760	107	3
12830	3	17004	550	1500	171	3
12830	4	17007	1150	860	190	3
12830	5	10033	1390	480	0	0
12830	6	10184	1350	320	0	0
12830	7	10185	1390	340	0	0
12830	8	10186	1430	360	0	0
12830	9	10187	1470	380	0	0
12831	1	18001	450	440	0	0
12831	2	18001	370	340	0	0
12831	3	10200	630	2040	170	3
12831	4	10199	570	1560	216	3
12831	5	10201	1070	1880	192	1
12831	6	10200	1170	900	191	3
12831	7	10199	530	860	195	1
12831	8	10201	1150	1520	211	3
12831	9	18002	1310	360	0	0
12831	10	18003	1410	460	0	0
12831	11	14125	830	600	0	0
12831	12	14248	890	580	0	0
12831	13	14248	950	580	0	0
12831	14	14248	710	580	0	0
12831	15	14248	770	580	0	0
12831	16	14248	890	520	0	0
12831	17	14248	770	520	0	0
12831	18	14248	950	520	0	0
12831	19	14248	710	520	0	0
12831	20	14247	250	2400	0	0
12831	21	11047	190	2280	0	0
12831	22	11112	310	2240	0	0
12841	1	10202	2850	560	117	3
12841	2	10202	2210	540	115	3
12841	3	10203	1770	840	245	3
12841	4	10203	1310	540	140	3
12841	5	10204	1190	900	150	3
12841	6	10204	970	560	144	1
12841	7	11032	550	480	0	0
12841	8	10053	650	520	0	0
12841	9	10053	550	560	0	0
12841	10	14079	2930	360	0	0
12841	11	14184	3090	520	0	0
12841	12	17206	3150	360	0	0
12841	13	11113	3090	300	0	0
12841	14	14450	330	1040	0	0
12841	15	17571	330	1100	0	0
12841	16	17571	250	1040	0	0
12841	17	14184	590	860	0	0
12841	18	14111	650	900	0	0
12841	19	14274	530	820	0	0
12841	20	11024	470	940	0	0
12841	21	11047	370	920	0	0
12841	22	11050	2750	1040	0	0
12841	23	15348	2850	1000	0	0
12842	1	15010	210	360	0	0
12842	2	10053	170	320	0	0
12842	3	10053	170	380	0	0
12842	4	17047	390	300	0	0
12842	5	17047	290	380	0	0
12842	6	17047	270	400	0	0
12842	7	17047	310	420	0	0
12842	8	17047	250	420	0	0
12842	9	17047	310	360	0	0
12842	10	17047	350	380	0	0
12842	11	17047	330	400	0	0
12842	12	17047	290	440	0	0
12842	13	11037	350	320	0	0
12842	14	11044	450	420	0	0
12842	15	11047	270	320	0	0
12842	16	38032	470	400	0	0
12851	1	30001	250	400	0	0
12851	2	30001	550	260	0	0
12851	3	11034	690	420	0	0
12851	4	11024	630	400	0	0
12851	5	11115	450	400	0	0
12851	6	17320	490	360	0	0
12851	7	17321	390	400	0	0
12851	8	17123	550	400	0	0
12852	1	10125	1970	880	143	3
12852	2	10130	1170	960	98	3
12852	3	10118	530	860	165	1
12852	4	24001	3270	1260	0	0
12852	5	10130	2770	980	146	3
12852	6	10118	2410	580	161	1
12852	7	14185	1490	680	0	0
12852	8	14230	1390	680	0	0
12852	9	14052	1310	660	0	0
12852	10	11030	1570	660	0	0
12852	11	11015	1630	620	0	0
12852	12	30002	1150	620	0	0
12853	1	10118	1590	560	174	3
12853	2	10118	470	720	162	1
12853	3	10125	810	560	162	3
12853	4	10130	1150	480	136	1
12853	5	10130	2090	680	149	1
12853	6	14066	2010	1020	0	0
12853	7	17068	2030	920	0	0
12853	8	17068	2110	1020	0	0
12853	9	17069	1890	1020	0	0
12853	10	17069	1950	1140	0	0
12853	11	10001	1510	1000	0	0
12853	12	10207	1670	960	0	0
12853	13	10207	1610	1080	0	0
12853	14	10208	1590	980	0	0
12853	15	10208	1530	1100	0	0
12853	16	10209	1410	1020	0	0
12853	17	10210	1450	1080	0	0
12853	18	19018	990	1080	0	0
12853	19	19020	990	1000	0	0
12853	20	11105	1030	1040	0	0
12854	1	20001	370	340	0	0
12854	2	14184	470	400	0	0
12854	3	14187	350	400	0	0
12854	4	11037	330	460	0	0
12855	1	11037	270	340	0	0
12855	2	14453	370	340	0	0
12861	1	14250	730	1600	123	1
12861	2	14251	550	1340	161	3
12861	3	14250	770	1060	171	1
12861	4	14251	1130	880	230	3
12861	5	14250	1270	500	157	1
12861	6	11024	1350	1340	0	0
12861	7	17077	1150	1340	0	0
12861	8	14451	1250	1520	0	0
12861	9	14671	1070	1700	0	0
12861	10	17501	1010	1600	0	0
12861	11	17501	990	1640	0	0
12861	12	17501	970	1680	0	0
12861	13	17501	950	1720	0	0
12861	14	17501	1370	1720	0	0
12861	15	17501	1350	1780	0	0
12861	16	17501	1330	1840	0	0
12861	17	17501	1310	1900	0	0
12861	18	17501	1310	1740	0	0
12861	19	17501	1290	1800	0	0
12861	20	17501	1270	1860	0	0
12861	21	14672	1090	1660	0	0
12861	22	10269	1650	1540	0	0
12862	1	14250	590	1620	250	3
12862	2	14251	1110	1580	249	3
12862	3	14250	1110	960	249	1
12862	4	14251	590	1000	248	3
12862	5	14250	1270	500	155	1
12862	6	14204	1170	2220	0	0
12862	7	14194	1230	2340	0	0
12862	8	14207	1350	2280	0	0
12871	1	17038	2490	600	176	3
12871	2	17015	2190	880	159	3
12871	3	10150	1650	900	157	3
12871	4	17015	1090	560	173	3
12871	5	10150	610	600	150	3
12871	6	17015	550	1000	113	1
12871	7	14176	390	440	0	0
12871	8	14177	470	360	0	0
12871	9	14178	330	400	0	0
12871	10	14277	370	300	0	0
12871	11	14189	3090	1240	0	0
12871	12	17086	3050	360	0	0
12871	13	14184	3110	360	0	0
12871	14	14030	3150	400	0	0
12871	15	11087	3070	420	0	0
12881	1	17034	1010	920	168	3
12881	2	17038	1290	620	239	3
12881	3	17042	630	720	241	3
12881	4	17034	1970	580	162	3
12881	5	17042	1850	880	177	3
12881	6	14015	2910	480	0	0
12881	7	17087	2970	400	0	0
12881	8	17087	2970	540	0	0
12881	9	14086	2830	960	0	0
12881	10	14087	2910	1020	0	0
12881	11	14453	310	280	0	0
12881	12	10197	230	1100	0	0
12881	13	10197	270	1200	0	0
12881	14	17530	490	900	0	0
12881	15	17530	490	820	0	0
12881	16	17530	490	740	0	0
12881	17	17530	490	660	0	0
12881	18	17530	870	1060	0	0
12881	19	17530	630	1060	0	0
12881	20	17530	950	1060	0	0
12881	21	17530	790	1060	0	0
12881	22	17530	710	1060	0	0
12881	23	17530	370	1000	0	0
12881	24	10003	30	820	0	0
12881	25	14671	2210	480	0	0
12881	26	14672	2210	600	0	0
12881	27	17530	2130	420	0	0
12881	28	17530	2130	500	0	0
12881	29	17530	2130	580	0	0
12881	30	17530	2130	680	0	0
12881	31	17530	2070	640	0	0
12881	32	17530	2070	560	0	0
12881	33	17530	2070	480	0	0
12881	34	17530	2010	420	0	0
12881	35	17530	2010	500	0	0
12881	36	17530	2010	580	0	0
12881	37	17530	2010	680	0	0
12881	38	17530	2450	540	0	0
12881	39	17530	2530	460	0	0
12881	40	17530	2530	520	0	0
12881	41	17530	2590	460	0	0
12881	42	17530	2590	520	0	0
12881	43	17530	2650	460	0	0
12881	44	17530	2650	520	0	0
12881	45	14673	2450	500	0	0
12882	1	17034	530	900	221	1
12882	2	17038	850	640	180	1
12882	3	17042	1150	800	188	3
12882	4	17038	1710	860	168	1
12882	5	17034	1450	600	209	1
12882	6	17042	2070	620	278	3
12882	7	17038	2490	760	158	1
12882	8	17107	410	340	0	0
12882	9	14184	330	420	0	0
12882	10	14447	390	280	0	0
12882	11	14030	330	340	0	0
12882	12	11117	370	240	0	0
12882	13	11017	310	240	0	0
12882	14	14253	310	280	0	0
12882	15	14033	390	440	0	0
12882	16	14185	270	340	0	0
12882	17	11118	290	380	0	0
12882	18	14180	250	300	0	0
12882	19	14079	370	360	0	0
12882	20	11047	470	400	0	0
12882	21	11111	610	540	0	0
12882	22	10270	2790	1160	0	0
12882	23	10197	2770	1100	0	0
12882	24	10197	2730	1160	0	0
12882	25	14673	390	1060	0	0
12882	26	17530	430	960	0	0
12882	27	17530	450	1040	0	0
12882	28	17530	490	1000	0	0
12882	29	17530	510	1080	0	0
12891	1	10052	1150	680	179	1
12891	2	10052	1150	860	190	3
12891	3	10052	990	1160	155	3
12891	4	10052	710	1440	252	1
12891	5	10052	990	1800	267	3
12891	6	10052	570	1680	211	3
12891	7	10054	590	1220	184	3
12891	8	10054	790	1000	250	3
12891	9	10054	410	380	110	3
12891	10	10054	850	2020	299	3
12891	11	10071	670	2160	145	3
12891	12	10071	1110	2220	169	3
12891	13	10071	530	900	173	1
12901	1	22012	1110	1320	0	0
12901	2	22012	1290	1420	0	0
12901	3	22012	1450	1500	0	0
12901	4	21001	830	600	0	0
12901	5	21001	750	640	0	0
12901	6	24006	130	620	0	0
12901	7	17013	350	1280	0	0
12901	8	17013	90	1420	0	0
12901	9	18001	710	260	0	0
12901	10	18001	990	160	0	0
12901	11	18001	570	480	0	0
12901	12	24005	1450	940	0	0
12901	13	17227	70	1240	0	0
12901	14	19043	630	720	0	0
12911	1	15231	410	440	0	0
12911	2	15234	890	560	0	0
12911	3	15233	1090	640	0	0
12911	4	38020	1290	720	0	0
12911	5	38021	1330	720	0	0
12921	1	15049	290	340	0	0
12921	2	15050	450	340	0	0
12921	3	14259	270	800	0	0
12922	1	20001	250	320	0	0
12922	2	10006	210	360	0	0
12922	3	17104	1010	420	0	0
12922	4	17077	970	460	0	0
12922	5	17378	930	500	0	0
12923	1	20001	570	340	0	0
12923	2	11068	390	400	0	0
12923	3	11087	470	500	0	0
12923	4	11088	430	520	0	0
12923	5	11104	550	460	0	0
12923	6	11107	510	480	0	0
12924	1	20001	750	260	0	0
12924	2	14328	550	260	0	0
12924	3	14184	550	1180	0	0
12924	4	13028	310	720	0	0
12925	1	20001	750	260	0	0
12925	2	11067	550	260	0	0
12925	3	14092	310	720	0	0
12925	4	14031	550	1180	0	0
12926	1	20001	750	260	0	0
12926	2	13053	550	1180	0	0
12926	3	12016	310	720	0	0
12926	4	14030	550	260	0	0
12927	1	20001	730	260	0	0
12927	2	14169	550	1180	0	0
12927	3	12066	310	720	0	0
12927	4	11003	550	260	0	0
12928	1	20001	750	260	0	0
12928	2	13034	550	1180	0	0
12928	3	14017	310	720	0	0
12928	4	14366	550	260	0	0
12929	1	20001	770	260	0	0
12929	2	12087	550	1180	0	0
12929	3	13017	310	720	0	0
12929	4	11037	530	260	0	0
12929	5	15049	710	280	0	0
12930	1	20001	770	260	0	0
12930	2	14079	550	1180	0	0
12930	3	13038	310	720	0	0
12930	4	11044	530	260	0	0
12931	1	20001	770	260	0	0
12931	2	12033	550	1180	0	0
12931	3	14021	310	720	0	0
12931	4	12017	550	260	0	0
12932	1	20001	770	260	0	0
12932	2	11026	550	1180	0	0
12932	3	13005	310	720	0	0
12932	4	11018	550	260	0	0
12933	1	20001	770	260	0	0
12933	2	13014	550	1180	0	0
12933	3	12043	310	720	0	0
12933	4	14009	550	260	0	0
12934	1	20001	650	420	0	0
12934	2	13036	590	420	0	0
12934	3	13037	710	420	0	0
12934	4	15241	570	480	0	0
12934	5	15242	730	480	0	0
12934	6	15049	510	580	0	0
12934	7	15050	810	580	0	0
12934	8	27026	750	400	0	0
12935	1	20001	750	280	0	0
12935	2	12136	530	1180	0	0
12935	3	41167	310	720	0	0
12935	4	41002	530	260	0	0
12936	1	20001	750	280	0	0
12936	2	45001	530	1180	0	0
12936	3	45148	310	720	0	0
12936	4	45141	530	260	0	0
12937	1	20001	750	280	0	0
12937	2	45189	530	1180	0	0
12937	3	45130	310	720	0	0
12937	4	15171	530	260	0	0
12938	1	20001	750	280	0	0
12938	2	27003	530	260	0	0
12938	3	27009	310	720	0	0
12938	4	27121	530	1180	0	0
12939	1	20001	770	340	0	0
12939	2	27026	610	420	0	0
12939	3	13037	830	360	0	0
12939	4	15049	450	340	0	0
12941	1	38070	230	400	0	0
12942	1	38069	490	480	0	0
12942	2	38074	450	560	0	0
12942	3	38074	710	460	0	0
12942	4	38075	550	600	0	0
12942	5	38075	810	500	0	0
12942	6	38076	650	640	0	0
12942	7	38076	910	540	0	0
12942	8	38077	750	680	0	0
12942	9	38077	1010	580	0	0
12943	1	38068	750	220	0	0
12943	2	38069	710	200	0	0
12943	3	38070	790	240	0	0
12943	4	38071	630	220	0	0
12943	5	38073	590	240	0	0
12943	6	38072	550	260	0	0
12990	1	15027	1250	540	0	0
12990	2	15029	1250	480	0	0
12990	3	15030	1210	500	0	0
12990	4	15030	1290	520	0	0
12990	5	15027	1350	100	0	0
12990	6	15112	490	400	0	0
12990	7	15169	130	860	0	0
12990	8	16021	90	280	0	0
12990	9	38010	710	680	0	0
12990	10	38134	390	660	0	0
12990	11	20006	470	180	0	0
12991	1	10012	490	220	0	0
12991	2	10038	730	500	0	0
12991	3	15073	1190	540	0	0
12991	4	15076	210	380	0	0
12991	5	15077	290	360	0	0
12991	6	15079	190	320	0	0
12991	7	15081	350	360	0	0
12991	8	10038	550	440	0	0
12991	9	15075	130	360	0	0
12991	10	28007	50	880	0	0
12991	11	10205	450	180	0	0
12991	12	10205	530	180	0	0
12991	13	20001	1110	340	0	0
12991	14	10020	1030	340	0	0
12991	15	14259	1290	580	0	0
12991	16	16021	1150	860	0	0
12991	17	11016	30	560	0	0
12991	18	10003	830	260	0	0
12991	19	18033	110	880	0	0
12992	1	38050	450	420	0	0
12992	2	38044	570	1760	0	0
12992	3	38047	670	560	0	0
12992	4	38047	610	600	0	0
12992	5	38047	550	640	0	0
12992	6	38047	490	680	0	0
12992	7	38047	730	600	0	0
12992	8	38047	670	640	0	0
12992	9	38047	610	680	0	0
12992	10	38047	550	720	0	0
12992	11	16032	310	640	0	0
12992	12	16034	950	400	0	0
12992	13	16036	1310	1640	0	0
12992	14	16035	1070	1760	0	0
12992	15	38045	1350	1000	0	0
12992	16	38043	1230	900	0	0
12992	17	38043	1230	1000	0	0
12992	18	38043	1230	1100	0	0
12992	19	16042	290	1360	0	0
12992	20	16045	730	1400	0	0
13000	1	17041	1730	360	0	0
13001	1	17019	370	540	0	0
13001	2	17019	590	460	0	0
13001	3	15158	50	720	0	0
13001	4	11055	790	400	0	0
13001	5	15121	890	400	0	0
13001	6	15124	730	460	0	0
13001	7	15129	830	480	0	0
13001	8	16044	70	600	0	0
13001	9	15377	630	560	0	0
13001	10	11047	450	480	0	0
13001	11	17186	510	560	0	0
13001	12	17186	570	540	0	0
13001	13	17186	630	520	0	0
13001	14	15274	610	600	0	0
13001	15	15274	690	560	0	0
13001	16	17434	770	560	0	0
13001	17	17434	810	580	0	0
13001	18	17434	850	600	0	0
13001	19	17553	750	620	0	0
13001	20	17553	790	640	0	0
13001	21	17553	710	600	0	0
13001	22	17553	830	660	0	0
13001	23	17562	650	660	0	0
13001	24	17562	690	680	0	0
13001	25	17562	730	700	0	0
13002	1	14104	650	660	0	0
13002	2	15119	1150	1080	0	0
13002	3	16005	850	440	0	0
13002	4	11047	770	620	0	0
13003	1	17018	470	360	0	0
13003	2	17018	690	360	0	0
13003	3	14015	490	420	0	0
13003	4	14051	490	480	0	0
13003	5	19001	570	120	0	0
13003	6	11047	230	380	0	0
13003	7	11020	170	400	0	0
13003	8	19046	310	240	0	0
13003	9	19047	250	240	0	0
13003	10	19048	170	240	0	0
13003	11	19049	110	240	0	0
13003	12	27158	210	160	0	0
13004	1	14006	90	640	0	0
13004	2	15016	590	360	0	0
13004	3	15024	630	440	0	0
13004	4	15026	710	420	0	0
13004	5	11013	1090	440	0	0
13004	6	38010	250	540	0	0
13004	7	15351	810	220	0	0
13004	8	15369	670	320	0	0
13004	9	15078	790	400	0	0
13004	10	11167	810	300	0	0
13004	11	15423	410	520	0	0
13005	1	11047	670	300	0	0
13005	2	11053	590	300	0	0
13005	3	11026	730	420	0	0
13005	4	11060	730	340	0	0
13005	5	11063	670	460	0	0
13005	6	15213	610	460	0	0
13005	7	15204	550	460	0	0
13005	8	15351	530	300	0	0
13011	1	11050	390	600	0	0
13011	2	17017	550	540	0	0
13011	3	17017	390	480	0	0
13011	4	15158	910	700	0	0
13011	5	11047	490	640	0	0
13011	6	11034	430	520	0	0
13011	7	12043	310	720	0	0
13011	8	17040	610	560	0	0
13011	9	12049	250	740	0	0
13011	10	14570	490	460	0	0
13011	11	14256	270	580	0	0
13011	12	14528	310	580	0	0
13011	13	14570	130	680	0	0
13011	14	11047	170	640	0	0
13011	15	14569	90	660	0	0
13011	16	11021	270	540	0	0
13011	17	17353	230	560	0	0
13011	18	17353	310	520	0	0
13011	19	17353	430	640	0	0
13011	20	17353	350	620	0	0
13011	21	17353	430	580	0	0
13011	22	14568	270	640	0	0
13011	23	19032	350	540	0	0
13011	24	19032	350	540	0	0
13011	25	14114	510	600	0	0
13011	26	30006	550	620	0	0
13011	27	11047	450	520	0	0
13011	28	11063	390	540	0	0
13011	29	11037	390	600	0	0
13011	30	11187	450	620	0	0
13012	1	11018	430	220	0	0
13012	2	11040	550	260	0	0
13012	3	15015	650	340	0	0
13013	1	11013	290	340	0	0
13013	2	16017	470	580	0	0
13013	3	16013	310	600	0	0
13013	4	11076	650	340	0	0
13013	5	15237	230	360	0	0
13013	6	11050	130	420	0	0
13013	7	11036	190	480	0	0
13013	8	17184	150	520	0	0
13013	9	11047	30	280	0	0
13014	1	11047	830	380	0	0
13014	2	11036	610	340	0	0
13014	3	11020	490	560	0	0
13014	4	11021	690	600	0	0
13014	5	11071	770	620	0	0
13014	6	11016	330	520	0	0
13014	7	11001	410	540	0	0
13014	8	11039	850	640	0	0
13014	9	17001	810	680	0	0
13014	10	17001	770	720	0	0
13014	11	17001	730	760	0	0
13014	12	17001	290	560	0	0
13014	13	17001	250	600	0	0
13014	14	17001	210	640	0	0
13014	15	17015	370	580	0	0
13014	16	17015	330	620	0	0
13014	17	17015	730	660	0	0
13014	18	17015	690	700	0	0
13014	19	17016	450	600	0	0
13014	20	17016	410	640	0	0
13014	21	17016	370	680	0	0
13014	22	17016	650	640	0	0
13014	23	17016	610	680	0	0
13014	24	17016	570	720	0	0
13014	25	16021	130	160	0	0
13014	26	19001	910	300	0	0
13014	27	11060	730	280	0	0
13014	28	14342	730	380	0	0
13014	29	11053	910	380	0	0
13014	30	12039	670	440	0	0
13014	31	11026	850	440	0	0
13014	32	11050	610	480	0	0
13014	33	14569	650	500	0	0
13014	34	11063	730	320	0	0
13014	35	12092	790	460	0	0
13015	1	17190	490	360	0	0
13015	2	17190	690	360	0	0
13015	3	15081	1010	340	0	0
13015	4	11063	870	360	0	0
13015	5	14595	770	460	0	0
13015	6	14082	590	460	0	0
13015	7	11047	470	420	0	0
13015	8	11050	490	480	0	0
13015	9	11198	670	500	0	0
13016	1	15320	490	340	0	0
13016	2	11130	590	240	0	0
13017	1	17123	290	380	0	0
13017	2	17123	390	300	0	0
13017	3	11047	150	200	0	0
13017	4	12033	230	180	0	0
13017	5	12043	290	300	0	0
13017	6	12020	350	340	0	0
13017	7	17123	430	360	0	0
13017	8	14595	290	300	0	0
13017	9	11063	290	300	0	0
13017	10	11044	350	340	0	0
13017	11	11193	410	340	0	0
13017	12	11194	370	380	0	0
13018	1	11020	650	540	0	0
13018	2	17268	710	540	0	0
13018	3	17268	590	540	0	0
13018	4	19037	750	360	0	0
13019	1	19039	170	760	0	0
13019	2	19038	250	820	0	0
13019	3	11038	470	660	0	0
13019	4	11199	550	720	0	0
13019	5	17261	490	580	0	0
13019	6	17261	570	640	0	0
13019	7	17261	650	700	0	0
13021	1	10054	510	520	0	0
13021	2	16017	750	800	0	0
13021	3	15158	290	620	0	0
13021	4	16005	650	500	0	0
13022	1	15110	230	520	0	0
13022	2	15113	830	360	0	0
13022	3	16021	130	200	0	0
13022	4	16023	430	580	0	0
13022	5	38010	690	380	0	0
13022	6	14488	490	400	0	0
13022	7	15325	550	480	0	0
13022	8	15216	650	480	0	0
13022	9	15186	610	480	0	0
13022	10	15199	590	400	0	0
13022	11	40079	610	300	0	0
13022	12	40079	550	300	0	0
13022	13	40079	510	340	0	0
13022	14	40079	470	380	0	0
13022	15	40079	410	380	0	0
13022	16	40079	390	440	0	0
13022	17	40079	450	420	0	0
13022	18	40079	570	380	0	0
13022	19	12165	730	580	0	0
13023	1	17118	1290	720	93	3
13023	2	17118	450	640	131	3
13023	3	10099	330	320	0	0
13023	4	10100	330	200	0	0
13023	5	17118	190	280	0	0
13023	6	17118	250	320	0	0
13023	7	17118	370	260	0	0
13031	1	17003	390	480	0	0
13031	2	17003	610	540	0	0
13031	3	15158	70	460	0	0
13031	4	14101	630	440	0	0
13031	5	11040	430	520	0	0
13031	6	11041	490	540	0	0
13031	7	11020	750	580	0	0
13032	1	15126	410	100	0	0
13032	2	17001	670	260	0	0
13032	3	17001	510	220	0	0
13032	4	11026	690	100	0	0
13032	5	15018	750	480	0	0
13032	6	15035	330	560	0	0
13032	7	16023	130	180	0	0
13033	1	17012	1190	500	0	0
13033	2	17013	1190	560	0	0
13033	3	17014	1150	520	0	0
13041	1	16005	610	600	0	0
13041	2	17009	470	520	0	0
13041	3	14047	310	540	0	0
13041	4	14046	410	580	0	0
13041	5	11018	310	640	0	0
13041	6	15158	630	760	0	0
13042	1	11050	270	340	0	0
13042	2	15116	790	520	0	0
13042	3	16023	590	600	0	0
13042	4	19023	590	360	0	0
13043	1	10183	450	980	123	3
13043	2	10183	590	600	195	1
13043	3	10115	1130	980	122	3
13043	4	10115	990	640	147	3
13043	5	12020	410	280	0	0
13043	6	12037	470	300	0	0
13043	7	12038	350	300	0	0
13043	8	12043	230	320	0	0
13051	1	14181	1530	1020	0	0
13051	2	14248	1550	960	0	0
13051	3	14248	1470	1060	0	0
13051	4	11026	1230	1020	0	0
13051	5	17184	1490	120	0	0
13051	6	15158	350	340	0	0
13051	7	16021	1050	660	0	0
13051	8	16017	690	660	0	0
13051	9	16014	810	760	0	0
13051	10	15121	390	200	0	0
13051	11	15066	750	920	0	0
13051	12	16023	530	1120	0	0
13051	13	11098	390	820	0	0
13051	14	17166	1150	500	0	0
13051	15	11026	170	260	0	0
13061	1	14265	390	900	0	0
13061	2	17050	450	940	0	0
13061	3	17050	510	1000	0	0
13061	4	17050	310	900	0	0
13061	5	17050	230	880	0	0
13061	6	17050	290	800	0	0
13061	7	17050	250	840	0	0
13061	8	14263	190	580	0	0
13061	9	15011	530	400	0	0
13061	10	15089	1290	540	0	0
13061	11	15158	970	720	0	0
13061	12	10014	970	440	0	0
13061	13	10015	1010	480	0	0
13061	14	10010	910	460	0	0
13061	15	10208	810	480	0	0
13061	16	10208	870	500	0	0
13061	17	10208	930	520	0	0
13061	18	10208	990	540	0	0
13061	19	10208	1050	560	0	0
13061	20	14262	1470	500	0	0
13061	21	16023	350	300	0	0
13061	22	16043	230	380	0	0
13071	1	11037	1390	460	0	0
13071	2	11037	1390	460	0	0
13071	3	14402	1250	420	0	0
13071	4	17190	670	860	0	0
13071	5	17190	570	820	0	0
13071	6	17190	1190	1020	0	0
13071	7	17190	1310	1060	0	0
13071	8	11010	650	980	0	0
13071	9	17190	930	940	0	0
13071	10	11001	750	1160	0	0
13071	11	11016	910	1140	0	0
13071	12	11024	910	1040	0	0
13071	13	11021	990	1080	0	0
13071	14	11031	1070	1120	0	0
13071	15	11034	1150	1160	0	0
13071	16	11050	1230	1200	0	0
13071	17	11007	990	1180	0	0
13071	18	11027	1070	1220	0	0
13071	19	11071	830	1100	0	0
13071	20	11072	830	1200	0	0
13071	21	11155	910	1240	0	0
13071	22	11057	570	940	0	0
13071	23	11045	1550	520	0	0
13071	24	11040	1490	560	0	0
13071	25	11038	1610	500	0	0
13071	26	11058	250	1020	0	0
13071	27	11212	1130	440	0	0
13071	28	11213	1070	460	0	0
13071	29	11187	370	960	0	0
13071	30	11091	330	820	0	0
13071	31	11080	530	1040	0	0
13071	32	11210	450	1000	0	0
13071	33	11065	410	860	0	0
13071	34	11060	290	920	0	0
13071	35	11048	410	1100	0	0
13071	36	11066	330	1060	0	0
13071	37	11026	490	900	0	0
13101	1	20001	470	260	0	0
13101	2	14083	250	340	0	0
13102	1	20001	310	300	0	0
13102	2	14218	530	380	0	0
13103	1	20001	630	340	0	0
13103	2	11053	350	280	0	0
13104	1	20001	210	300	0	0
13104	2	14099	410	280	0	0
13104	3	11039	290	320	0	0
13104	4	11047	530	360	0	0
13104	5	11047	330	280	0	0
13104	6	11034	350	440	0	0
13104	7	12043	310	400	0	0
13104	8	11060	230	360	0	0
13104	9	17190	570	400	0	0
13104	10	14503	470	420	0	0
13104	11	11091	470	340	0	0
13104	12	11026	250	400	0	0
13105	1	20001	630	320	0	0
13105	2	11035	510	300	0	0
13105	3	11065	390	320	0	0
13105	4	15227	550	480	0	0
13106	1	20001	370	260	0	0
13106	2	14150	550	320	0	0
13106	3	11018	530	400	0	0
13107	1	20001	170	340	0	0
13107	2	11026	430	360	0	0
13108	1	20001	590	360	0	0
13108	2	15059	510	320	0	0
13108	3	11068	410	460	0	0
13108	4	11090	310	420	0	0
13108	5	10019	510	480	0	0
13108	6	11020	390	400	0	0
13108	7	11021	470	420	0	0
13109	1	20001	630	340	0	0
13109	2	11082	530	340	0	0
13109	3	11050	390	320	0	0
13109	4	10014	570	500	0	0
13110	1	11010	450	320	0	0
13110	2	11144	510	360	0	0
13110	3	11047	370	300	0	0
13110	4	11063	310	340	0	0
13110	5	12092	590	400	0	0
13111	1	11038	470	320	0	0
13112	1	11120	530	380	0	0
13113	1	19033	370	280	0	0
13113	2	14082	330	400	0	0
13113	3	11047	450	440	0	0
13113	4	11050	510	400	0	0
13114	1	11047	510	320	0	0
13114	2	11040	590	380	0	0
13114	3	11057	570	440	0	0
13114	4	11065	370	320	0	0
13114	5	11010	290	320	0	0
13114	6	14402	270	380	0	0
13114	7	15088	370	440	0	0
13114	8	27158	570	320	0	0
13114	9	17186	410	460	0	0
13114	10	17186	310	440	0	0
13114	11	15423	350	460	0	0
13114	12	11047	510	320	0	0
13115	1	11063	370	300	0	0
13115	2	17004	410	380	0	0
13131	1	20001	590	320	0	0
13131	2	14279	470	380	0	0
13132	1	20001	590	320	0	0
13132	2	11067	470	340	0	0
13133	1	20001	190	320	0	0
13133	2	11086	350	340	0	0
13133	3	15227	250	360	0	0
13133	4	11035	470	360	0	0
13133	5	17106	290	460	0	0
13133	6	17106	530	400	0	0
13134	1	20001	250	300	0	0
13134	2	14220	350	300	0	0
13135	1	20001	610	300	0	0
13135	2	15098	470	360	0	0
13136	1	20001	190	300	0	0
13136	2	14267	350	320	0	0
13136	3	14118	550	380	0	0
13136	4	14176	350	420	0	0
13137	1	20001	190	300	0	0
13137	2	14101	370	300	0	0
13138	1	20001	110	340	0	0
13138	2	14163	370	220	0	0
13139	1	12067	310	380	0	0
13139	2	11021	510	420	0	0
13139	3	12020	390	360	0	0
13140	1	14568	490	320	0	0
13141	1	11001	610	340	0	0
13142	1	15382	490	320	0	0
13142	2	11144	550	300	0	0
13143	1	19037	350	320	0	0
13143	2	19038	490	300	0	0
13143	3	19039	570	320	0	0
13143	4	19040	570	460	0	0
13143	5	19041	490	480	0	0
13151	1	19032	250	320	0	0
13151	2	19001	310	300	0	0
13151	3	11047	490	340	0	0
13151	4	14082	330	460	0	0
13151	5	19051	270	360	0	0
13151	6	11040	530	380	0	0
13151	7	11038	570	400	0	0
13151	8	14402	390	420	0	0
13151	9	17186	490	420	0	0
13171	1	20001	630	380	0	0
13171	2	15370	450	360	0	0
13171	3	15078	470	440	0	0
13171	4	11167	290	400	0	0
13171	5	41035	530	380	0	0
13172	1	20001	630	360	0	0
13172	2	15047	230	360	0	0
13172	3	14282	510	340	0	0
13172	4	11099	310	360	0	0
13173	1	20001	630	360	0	0
13173	2	12043	410	300	0	0
13173	3	12049	270	360	0	0
13173	4	19023	410	440	0	0
13174	1	20001	170	360	0	0
13174	2	15033	350	360	0	0
13175	1	20001	630	360	0	0
13175	2	11018	410	300	0	0
13176	1	20001	190	380	0	0
13176	2	15036	390	380	0	0
13176	3	14170	330	400	0	0
13177	1	20001	170	360	0	0
13177	2	11053	330	320	0	0
13178	1	20001	630	380	0	0
13178	2	15190	470	360	0	0
13178	3	11091	370	320	0	0
13179	1	20001	170	360	0	0
13179	2	14263	310	400	0	0
13180	1	20001	630	380	0	0
13180	2	12042	470	340	0	0
13180	3	15236	410	320	0	0
13180	4	12043	550	460	0	0
13181	1	20001	170	360	0	0
13181	2	14278	390	340	0	0
13182	1	20001	630	380	0	0
13182	2	14151	430	320	0	0
13183	1	12068	570	380	0	0
13183	2	11137	310	420	0	0
13184	1	12092	510	340	0	0
13184	2	17064	250	400	0	0
13185	1	11105	450	320	0	0
13201	1	16010	290	340	0	0
13202	1	16010	310	320	0	0
13203	1	16003	570	380	0	0
13221	1	16007	550	300	0	0
13222	1	16008	550	300	0	0
13223	1	16002	550	300	0	0
13224	1	16008	550	300	0	0
13241	1	16016	350	400	0	0
13241	2	11167	550	420	0	0
13241	3	15131	150	480	0	0
13241	4	11040	290	500	0	0
13241	5	11038	290	540	0	0
13241	6	17558	350	520	0	0
13241	7	17558	410	520	0	0
13241	8	17558	470	520	0	0
13242	1	16015	510	400	0	0
13242	2	10215	310	400	0	0
13242	3	10216	190	440	0	0
13242	4	14569	150	500	0	0
13242	5	14570	230	520	0	0
13242	6	12028	410	520	0	0
13243	1	15101	190	480	0	0
13243	2	16016	350	400	0	0
13244	1	16018	510	400	0	0
13244	2	10080	550	520	0	0
13245	1	15107	670	440	0	0
13245	2	16015	350	400	0	0
13246	1	16001	350	400	0	0
13261	1	16004	430	240	0	0
13262	1	16012	430	240	0	0
13263	1	16011	410	240	0	0
13281	1	16006	670	240	0	0
13281	2	14519	430	440	0	0
13281	3	11063	430	340	0	0
13282	1	16006	610	240	0	0
13282	2	15167	690	500	0	0
13282	3	11189	730	300	0	0
13282	4	11190	850	280	0	0
13283	1	11119	470	620	0	0
13283	2	11055	590	560	0	0
13283	3	11091	570	620	0	0
13283	4	11145	530	520	0	0
13283	5	11170	470	540	0	0
13283	6	11104	430	580	0	0
13283	7	19040	1210	440	0	0
13283	8	19041	1150	420	0	0
13284	1	16006	630	240	0	0
13284	2	11160	830	420	0	0
13284	3	11161	870	480	0	0
13301	1	14010	250	420	0	0
13301	2	17019	230	460	0	0
13301	3	17019	510	320	0	0
13301	4	14066	310	340	0	0
13301	5	14017	590	360	0	0
13301	6	14015	270	480	0	0
13301	7	14051	690	400	0	0
13301	8	14061	390	520	0	0
13301	9	14009	650	520	0	0
13302	1	19004	710	320	0	0
13302	2	19013	590	320	0	0
13302	3	19005	790	380	0	0
13302	4	19006	530	520	0	0
13302	5	19007	770	520	0	0
13302	6	19008	510	380	0	0
13302	7	19009	490	460	0	0
13302	8	10096	810	460	0	0
13302	9	19011	730	580	0	0
13302	10	19010	590	580	0	0
13302	11	19002	950	380	0	0
13303	1	11042	250	360	0	0
13303	2	11060	590	440	0	0
13303	3	11020	450	340	0	0
13303	4	11014	150	400	0	0
13303	5	11006	490	480	0	0
13303	6	11066	350	320	0	0
13303	7	11037	590	320	0	0
13303	8	17445	390	420	0	0
13303	9	11218	390	380	0	0
13303	10	11217	450	420	0	0
13304	1	11036	590	440	0	0
13304	2	17001	230	360	0	0
13304	3	17001	130	400	0	0
13304	4	17001	510	480	0	0
13304	5	17001	410	520	0	0
13304	6	11047	470	360	0	0
13304	7	11026	630	300	0	0
13304	8	11066	330	320	0	0
13304	9	11070	290	460	0	0
13305	1	17022	290	320	0	0
13305	2	17023	1090	260	0	0
13308	1	19001	650	200	0	0
13308	2	11047	830	200	0	0
13308	3	11024	510	320	0	0
13308	4	11050	530	360	0	0
13308	5	11053	570	380	0	0
13308	6	17123	610	400	0	0
13308	7	17123	690	400	0	0
13308	8	17123	730	380	0	0
13308	9	11060	770	360	0	0
13308	10	11018	790	320	0	0
13308	11	17190	350	300	0	0
13308	12	17190	330	340	0	0
13308	13	17190	310	380	0	0
13308	14	11053	950	300	0	0
13308	15	11060	970	340	0	0
13308	16	11066	990	380	0	0
13308	17	17190	250	560	0	0
13308	18	17190	1030	620	0	0
13308	19	15173	650	80	0	0
13308	20	17190	70	860	0	0
13308	21	17190	1210	840	0	0
13308	22	11065	1010	420	0	0
13308	23	17190	290	420	0	0
13308	24	19002	430	280	0	0
13308	25	19003	870	280	0	0
13308	26	11091	850	340	0	0
13308	27	11026	510	460	0	0
13308	28	11145	1030	460	0	0
13308	29	11170	1050	500	0	0
13308	30	11104	1070	540	0	0
13308	31	12033	610	520	0	0
13308	32	11050	850	440	0	0
13308	33	11060	590	460	0	0
13308	34	11053	550	460	0	0
13308	35	11020	790	420	0	0
13308	36	11036	910	420	0	0
13308	37	11021	790	500	0	0
13308	38	11031	910	500	0	0
13308	39	14082	90	700	0	0
13309	1	15088	1170	320	0	0
13309	2	15424	1310	380	0	0
13310	1	19001	650	200	0	0
13310	2	14402	650	360	0	0
13310	3	19050	530	300	0	0
13310	4	11040	530	420	0	0
13310	5	11038	590	420	0	0
13310	6	11212	710	400	0	0
13310	7	11213	770	400	0	0
13310	8	14373	650	500	0	0
13310	9	11058	710	500	0	0
13310	10	11057	590	500	0	0
13310	11	11065	770	500	0	0
13310	12	11017	530	500	0	0
13310	13	17186	790	820	0	0
13310	14	17186	790	760	0	0
13310	15	17186	790	700	0	0
13310	16	17186	510	820	0	0
13310	17	17186	510	760	0	0
13310	18	17186	510	700	0	0
13310	19	17186	190	580	0	0
13310	20	17190	450	600	0	0
13310	21	17190	450	660	0	0
13310	22	17190	850	600	0	0
13310	23	17190	850	660	0	0
13404	1	17446	790	300	0	0
13404	2	11047	810	480	0	0
13404	3	11040	770	440	0	0
13404	4	12017	710	380	0	0
13404	5	11021	810	380	0	0
13421	1	14061	710	540	0	0
13421	2	14074	550	560	0	0
13421	3	14014	750	480	0	0
13421	4	14025	630	540	0	0
13421	5	11036	370	600	0	0
13423	1	17046	1070	400	0	0
13424	1	20001	630	340	0	0
13424	2	11040	490	380	0	0
13424	3	17013	390	380	0	0
13425	1	20001	190	340	0	0
13425	2	17205	430	400	0	0
13426	1	20001	190	340	0	0
13426	2	11024	310	360	0	0
13426	3	14019	450	500	0	0
13426	4	14034	510	480	0	0
13426	5	14048	550	440	0	0
13426	6	14063	470	440	0	0
13431	1	14001	1130	800	0	0
13431	2	14050	1150	740	0	0
13431	3	14057	1150	860	0	0
13431	4	17011	1210	780	0	0
13431	5	14009	770	640	0	0
13431	6	17186	550	540	0	0
13431	7	14009	730	560	0	0
13431	8	12033	810	540	0	0
13431	9	12043	830	620	0	0
13431	10	12020	690	640	0	0
13431	11	15049	862	475	0	0
13433	1	17226	2830	480	0	0
13433	2	17226	2870	420	0	0
13433	3	17226	2870	540	0	0
13433	4	14101	2690	300	0	0
13435	1	14090	430	220	0	0
13435	2	17205	570	320	0	0
13435	3	14281	650	280	0	0
13435	4	17205	690	360	0	0
13435	5	14280	670	180	0	0
13435	6	17205	670	400	0	0
13435	7	17205	610	380	0	0
13436	1	17066	1330	1040	0	0
13436	2	11036	1430	860	0	0
13436	3	14028	1350	940	0	0
13436	4	14164	1270	900	0	0
13436	5	14165	1450	960	0	0
13436	6	17084	2050	520	156	3
13436	7	17084	530	920	177	3
13436	8	17167	890	640	213	3
13436	9	17167	2030	900	148	1
13437	1	14009	730	560	0	0
13437	2	14157	790	580	0	0
13437	3	14014	750	640	0	0
13444	1	20001	670	400	0	0
13444	2	12020	350	400	0	0
13444	3	12033	450	380	0	0
13444	4	12043	510	420	0	0
13445	1	20001	410	320	0	0
13445	2	13032	330	400	0	0
13445	3	13014	470	400	0	0
13446	1	20001	410	320	0	0
13446	2	11047	490	380	0	0
13446	3	11040	490	480	0	0
13446	4	11036	310	400	0	0
13446	5	17015	230	480	0	0
13447	1	20001	90	460	0	0
13447	2	14001	390	360	0	0
13447	3	14030	670	340	0	0
13447	4	14031	690	480	0	0
13447	5	14033	530	320	0	0
13447	6	14003	750	420	0	0
13447	7	14050	190	440	0	0
13447	8	14057	590	520	0	0
13447	9	14076	290	400	0	0
13447	10	14221	490	560	0	0
13447	11	17013	250	520	0	0
13448	1	20001	190	340	0	0
13448	2	14077	370	380	0	0
13449	1	20001	630	340	0	0
13449	2	11069	430	360	0	0
13451	1	10207	530	560	148	3
13451	2	10207	1110	780	141	1
13451	3	10022	1350	320	0	0
13451	4	11021	90	760	0	0
13451	5	10003	230	1080	0	0
13451	6	10006	250	1000	0	0
13451	7	10007	330	1040	0	0
13451	8	12011	250	280	0	0
13451	9	17066	1030	400	0	0
13451	10	14256	1090	380	0	0
13451	11	17066	1250	500	0	0
13451	12	14528	1150	380	0	0
13451	13	14568	1290	480	0	0
13451	14	14570	1290	680	0	0
13452	1	10022	990	1360	0	0
13452	2	20001	1110	240	0	0
13452	3	20001	1510	1860	0	0
13452	4	10010	1470	360	0	0
13452	5	10030	1450	480	0	0
13452	6	10021	1330	280	0	0
13452	7	10020	1410	300	0	0
13453	1	10208	950	600	166	3
13453	2	10209	590	880	180	3
13453	3	10209	2030	980	154	1
13453	4	10208	1330	880	136	1
13453	5	10022	1870	900	0	0
13453	6	10208	2250	320	0	0
13453	7	10208	2370	400	0	0
13454	1	10022	2110	520	0	0
13454	2	10208	2990	400	0	0
13454	3	10208	2990	540	0	0
13455	1	20001	450	280	0	0
13455	2	12016	550	320	0	0
13455	3	12011	610	340	0	0
13456	1	20001	630	340	0	0
13456	2	12027	570	320	0	0
13456	3	12056	450	380	0	0
13457	1	20001	410	320	0	0
13457	2	10006	490	400	0	0
13457	3	10209	390	380	0	0
13457	4	10209	330	400	0	0
13457	5	10209	270	420	0	0
13457	6	10209	570	440	0	0
13457	7	10209	450	500	0	0
13457	8	10209	510	460	0	0
13457	9	11021	490	440	0	0
13461	1	17205	290	520	0	0
13461	2	17205	350	560	0	0
13461	3	14004	390	480	0	0
13461	4	19001	890	580	0	0
13462	1	14005	890	380	0	0
13462	2	17205	810	440	0	0
13462	3	17205	770	400	0	0
13462	4	19001	1290	480	0	0
13463	1	17158	590	580	190	1
13463	2	17158	2590	840	204	1
13463	3	17160	2090	1080	158	3
13463	4	17160	1590	1560	133	1
13463	5	17161	1610	800	238	3
13463	6	17161	930	1020	204	3
13463	7	19001	2970	1400	0	0
13463	8	14020	2950	1520	0	0
13463	9	14019	2810	1500	0	0
13464	1	10001	1410	660	0	0
13464	2	10002	1350	580	0	0
13464	3	10003	1350	740	0	0
13464	4	38150	1170	420	0	0
13465	1	46027	550	740	173	3
13465	2	46027	1070	1640	181	3
13465	3	46027	430	2260	128	3
13465	4	46028	610	1660	199	1
13465	5	46028	970	580	177	3
13465	6	46028	1210	920	145	1
13471	1	17123	90	560	0	0
13471	2	17123	210	520	0	0
13472	1	14147	570	460	0	0
13472	2	14149	570	540	0	0
13472	3	14115	490	400	0	0
13472	4	14116	490	580	0	0
13472	5	11047	2910	480	0	0
13472	6	14412	2970	560	0	0
13472	7	14412	3030	560	0	0
13472	8	14412	3090	560	0	0
13473	1	17015	3590	500	0	0
13473	2	17015	3690	540	0	0
13473	3	11029	590	460	0	0
13473	4	11031	590	560	0	0
13473	5	11037	630	520	0	0
13473	6	14185	2010	420	0	0
13473	7	14245	1950	640	0	0
13473	8	14247	1830	640	0	0
13473	9	14079	1890	640	0	0
13474	1	11066	590	360	0	0
13474	2	11053	690	400	0	0
13474	3	11040	290	500	0	0
13474	4	11034	390	540	0	0
13474	5	11060	810	460	0	0
13474	6	11047	310	340	0	0
13474	7	20001	210	400	0	0
13474	8	11091	490	580	0	0
13474	9	11048	650	520	0	0
13474	10	15126	570	520	0	0
13474	11	15126	610	500	0	0
13474	12	15126	650	480	0	0
13474	13	11087	710	520	0	0
13474	14	14453	490	480	0	0
13474	15	11010	450	400	0	0
13474	16	11017	690	540	0	0
13474	17	11105	530	480	0	0
13474	18	11024	570	460	0	0
13475	1	11024	350	400	0	0
13475	2	17123	450	540	0	0
13475	3	17123	490	380	0	0
13475	4	17123	550	400	0	0
13475	5	17123	490	520	0	0
13475	6	17123	610	420	0	0
13475	7	17195	430	380	0	0
13475	8	17113	670	440	0	0
13476	1	11006	570	340	0	0
13477	1	17195	570	320	0	0
13477	2	11048	630	340	0	0
13478	1	14119	510	380	0	0
13478	2	11047	650	480	0	0
13479	1	12033	290	320	0	0
13479	2	12039	230	340	0	0
13479	3	12014	430	420	0	0
13480	1	14021	230	340	0	0
13481	1	11048	470	420	0	0
13482	1	14030	930	280	0	0
13482	2	14052	970	440	0	0
13482	3	14187	870	480	0	0
13482	4	11029	770	520	0	0
13482	5	14184	530	260	0	0
13482	6	14032	430	300	0	0
13482	7	11031	330	340	0	0
13482	8	14273	230	380	0	0
13482	9	20001	1010	320	0	0
13482	10	14412	710	280	0	0
13483	1	11036	810	2520	0	0
13483	2	37006	690	2520	0	0
13483	3	37006	610	2580	0	0
13483	4	37006	510	2640	0	0
13483	5	37006	350	2640	0	0
13483	6	37006	1350	2700	0	0
13483	7	37006	1230	2700	0	0
13483	8	37006	1330	2940	0	0
13483	9	37007	1250	320	0	0
13483	10	37007	1070	420	0	0
13483	11	37007	1530	420	0	0
13483	12	37007	1470	500	0	0
13483	13	37007	1390	600	0	0
13483	14	37007	1010	520	0	0
13483	15	37007	1350	740	0	0
13483	16	37007	1150	1140	0	0
13483	17	37007	750	920	0	0
13483	18	14079	1390	340	0	0
13483	19	11087	1190	380	0	0
13484	1	14274	390	520	0	0
13484	2	11024	590	480	0	0
13484	3	30002	330	680	0	0
13484	4	30002	390	760	0	0
13484	5	30002	810	480	0	0
13484	6	30002	870	540	0	0
13484	7	14455	1370	260	0	0
13484	8	11029	1250	340	0	0
13484	9	11031	1310	300	0	0
13484	10	11047	1450	280	0	0
13484	11	17123	1530	440	0	0
13491	1	11142	1290	440	0	0
13491	2	11047	1350	500	0	0
13491	3	11137	1210	460	0	0
13491	4	17092	1170	620	0	0
13491	5	11050	1370	560	0	0
13491	6	17092	1110	580	0	0
13491	7	11137	1130	600	0	0
13491	8	14585	1150	580	0	0
13496	1	11047	590	520	0	0
13496	2	17186	650	500	0	0
13496	3	17186	570	580	0	0
13496	4	15009	610	360	0	0
13501	1	20001	2310	1180	0	0
13501	2	20001	1210	380	0	0
13501	3	24001	1230	1100	0	0
13501	4	10162	470	1000	0	0
13501	5	10163	530	1040	0	0
13501	6	10164	470	1080	0	0
13501	7	19024	890	980	0	0
13501	8	19025	890	1060	0	0
13502	1	20001	1310	1640	0	0
13502	2	20001	230	2460	0	0
13502	3	20001	1490	1140	0	0
13502	4	24001	330	1700	0	0
13502	5	17208	890	1040	0	0
13502	6	11034	1350	1020	0	0
13502	7	14012	1410	920	0	0
13502	8	14009	1290	920	0	0
13502	9	14054	1350	960	0	0
13502	10	11072	1350	880	0	0
13502	11	14092	1470	960	0	0
13502	12	14183	1410	1000	0	0
13503	1	20001	230	560	0	0
13503	2	20001	2270	920	0	0
13503	3	20001	1050	1820	0	0
13503	4	20001	270	900	0	0
13503	5	24001	1370	1100	0	0
13503	6	14308	290	280	0	0
13503	7	17208	250	380	0	0
13503	8	17208	370	420	0	0
13503	9	17208	490	340	0	0
13503	10	17208	430	240	0	0
13503	11	11107	2250	1120	0	0
13503	12	15235	1970	940	0	0
13503	13	17437	1510	1820	0	0
13503	14	14256	1450	1820	0	0
13503	15	14527	1530	1760	0	0
13503	16	11047	1350	1740	0	0
13503	17	11045	1450	1680	0	0
13504	1	20001	1310	360	0	0
13504	2	10162	350	340	0	0
13504	3	10163	310	380	0	0
13504	4	10164	350	420	0	0
13505	1	20001	610	500	0	0
13505	2	12016	550	240	0	0
13506	1	20002	610	240	0	0
13506	2	19038	250	220	0	0
13506	3	15161	190	240	0	0
13506	4	15161	310	200	0	0
13506	5	11199	370	380	0	0
13506	6	17261	430	360	0	0
13506	7	17261	310	400	0	0
13507	1	20001	610	500	0	0
13507	2	20004	250	240	0	0
13511	1	20001	730	420	0	0
13512	1	20001	1390	1040	0	0
13513	1	20001	990	1840	0	0
13513	2	20001	2170	320	0	0
13513	3	10098	1270	1840	0	0
13513	4	17118	1190	1800	0	0
13513	5	17118	1190	1720	0	0
13513	6	17118	1190	1640	0	0
13513	7	17118	1190	1560	0	0
13513	8	17118	1130	1560	0	0
13513	9	17118	1130	1720	0	0
13513	10	17118	1130	1800	0	0
13513	11	17118	1130	1640	0	0
13513	12	17118	1350	1560	0	0
13513	13	17118	1350	1640	0	0
13513	14	17118	1350	1720	0	0
13513	15	17118	1350	1800	0	0
13513	16	17118	1410	1800	0	0
13513	17	17118	1410	1720	0	0
13513	18	17118	1410	1640	0	0
13513	19	17118	1410	1560	0	0
13514	1	20002	270	880	0	0
13514	2	20001	990	1860	0	0
13514	3	20001	2330	460	0	0
13514	4	11139	2090	300	0	0
13514	5	17126	2030	320	0	0
13514	6	17126	2150	320	0	0
13514	7	12040	2090	420	0	0
13514	8	11137	1970	400	0	0
13514	9	14325	2190	400	0	0
13514	10	11101	2030	480	0	0
13514	11	11100	2150	480	0	0
13514	12	11031	270	1060	0	0
13514	13	17342	210	1020	0	0
13514	14	17342	210	1100	0	0
13514	15	12040	450	1080	0	0
13514	16	11024	390	1000	0	0
13514	17	11102	530	1000	0	0
13514	18	11103	390	1160	0	0
13514	19	11067	530	1160	0	0
13519	1	20001	230	1220	0	0
13519	2	20001	1510	1840	0	0
13519	3	25061	570	1220	0	0
13519	4	25061	290	900	0	0
13519	5	25061	230	980	0	0
13519	6	25061	1430	300	0	0
13519	7	25061	1450	460	0	0
13519	8	25061	1090	1620	0	0
13519	9	25061	1050	1840	0	0
13519	10	10109	2450	240	0	0
13519	11	35001	310	1040	0	0
13519	12	10039	550	980	0	0
13519	13	35005	350	980	0	0
13519	14	35005	350	1100	0	0
13519	15	32001	1730	680	0	0
13520	1	40079	390	360	0	0
13520	2	40079	170	400	0	0
13520	3	40079	310	380	0	0
13520	4	40079	230	320	0	0
13520	5	40079	370	260	0	0
13520	6	40079	350	280	0	0
13520	7	40079	230	360	0	0
13520	8	40079	270	260	0	0
13520	9	40079	310	280	0	0
13520	10	40079	450	260	0	0
13520	11	40079	430	320	0	0
13520	12	40079	210	400	0	0
13520	13	40079	230	260	0	0
13520	14	40079	250	400	0	0
13520	15	40079	290	440	0	0
13520	16	40079	270	360	0	0
13520	17	40079	290	320	0	0
13520	18	40079	350	340	0	0
13520	19	40079	330	360	0	0
13520	20	40079	390	300	0	0
13520	21	15325	430	520	0	0
13521	1	10099	390	280	0	0
13521	2	10100	450	240	0	0
13521	3	10101	330	240	0	0
13521	4	17120	270	320	0	0
13521	5	17120	330	320	0	0
13521	6	17120	390	320	0	0
13521	7	17120	450	320	0	0
13521	8	17120	510	320	0	0
13521	9	15325	710	380	0	0
13521	10	40078	430	340	0	0
13521	11	40078	470	360	0	0
13521	12	40078	510	360	0	0
13521	13	40078	470	300	0	0
13521	14	40078	390	340	0	0
13521	15	40078	390	360	0	0
13521	16	40078	330	340	0	0
13521	17	40078	570	320	0	0
13521	18	40078	410	140	0	0
13521	19	40078	290	280	0	0
13521	20	40078	550	200	0	0
13521	21	40078	590	260	0	0
13521	22	40078	410	240	0	0
13521	23	40078	550	280	0	0
13521	24	40078	470	300	0	0
13521	25	40078	470	260	0	0
13521	26	40078	510	260	0	0
13521	27	40078	430	400	0	0
13521	28	40078	390	240	0	0
13521	29	40078	430	280	0	0
13522	1	20001	450	200	0	0
13523	1	20001	630	200	0	0
13523	2	15325	490	500	0	0
13523	3	15199	450	520	0	0
13523	4	12165	450	500	0	0
13523	5	40080	330	280	0	0
13523	6	40081	250	320	0	0
13523	7	40078	410	220	0	0
13523	8	40078	270	200	0	0
13523	9	40078	150	260	0	0
13523	10	40079	130	340	0	0
13523	11	40079	210	240	0	0
13523	12	40079	330	200	0	0
13524	1	20001	410	440	0	0
13524	2	11018	450	280	0	0
13524	3	14296	330	400	0	0
13524	4	11035	450	360	0	0
13524	5	11065	150	260	0	0
13524	6	14071	90	300	0	0
13525	1	20002	110	300	0	0
13526	1	20001	130	340	0	0
13527	1	20001	170	180	0	0
13528	1	20001	630	220	0	0
13528	2	25061	630	520	0	0
13528	3	25061	270	240	0	0
13528	4	25061	610	320	0	0
13541	1	25062	1950	300	0	0
13541	2	25062	2130	1840	0	0
13541	3	25062	2250	1840	0	0
13541	4	25062	3150	1620	0	0
13541	5	25062	2830	300	0	0
13542	1	25062	1090	1840	0	0
13542	2	25062	1250	1840	0	0
13542	3	25062	1250	300	0	0
13542	4	25062	2310	1740	0	0
13543	1	25062	1210	2280	0	0
13543	2	25062	2090	1560	0	0
13543	3	25062	2290	1560	0	0
13543	4	25062	2030	920	0	0
13543	5	25062	2210	1140	0	0
13543	6	25062	230	1020	0	0
13544	1	25085	1450	300	0	0
13544	2	25085	1310	300	0	0
13544	3	25085	1450	420	0	0
13544	4	25085	1150	1840	0	0
13544	5	25085	1490	1620	0	0
13544	6	25085	2330	1620	0	0
13544	7	25085	2270	1840	0	0
13544	8	25085	3150	1620	0	0
13544	9	25085	2690	1840	0	0
13544	10	25085	2810	320	0	0
13544	11	25085	2910	320	0	0
13544	12	25085	2290	300	0	0
13545	1	25062	1130	300	0	0
13545	2	25062	1270	1840	0	0
13545	3	25062	1490	1840	0	0
13545	4	25062	2170	1840	0	0
13545	5	25062	2710	1700	0	0
13545	6	25062	2710	1840	0	0
13545	7	25062	2890	320	0	0
13545	8	25062	1990	300	0	0
13561	1	14063	1130	280	0	0
13562	1	14060	2290	1680	0	0
13562	2	14043	2170	1580	0	0
13562	3	14009	2250	1600	0	0
13562	4	14058	2290	1540	0	0
13562	5	11047	2310	960	0	0
13562	6	11036	2190	940	0	0
13562	7	11040	2150	960	0	0
13562	8	35040	2050	1040	0	0
13562	9	15136	2270	980	0	0
13564	1	17142	1310	340	0	0
13564	2	17142	1210	340	0	0
13564	3	17141	1390	400	0	0
13564	4	17141	1130	400	0	0
13564	5	14028	1050	1680	0	0
13564	6	14020	1070	1620	0	0
13564	7	14009	1070	1740	0	0
13566	1	17207	210	1000	0	0
13566	2	14015	270	960	0	0
13566	3	11036	410	920	0	0
13566	4	19001	310	880	0	0
13571	1	24001	1370	460	0	0
13572	1	20002	150	480	0	0
13573	1	20002	630	520	0	0
13574	1	24001	1150	1500	0	0
13575	1	20002	150	300	0	0
13576	1	20001	170	220	0	0
13577	1	20001	590	340	0	0
13577	2	20002	390	180	0	0
13577	3	11021	490	300	0	0
13577	4	14015	390	360	0	0
13577	5	14167	490	420	0	0
13577	6	14166	390	260	0	0
13577	7	14173	270	340	0	0
13577	8	14174	350	460	0	0
13578	1	24001	1250	320	0	0
13579	1	20002	430	440	0	0
13580	1	20001	390	180	0	0
13581	1	20002	630	520	0	0
13582	1	20002	170	520	0	0
13583	1	24001	1370	460	0	0
13584	1	20002	370	200	0	0
13584	2	20001	130	340	0	0
13584	3	14009	370	360	0	0
13584	4	14039	390	260	0	0
13584	5	14042	370	480	0	0
13584	6	14041	470	320	0	0
13584	7	14043	470	420	0	0
13584	8	11047	230	340	0	0
13585	1	24001	530	1100	0	0
13586	1	20001	170	200	0	0
13587	1	20001	610	300	0	0
13587	2	14051	410	280	0	0
13587	3	14035	310	240	0	0
13587	4	14036	310	300	0	0
13587	5	11020	530	280	0	0
13588	1	20002	630	240	0	0
13801	1	17086	930	560	134	3
13801	2	17087	570	1060	179	3
13801	3	17087	950	1340	121	3
13801	4	17087	1270	1660	0	0
13801	5	17087	1190	1700	0	0
13801	6	17086	1370	1660	0	0
13801	7	17086	1130	1780	0	0
13801	8	17087	390	240	0	0
13801	9	17087	270	320	0	0
13801	10	14074	390	360	0	0
13801	11	14061	1210	1640	0	0
13801	12	14014	1310	1600	0	0
13801	13	14074	1270	1720	0	0
13802	1	17086	1610	1440	193	3
13802	2	17086	1210	1140	169	3
13802	3	17086	730	1400	227	1
13802	4	17087	1850	980	210	3
13802	5	17087	590	900	189	1
13802	6	17087	1070	660	247	3
13802	7	14025	2070	1700	0	0
13802	8	17087	2110	1620	0	0
13802	9	17087	1950	1680	0	0
13802	10	17086	2210	1680	0	0
13802	11	17086	1970	1780	0	0
13802	12	14014	2070	740	0	0
13802	13	17087	2010	700	0	0
13802	14	17087	2150	700	0	0
13803	1	13012	470	380	0	0
13803	2	13025	370	380	0	0
13803	3	13024	510	460	0	0
13803	4	13039	290	420	0	0
13804	1	46021	550	580	161	3
13804	2	46021	590	1500	193	3
13804	3	46021	1110	2100	184	3
13804	4	46022	1050	1460	208	3
13804	5	46022	650	1940	197	1
13804	6	46022	1250	580	137	3
13806	1	46023	610	620	163	1
13806	2	46023	1050	640	150	3
13806	3	46023	1570	900	156	1
13806	4	46024	2530	620	194	3
13806	5	46024	2110	600	187	1
13806	6	46024	2870	840	141	1
13811	1	17091	1110	640	246	3
13811	2	17091	570	660	221	3
13811	3	17091	690	1080	230	3
13811	4	17091	870	1660	168	3
13811	5	17092	1030	1020	251	3
13811	6	17092	1070	1340	213	3
13811	7	14064	1110	1820	0	0
13811	8	17205	1010	1800	0	0
13811	9	17205	1150	1760	0	0
13811	10	14101	1390	1880	0	0
13811	11	17254	270	1980	0	0
13811	12	17256	330	1940	0	0
13811	13	11158	370	2000	0	0
13811	14	11159	310	2040	0	0
13812	1	17091	810	580	154	1
13812	2	17091	650	980	189	3
13812	3	17091	590	1640	102	3
13812	4	17092	1110	1100	155	3
13812	5	17092	1110	1520	181	3
13812	6	19024	430	1480	0	0
13812	7	19025	350	1520	0	0
13812	8	14311	370	340	0	0
13812	9	14221	330	420	0	0
13812	10	14220	450	340	0	0
13821	1	17101	690	600	145	3
13821	2	17101	510	940	137	3
13821	3	17101	590	1800	187	3
13821	4	17101	1070	1740	190	1
13821	5	14248	1010	1180	99	3
13821	6	14248	530	2160	160	1
13821	7	12088	270	340	0	0
13821	8	12020	430	300	0	0
13821	9	12043	490	340	0	0
13821	10	11068	550	540	0	0
13822	1	46019	510	560	159	3
13822	2	46019	1630	920	146	3
13822	3	46019	1630	580	148	3
13822	4	46020	2010	840	173	3
13822	5	46020	1230	840	158	3
13822	6	46020	770	900	169	3
13831	1	17137	1510	640	237	3
13831	2	17131	670	680	277	3
13831	3	17131	1730	1300	312	1
13831	4	17137	1710	1960	289	1
13831	5	17131	1130	1120	165	3
13831	6	17137	610	1480	230	1
13831	7	10003	610	2240	0	0
13831	8	10079	510	2340	0	0
13831	9	10161	510	2180	0	0
13831	10	11042	290	1940	0	0
13831	11	11036	630	2100	0	0
13831	12	11014	590	2160	0	0
13831	13	11083	670	2040	0	0
13831	14	12033	550	1940	0	0
13831	15	12043	610	1960	0	0
13831	16	12020	490	1920	0	0
13832	1	14114	1430	1020	0	0
13832	2	18012	390	380	0	0
13832	3	18011	750	580	0	0
13832	4	18012	1230	740	0	0
13832	5	18011	1050	1020	0	0
13832	6	11066	330	180	0	0
13832	7	14464	370	1180	0	0
13832	8	14463	310	1140	0	0
13832	9	14461	270	1080	0	0
13832	10	14462	290	1000	0	0
13832	11	12016	410	900	0	0
13832	12	12037	530	1100	0	0
13832	13	12038	590	1040	0	0
13832	14	12056	330	860	0	0
13832	15	12057	470	1000	0	0
13841	1	17130	2710	740	332	3
13841	2	17130	510	900	202	3
13841	3	17130	1250	500	178	3
13841	4	17136	1530	840	224	3
13841	5	17136	1050	900	201	3
13841	6	12033	270	1060	0	0
13841	7	10207	250	1120	0	0
13841	8	12042	310	1180	0	0
13841	9	12011	410	1140	0	0
13841	10	12014	330	980	0	0
13841	11	12039	450	1000	0	0
13842	1	30002	1090	1160	0	0
13842	2	10028	1110	1040	0	0
13842	3	10010	1230	1180	0	0
13842	4	11050	1310	1020	0	0
13842	5	11082	1410	1060	0	0
13842	6	10207	2310	1200	0	0
13842	7	12033	2330	1120	0	0
13842	8	12027	2230	980	0	0
13842	9	12043	2310	1040	0	0
13842	10	12020	2190	1180	0	0
13842	11	11047	2010	940	0	0
13842	12	12066	2110	1120	0	0
13842	13	11050	1970	1000	0	0
13842	14	11100	2090	820	0	0
13843	1	10002	350	360	0	0
13843	2	10104	410	300	0	0
13843	3	10106	410	420	0	0
13844	1	46017	1910	860	174	3
13844	2	46017	1210	540	157	1
13844	3	46017	530	700	171	3
13844	4	46018	1010	920	150	3
13844	5	46018	1490	880	146	1
13844	6	46018	2050	500	141	1
13851	1	17095	1790	620	110	3
13851	2	17095	1290	920	103	3
13851	3	17095	590	880	218	3
13851	4	10175	2170	340	0	0
13851	5	10175	2310	400	0	0
13851	6	11001	2090	520	0	0
13852	1	17096	710	620	110	1
13852	2	17096	890	940	133	3
13852	3	17095	1210	840	157	1
13852	4	17095	470	940	164	3
13852	5	17095	1170	560	182	3
13852	6	10007	1830	940	0	0
13852	7	17096	1910	940	0	0
13852	8	17096	1810	880	0	0
13852	9	17096	1910	1040	0	0
13852	10	17096	1690	940	0	0
13854	1	17095	950	480	165	1
13854	2	17095	630	740	175	3
13854	3	17096	490	420	120	3
13856	1	12054	390	320	0	0
13856	2	11025	310	340	0	0
13857	1	46013	610	680	179	3
13857	2	46013	650	2080	181	3
13857	3	46013	1070	1200	194	1
13857	4	46014	1070	740	203	3
13857	5	46014	1070	1720	192	3
13857	6	46014	650	1740	130	3
13861	1	17099	1730	1320	178	1
13861	2	17099	1210	1480	166	3
13861	3	17099	1970	780	185	3
13861	4	17100	550	920	171	3
13861	5	17100	750	1360	204	3
13861	6	17100	670	580	106	1
13861	7	11047	1090	980	0	0
13861	8	11042	1210	960	0	0
13861	9	11035	950	960	0	0
13861	10	14297	950	1140	0	0
13861	11	14298	1070	1160	0	0
13861	12	17123	1210	1100	0	0
13871	1	17097	1750	1400	186	1
13871	2	17097	1250	1480	167	1
13871	3	17097	610	1460	215	1
13871	4	17097	730	660	161	1
13871	5	17098	1490	540	153	3
13871	6	17098	1570	1020	190	3
13871	7	17098	930	1180	203	1
13871	8	14081	2110	1720	0	0
13871	9	14082	2190	1760	0	0
13871	10	14045	870	820	0	0
13871	11	17097	790	820	0	0
13871	12	17097	910	760	0	0
13871	13	15097	2190	1640	0	0
13871	14	14019	2130	1560	0	0
13871	15	14034	1990	1640	0	0
13871	16	17206	2030	1560	0	0
13871	17	17206	1890	1700	0	0
13871	18	17206	1990	1800	0	0
13872	1	17206	490	460	0	0
13872	2	11025	210	340	0	0
13872	3	14017	310	300	0	0
13872	4	14065	370	340	0	0
13872	5	14068	330	400	0	0
13872	6	14011	390	380	0	0
13872	7	14027	390	440	0	0
13873	1	46015	570	620	179	3
13873	2	46015	1110	1540	161	1
13873	3	46015	1170	600	138	3
13873	4	46016	510	960	137	3
13873	5	46016	1170	960	153	3
13873	6	46016	850	1040	124	3
13881	1	17104	530	680	164	3
13881	2	17104	1910	900	161	3
13881	3	17104	2350	900	160	3
13881	4	17104	4510	980	157	3
13881	5	17105	4490	600	172	3
13881	6	17105	1930	540	154	1
13881	7	17105	2290	540	152	1
13881	8	17105	910	900	159	3
13882	1	14175	450	400	0	0
13883	1	11024	550	340	0	0
13883	2	11047	590	360	0	0
13883	3	11040	450	380	0	0
13883	4	11001	430	440	0	0
13884	1	19023	530	480	0	0
13884	2	14016	450	360	0	0
13884	3	14018	350	400	0	0
13884	4	17104	1230	560	149	3
13884	5	17104	1170	1600	159	3
13884	6	17104	610	1120	173	3
13884	7	17105	630	1540	181	3
13884	8	17105	1050	1200	172	3
13884	9	17105	930	800	158	3
13885	1	17106	1210	580	161	1
13885	2	17106	510	880	156	3
13885	3	17106	1170	2240	167	1
13885	4	17106	590	1640	192	3
13885	5	17107	1050	1820	167	3
13885	6	17107	590	2160	189	3
13885	7	17107	910	860	142	3
13885	8	17107	1130	1400	159	3
13885	9	11001	1450	320	0	0
13885	10	11047	1470	380	0	0
13885	11	14530	1310	400	0	0
13885	12	14531	1410	460	0	0
13885	13	11083	1410	340	0	0
13885	14	11042	1530	420	0	0
13885	15	12017	1370	520	0	0
13885	16	12028	1430	560	0	0
13885	17	14257	1310	480	0	0
13886	1	17605	1010	2040	225	1
13886	2	17606	610	1680	161	3
13886	3	17605	1150	880	139	1
13886	4	17605	650	740	153	3
13886	5	17606	990	700	117	3
13886	6	17606	550	1020	140	3
13886	7	11150	430	2420	0	0
13886	8	11147	910	1300	0	0
13886	9	11065	310	220	0	0
13886	10	12017	250	2200	0	0
13886	11	11047	490	2400	0	0
13886	12	11047	950	1340	0	0
13886	13	12017	870	1400	0	0
13886	14	12017	410	360	0	0
13886	15	11047	250	240	0	0
13886	16	11021	250	300	0	0
13886	17	11040	370	240	0	0
13886	18	11077	1470	300	0	0
13886	19	12017	1270	320	0	0
13886	20	11047	1350	520	0	0
13886	21	11165	1330	460	0	0
13886	22	11164	1370	480	0	0
13886	23	11147	1410	500	0	0
13886	24	11157	1310	540	0	0
13886	25	11176	1350	560	0	0
13886	26	11138	1390	580	0	0
13886	27	11173	350	2260	0	0
13886	28	11151	290	2300	0	0
13886	29	11152	430	2260	0	0
13886	30	11155	610	2360	0	0
13886	31	11038	570	2240	0	0
13886	32	11041	550	2380	0	0
13891	1	17102	1090	900	144	3
13891	2	17102	1990	960	165	3
13891	3	17102	490	960	154	1
13891	4	17103	1130	540	146	3
13891	5	17103	2070	580	156	3
13891	6	17103	1590	540	137	3
13892	1	17102	570	960	122	1
13892	2	17102	1410	860	156	3
13892	3	17102	1990	980	149	1
13892	4	17103	2050	580	163	1
13892	5	17103	1230	520	159	3
13892	6	17103	1030	1000	95	3
13892	7	10177	390	740	0	0
13892	8	10063	330	780	0	0
13892	9	10064	470	720	0	0
13893	1	46025	710	580	177	3
13893	2	46025	1030	920	156	3
13893	3	46025	2010	500	145	1
13893	4	46026	1750	860	164	1
13893	5	46026	2890	560	158	3
13893	6	46026	2850	900	137	3
13990	1	14260	90	280	0	0
13990	2	14153	810	860	0	0
13990	3	14007	730	340	0	0
13990	4	17205	670	260	0	0
13990	5	17205	1010	380	0	0
13990	6	17205	470	400	0	0
13990	7	17205	810	520	0	0
13990	8	15101	950	260	0	0
13990	9	15058	1010	280	0	0
13990	10	14215	190	900	0	0
13990	11	14064	110	900	0	0
13990	12	17206	70	840	0	0
13990	13	17206	50	940	0	0
14000	1	10021	30	80	0	0
14001	1	17004	470	540	0	0
14001	2	17004	590	500	0	0
14001	3	14036	670	540	0	0
14001	4	15158	270	620	0	0
14001	5	16041	330	600	0	0
14001	6	12017	530	600	0	0
14001	7	11047	750	620	0	0
14001	8	11063	810	600	0	0
14001	9	11024	690	640	0	0
14001	10	11021	810	640	0	0
14001	11	11031	750	660	0	0
14001	12	12028	490	640	0	0
14001	13	11077	450	660	0	0
14002	1	15125	890	520	0	0
14002	2	16013	730	180	0	0
14002	3	38010	850	720	0	0
14002	4	11142	430	640	0	0
14002	5	11191	370	700	0	0
14003	1	15111	550	480	0	0
14003	2	12017	730	340	0	0
14003	3	14529	30	80	0	0
14003	4	14532	70	80	0	0
14011	1	15216	450	560	0	0
14011	2	15158	410	360	0	0
14011	3	16005	490	340	0	0
14011	4	15136	1230	380	0	0
14101	1	20001	250	340	0	0
14101	2	14200	310	400	0	0
14101	3	15264	290	460	0	0
14102	1	14257	370	300	0	0
14102	2	14536	490	340	0	0
14102	3	14529	330	380	0	0
14102	4	12017	590	420	0	0
14102	5	11077	290	500	0	0
14103	1	11021	490	300	0	0
14103	2	11142	530	360	0	0
14103	3	20004	650	340	0	0
14131	1	20001	330	280	0	0
14131	2	15123	310	360	0	0
14132	1	20001	590	280	0	0
14132	2	14169	510	340	0	0
14171	1	20001	310	280	0	0
14171	2	14065	550	380	0	0
14172	1	20001	270	260	0	0
14172	2	14023	330	360	0	0
14173	1	20001	590	300	0	0
14173	2	14113	490	360	0	0
14173	3	14200	550	480	0	0
14174	1	20001	530	320	0	0
14174	2	15327	250	300	0	0
14174	3	14583	590	400	0	0
14201	1	16010	370	340	0	0
14221	1	16008	430	240	0	0
14241	1	16018	350	400	0	0
14241	2	15114	590	500	0	0
14261	1	16004	410	240	0	0
14281	1	16006	650	240	0	0
14281	2	14113	430	440	0	0
14281	3	14200	550	420	0	0
14301	1	20001	510	340	0	0
14301	2	17003	390	360	0	0
14301	3	17003	290	380	0	0
14301	4	17003	170	440	0	0
14301	5	17003	490	580	0	0
14301	6	17003	590	540	0	0
14301	7	17003	710	500	0	0
14301	8	14066	570	420	0	0
14301	9	14009	490	400	0	0
14403	1	17446	570	480	0	0
14403	2	17446	730	520	0	0
14403	3	11040	730	260	0	0
14403	4	11024	850	280	0	0
14403	5	12017	530	600	0	0
14403	6	11040	610	520	0	0
14403	7	11077	510	540	0	0
14403	8	17442	630	600	0	0
14403	9	11024	650	540	0	0
14403	10	17438	750	540	0	0
14403	11	17438	530	480	0	0
14403	12	17438	530	240	0	0
14403	13	17438	1010	360	0	0
14403	14	14257	730	300	0	0
14403	15	11047	690	600	0	0
14404	1	17446	1510	420	0	0
14404	2	17446	1410	340	0	0
14404	3	11047	1350	340	0	0
14404	4	11024	1390	380	0	0
14404	5	11040	1350	400	0	0
14404	6	11036	1290	340	0	0
14404	7	12017	1230	400	0	0
14404	8	14257	1170	380	0	0
14404	9	12028	1250	460	0	0
14404	10	17445	1150	420	0	0
14404	11	17445	1190	460	0	0
14404	12	17446	1330	440	0	0
14404	13	12017	410	440	0	0
14404	14	14257	490	480	0	0
14411	1	14256	590	280	0	0
14411	2	14257	530	300	0	0
14412	1	12028	290	340	0	0
14423	1	27004	270	520	0	0
14423	2	40045	430	520	0	0
14424	1	15166	590	440	0	0
14424	2	14585	330	280	0	0
14425	1	20001	330	340	0	0
14425	2	14270	530	380	0	0
14431	1	17030	950	480	159	1
14431	2	17030	830	340	211	3
14431	3	17030	670	300	155	3
14431	4	17030	1210	560	194	1
14431	5	17030	1350	860	133	1
14431	6	14051	290	180	0	0
14431	7	20001	230	140	0	0
14431	8	14015	210	200	0	0
14441	1	11013	1450	340	0	0
14441	2	17340	370	280	0	0
14441	3	17340	290	320	0	0
14441	4	11050	1370	400	0	0
14441	5	11047	1410	380	0	0
14441	6	14257	1290	240	0	0
14441	7	14582	1390	240	0	0
14441	8	12017	1190	260	0	0
14441	9	14587	1370	220	0	0
14441	10	14586	1430	220	0	0
14441	11	17066	1350	200	0	0
14441	12	17069	1410	180	0	0
14441	13	14529	1270	220	0	0
14441	14	14532	1290	200	0	0
14441	15	14533	1250	200	0	0
14441	16	14534	1310	180	0	0
14441	17	11077	1150	240	0	0
14441	18	12028	1210	220	0	0
14441	19	17498	1130	200	0	0
14441	20	17497	1170	200	0	0
14441	21	17092	1130	360	0	0
14441	22	17092	1170	400	0	0
14441	23	17092	1210	440	0	0
14441	24	11047	890	480	0	0
14441	25	11050	950	440	0	0
14441	26	17260	830	440	0	0
14441	27	17260	890	420	0	0
14441	28	17260	950	400	0	0
14441	29	17260	850	400	0	0
14441	30	17260	910	380	0	0
14441	31	12017	730	240	0	0
14441	32	12028	790	220	0	0
14441	33	11149	850	280	0	0
14441	34	11143	850	320	0	0
14441	35	11099	910	320	0	0
14441	36	11151	730	320	0	0
14441	37	11152	730	360	0	0
14441	38	11138	790	360	0	0
14441	39	11139	770	400	0	0
14501	1	20001	1050	960	0	0
14501	2	20001	3130	920	0	0
14501	3	20002	210	2460	0	0
14501	4	20002	2170	1780	0	0
14501	5	10210	2810	880	0	0
14501	6	10240	3050	860	0	0
14501	7	15224	3030	880	0	0
14501	8	14583	2730	1120	0	0
14502	1	20002	650	260	0	0
14502	2	20001	1130	260	0	0
14502	3	10177	1410	260	0	0
14502	4	10066	1470	300	0	0
14502	5	15323	1450	320	0	0
14502	6	14583	1150	500	0	0
14503	1	20001	1530	1880	0	0
14503	2	17190	2070	1060	0	0
14503	3	14067	1750	1080	0	0
14504	1	20001	1450	260	0	0
14504	2	14581	1090	340	0	0
14504	3	17435	1050	320	0	0
14504	4	14582	1150	300	0	0
14504	5	11024	1230	400	0	0
14504	6	17438	1190	320	0	0
14505	1	20001	2310	900	0	0
14505	2	14579	2310	1140	0	0
14505	3	14580	2230	1160	0	0
14505	4	17066	2330	1060	0	0
14506	1	20001	270	900	0	0
14506	2	10167	2290	880	0	0
14506	3	10063	2230	900	0	0
14506	4	10064	2290	940	0	0
14506	5	14583	1950	1140	0	0
14508	1	20001	310	220	0	0
14522	1	20001	2290	1140	0	0
14524	1	20002	2950	260	0	0
14525	1	20001	230	580	0	0
14525	2	14010	310	260	0	0
14525	3	17206	370	280	0	0
14525	4	17206	310	320	0	0
14527	1	20001	190	400	0	0
14528	1	20001	1490	240	0	0
14531	1	20001	1330	240	0	0
14532	1	20001	1470	520	0	0
14533	1	20001	170	320	0	0
14541	1	20002	2030	360	0	0
14541	2	20002	1870	1840	0	0
14541	3	20002	230	2500	0	0
14541	4	20001	1130	260	0	0
14541	5	20001	3110	940	0	0
14541	6	20001	2270	2200	0	0
14541	7	24001	1370	1120	0	0
14541	8	25082	1450	300	0	0
14541	9	25082	1950	2220	0	0
14541	10	25082	2790	940	0	0
14541	11	25082	2310	1620	0	0
14541	12	25082	2270	1840	0	0
14542	1	24001	1370	1760	0	0
14542	2	20001	250	1220	0	0
14542	3	20001	2290	280	0	0
14542	4	20001	2290	2440	0	0
14542	5	20002	1050	3120	0	0
14542	6	20002	2270	1780	0	0
14542	7	20002	1470	280	0	0
14542	8	25083	210	1060	0	0
14542	9	25083	2010	300	0	0
14542	10	25083	1150	300	0	0
14542	11	25083	1990	1580	0	0
14542	12	25083	1330	3120	0	0
14542	13	25083	2210	2220	0	0
14542	14	25083	510	940	0	0
14543	1	20002	310	900	0	0
14543	2	20002	3130	1800	0	0
14543	3	20002	2290	280	0	0
14543	4	20002	1050	2440	0	0
14543	5	20001	2330	2480	0	0
14543	6	20001	3110	1160	0	0
14543	7	20001	1150	260	0	0
14543	8	24001	2210	1760	0	0
14543	9	25084	1450	300	0	0
14543	10	25084	2010	300	0	0
14543	11	25084	2770	1580	0	0
14543	12	25084	2990	1580	0	0
14543	13	25084	2810	920	0	0
14543	14	25084	1930	2480	0	0
14543	15	25084	210	1080	0	0
14543	16	14064	3110	900	0	0
14543	17	17125	3050	920	0	0
14543	18	17125	3110	960	0	0
14544	1	20002	2330	2520	0	0
14544	2	20002	250	1880	0	0
14544	3	20002	2270	320	0	0
14544	4	20001	3150	1220	0	0
14544	5	20001	1490	2520	0	0
14544	6	24001	1370	1800	0	0
14544	7	25085	370	1620	0	0
14544	8	25085	2790	980	0	0
14544	9	25085	2050	2520	0	0
14544	10	25085	1050	2400	0	0
14544	11	25085	2290	480	0	0
14545	1	20002	190	1020	0	0
14545	2	20002	2270	960	0	0
14545	3	20002	2290	2460	0	0
14545	4	20002	210	2340	0	0
14545	5	20001	1030	3120	0	0
14545	6	20001	2310	1720	0	0
14545	7	20001	1470	280	0	0
14545	8	24001	1370	1760	0	0
14545	9	25086	1210	300	0	0
14545	10	25086	2090	1160	0	0
14545	11	25086	2030	1580	0	0
14545	12	25086	2030	2220	0	0
14545	13	25086	2190	2220	0	0
14545	14	25086	530	2220	0	0
14545	15	25086	1490	2900	0	0
14552	1	25091	570	220	0	0
14552	2	25091	610	260	0	0
14554	1	20001	170	300	0	0
14556	1	20001	170	260	0	0
14557	1	20001	310	200	0	0
14558	1	20002	310	260	0	0
14558	2	17208	370	260	0	0
14558	3	14017	230	360	0	0
14558	4	14010	230	480	0	0
14558	5	14007	370	540	0	0
14558	6	14041	530	360	0	0
14558	7	14042	530	480	0	0
14558	8	14169	370	380	0	0
14559	1	25092	190	520	0	0
14559	2	25092	170	460	0	0
14559	3	14583	210	220	0	0
14561	1	20001	610	300	0	0
14563	1	20001	230	180	0	0
14564	1	20001	630	340	0	0
14565	1	20002	410	260	0	0
14565	2	14067	630	240	0	0
14565	3	17124	570	260	0	0
14565	4	17124	630	300	0	0
14566	1	35013	450	360	0	0
14571	1	40046	2810	960	0	0
14571	2	40046	1850	980	0	0
14571	3	40046	970	980	0	0
14571	4	40046	370	960	0	0
14572	1	27004	210	240	0	0
14574	1	40046	610	200	0	0
14575	1	40046	650	520	0	0
14579	1	40046	230	200	0	0
14581	1	40046	150	520	0	0
14583	1	40048	330	300	0	0
14583	2	40049	330	420	0	0
14583	3	40047	410	340	0	0
14583	4	40047	410	380	0	0
14583	5	27004	690	300	0	0
14583	6	27003	750	340	0	0
14583	7	40047	410	420	0	0
14585	1	20001	590	200	0	0
14586	1	20001	650	220	0	0
14587	1	20001	210	1200	0	0
14588	1	20001	1930	240	0	0
14588	2	20002	2990	2500	0	0
14588	3	20001	3230	900	0	0
14588	4	20001	190	1860	0	0
14588	5	20001	2350	3140	0	0
14589	1	20001	630	520	0	0
14590	1	20001	630	220	0	0
14591	1	20001	250	220	0	0
14592	1	20001	190	1200	0	0
14593	1	20001	270	540	0	0
14593	2	20001	230	1840	0	0
14593	3	20001	2270	900	0	0
14594	1	20001	630	520	0	0
14595	1	20001	630	240	0	0
14596	1	20001	230	560	0	0
14598	1	20001	610	220	0	0
14601	1	20002	550	260	0	0
14602	1	20001	1030	340	0	0
14603	1	20001	410	180	0	0
14604	1	20001	170	340	0	0
14605	1	20002	1290	380	0	0
14606	1	20001	410	420	0	0
14607	1	20001	190	280	0	0
14608	1	20001	610	520	0	0
14609	1	20001	610	240	0	0
14610	1	15156	2030	300	0	0
14610	2	23001	1970	200	0	0
14610	3	40072	2210	320	0	0
14610	4	40072	2210	400	0	0
14610	5	40073	1850	320	0	0
14610	6	40073	1850	400	0	0
14611	1	20001	610	500	0	0
14612	1	17210	350	1140	0	0
14612	2	17210	510	1140	0	0
14613	1	20001	610	520	0	0
14613	2	14066	290	520	0	0
14613	3	14009	290	420	0	0
14613	4	14017	210	420	0	0
14613	5	14200	210	520	0	0
14614	1	15050	1410	340	0	0
14615	1	12059	850	80	0	0
14618	1	12059	850	760	0	0
14618	2	40072	550	880	0	0
14618	3	40073	1110	720	0	0
14618	4	40072	750	640	0	0
14618	5	40073	690	640	0	0
14618	6	40074	530	680	0	0
14618	7	40072	490	620	0	0
14618	8	40072	430	660	0	0
14619	1	12059	1510	260	0	0
14620	1	40106	430	320	0	0
14620	2	40111	1210	1480	0	0
14620	3	40111	1290	1480	0	0
14621	1	15156	230	340	0	0
14621	2	40111	1030	960	0	0
14621	3	40111	1030	1040	0	0
14622	1	40111	1750	2220	0	0
14622	2	40111	1750	2300	0	0
14623	1	40111	470	780	0	0
14623	2	40111	370	780	0	0
14625	1	40111	350	320	0	0
14625	2	40111	350	460	0	0
14627	1	40111	1010	320	0	0
14627	2	40111	1010	380	0	0
14629	1	40111	370	660	0	0
14629	2	40111	470	660	0	0
14630	1	40111	1230	340	0	0
14630	2	40111	1230	440	0	0
14631	1	40108	150	520	0	0
14631	2	40109	310	260	0	0
14631	3	40109	310	260	0	0
14632	1	15156	270	1580	0	0
14632	2	10214	1130	1580	0	0
14632	3	10214	1070	1640	0	0
14632	4	10214	1130	1700	0	0
14632	5	10214	1190	520	0	0
14632	6	10214	1290	520	0	0
14632	7	10214	2050	1580	0	0
14632	8	10214	2130	1580	0	0
14632	9	10214	2870	500	0	0
14632	10	10214	2970	500	0	0
14632	11	40111	2030	1060	0	0
14632	12	40111	2110	1060	0	0
14634	1	40134	1050	200	0	0
14634	2	15156	1050	200	0	0
14635	1	15156	250	1140	0	0
14636	1	40106	2170	940	0	0
14636	2	40129	2430	780	0	0
14637	1	43049	370	2580	0	0
14637	2	43049	490	2580	0	0
14637	3	43050	430	2620	0	0
14637	4	43050	1250	1440	0	0
14637	5	43049	1310	1400	0	0
14637	6	43049	1190	1400	0	0
14637	7	43049	370	660	0	0
14637	8	43049	490	660	0	0
14637	9	43050	430	700	0	0
14638	1	43049	1310	2600	0	0
14638	2	43049	1190	2600	0	0
14638	3	43050	1250	2640	0	0
14638	4	43050	1250	1940	0	0
14638	5	43049	1310	1900	0	0
14638	6	43049	1190	1900	0	0
14638	7	43049	1190	500	0	0
14638	8	43049	1310	500	0	0
14638	9	43050	1250	540	0	0
14639	1	43049	1190	2600	0	0
14639	2	43049	1310	2600	0	0
14639	3	43050	1250	2640	0	0
14639	4	43049	1310	1160	0	0
14639	5	43049	1190	1160	0	0
14639	6	43050	1250	1200	0	0
14639	7	43050	1250	480	0	0
14639	8	43049	1310	440	0	0
14639	9	43049	1190	440	0	0
14640	1	43049	1310	2560	0	0
14640	2	43049	1190	2560	0	0
14640	3	43050	1250	2600	0	0
14640	4	43050	1250	1240	0	0
14640	5	43049	1190	1180	0	0
14640	6	43049	1310	1180	0	0
14640	7	43049	1190	440	0	0
14640	8	43049	1310	440	0	0
14640	9	43050	1250	480	0	0
14641	1	43050	2090	2480	0	0
14641	2	43049	2150	2440	0	0
14641	3	43049	2030	2440	0	0
14641	4	43049	1190	1160	0	0
14641	5	43049	1310	1160	0	0
14641	6	43050	1250	1200	0	0
14641	7	43050	2090	740	0	0
14641	8	43049	2150	700	0	0
14641	9	43049	2030	700	0	0
14642	1	43049	370	2720	0	0
14642	2	43049	490	2720	0	0
14642	3	43050	430	2760	0	0
14642	4	43050	1250	1400	0	0
14642	5	43049	1310	1360	0	0
14642	6	43049	1190	1360	0	0
14642	7	43050	430	660	0	0
14642	8	43049	490	620	0	0
14642	9	43049	370	620	0	0
14642	10	40130	1190	2000	0	0
14642	11	40130	1310	2000	0	0
14642	12	40130	1250	2040	0	0
14643	1	43050	1250	2640	0	0
14643	2	43049	1310	2600	0	0
14643	3	43049	1190	2600	0	0
14643	4	43049	1190	1780	0	0
14643	5	43049	1310	1780	0	0
14643	6	43050	1250	1820	0	0
14643	7	43050	1250	520	0	0
14643	8	43049	1310	480	0	0
14643	9	43049	1190	480	0	0
14643	10	40130	1250	1160	0	0
14643	11	40130	1190	1120	0	0
14643	12	40130	1310	1120	0	0
14644	1	43049	1210	2540	0	0
14644	2	43049	1330	2540	0	0
14644	3	43050	1270	2580	0	0
14644	4	43050	1250	1420	0	0
14644	5	43049	1310	1380	0	0
14644	6	43049	1190	1380	0	0
14644	7	43049	1190	440	0	0
14644	8	43049	1310	440	0	0
14644	9	43050	1250	480	0	0
14644	10	40130	1190	1780	0	0
14644	11	40130	1310	1780	0	0
14644	12	40130	1250	1820	0	0
14645	1	43049	1190	2580	0	0
14645	2	43049	1310	2580	0	0
14645	3	43050	1250	2620	0	0
14645	4	43049	1210	1880	0	0
14645	5	43049	1330	1880	0	0
14645	6	43050	1270	1920	0	0
14645	7	43049	1190	560	0	0
14645	8	43049	1310	560	0	0
14645	9	43050	1250	600	0	0
14645	10	40130	1250	1240	0	0
14645	11	40130	1310	1200	0	0
14645	12	40130	1190	1200	0	0
14646	1	43049	2010	2420	0	0
14646	2	43049	2130	2420	0	0
14646	3	43050	2070	2460	0	0
14646	4	43049	1190	1840	0	0
14646	5	43049	1310	1840	0	0
14646	6	43050	1250	1880	0	0
14646	7	43050	2090	780	0	0
14646	8	43049	2030	720	0	0
14646	9	43049	2150	720	0	0
14646	10	40130	1190	1400	0	0
14646	11	40130	1250	1440	0	0
14646	12	40130	1310	1400	0	0
14648	1	15156	3950	960	0	0
14648	2	40112	1270	360	0	0
14648	3	40129	1210	400	0	0
14648	4	40129	1330	400	0	0
14648	5	40135	3750	880	0	0
14648	6	40129	3610	1000	0	0
14648	7	40129	3770	1120	0	0
14648	8	40129	3690	1060	0	0
14649	1	40107	510	220	0	0
14653	1	20001	530	200	0	0
14661	1	40107	270	420	0	0
14661	2	40118	510	240	0	0
14661	3	40119	570	320	0	0
14661	4	20001	1210	440	0	0
14670	1	40127	1410	280	0	0
14670	2	43051	1310	220	0	0
14671	1	43051	1290	220	0	0
14671	2	40114	1390	200	0	0
14671	3	40127	1430	280	0	0
14672	1	40127	1410	280	0	0
14672	2	43051	1310	220	0	0
14673	1	43051	1290	200	0	0
14673	2	40113	1390	180	0	0
14673	3	40127	1430	260	0	0
14674	1	40115	1390	200	0	0
14674	2	40127	1430	280	0	0
14674	3	43051	1290	220	0	0
14675	1	40127	1410	280	0	0
14675	2	43051	1310	220	0	0
14676	1	40127	1410	280	0	0
14676	2	43051	1310	220	0	0
14677	1	40127	1410	280	0	0
14677	2	43051	1310	220	0	0
14678	1	40117	1390	180	0	0
14678	2	40127	1430	280	0	0
14678	3	43051	1290	220	0	0
14679	1	40127	1410	280	0	0
14679	2	43051	1310	220	0	0
14680	1	43051	1310	220	0	0
14680	2	40116	1390	200	0	0
14680	3	40127	1450	280	0	0
14681	1	40127	1410	280	0	0
14681	2	43051	1310	220	0	0
14682	1	40106	1870	1000	0	0
14682	2	40126	1930	960	0	0
14682	3	10214	2930	1340	0	0
14682	4	10214	3010	1340	0	0
14682	5	10214	2810	520	0	0
14682	6	10214	2890	520	0	0
14682	7	10214	1590	340	0	0
14682	8	10214	1610	420	0	0
14682	9	10214	1190	2000	0	0
14682	10	10214	1290	2020	0	0
14682	11	40106	2010	1040	0	0
14682	12	20001	110	2140	0	0
14683	1	15156	610	1120	0	0
14685	1	20001	2310	940	0	0
14687	1	40136	830	360	0	0
14687	2	40126	330	660	0	0
14687	3	40125	390	660	0	0
14687	4	40106	270	700	0	0
14688	1	40106	3810	2240	0	0
14688	2	37006	3870	480	0	0
14688	3	32001	2990	120	0	0
14689	1	40126	830	380	0	0
14689	2	40106	890	440	0	0
14689	3	40106	410	560	0	0
14691	1	37006	530	1680	0	0
14691	2	32001	50	1220	0	0
14692	1	37006	3750	2340	0	0
14692	2	32001	3390	1900	0	0
14692	3	40106	390	340	0	0
14693	1	40110	1290	2180	0	0
14693	2	10214	2570	340	0	0
14693	3	10214	2570	420	0	0
14693	4	10214	2870	900	0	0
14693	5	10214	2970	880	0	0
14693	6	10214	2870	1420	0	0
14693	7	10214	2970	1440	0	0
14693	8	10214	3670	1620	0	0
14693	9	10214	3670	1700	0	0
14693	10	10214	3750	1580	0	0
14693	11	10214	3750	1660	0	0
14693	12	10214	3750	1740	0	0
14694	1	12059	370	260	0	0
14696	1	40127	490	420	0	0
14696	2	40106	590	400	0	0
14696	3	40107	490	520	0	0
14697	1	40127	750	600	0	0
14697	2	40106	870	640	0	0
14697	3	40107	730	680	0	0
14697	4	40128	630	420	0	0
14801	1	17162	510	580	158	3
14801	2	17162	510	940	158	3
14801	3	17162	890	580	153	3
14801	4	17162	1330	560	171	3
14801	5	17162	1790	600	171	3
14801	6	17163	1910	1060	156	3
14801	7	17163	1990	1480	178	1
14801	8	17163	1530	1420	133	1
14801	9	17163	1010	1500	135	1
14801	10	17163	950	980	175	3
14801	11	17163	630	2200	150	3
14801	12	17163	1070	2260	84	1
14801	13	17163	1130	1920	173	3
14801	14	17162	2090	2020	109	3
14801	15	17162	670	1220	149	1
14801	16	17162	510	1600	151	3
14801	17	11144	1210	1200	0	0
14801	18	11040	1170	1180	0	0
14801	19	11001	1250	1220	0	0
14801	20	17342	1130	1160	0	0
14801	21	17342	1290	1240	0	0
14801	22	11077	1110	1320	0	0
14802	1	17092	330	520	0	0
14802	2	17092	570	680	0	0
14802	3	17092	410	300	0	0
14802	4	12028	330	600	0	0
14802	5	12017	390	640	0	0
14802	6	11077	450	680	0	0
14802	7	11021	450	520	0	0
14802	8	11047	510	560	0	0
14802	9	11050	570	600	0	0
14802	10	11045	590	520	0	0
14802	11	11010	530	480	0	0
14802	12	11024	650	560	0	0
14802	13	17507	610	440	0	0
14802	14	17507	670	480	0	0
14802	15	17507	730	520	0	0
14802	16	11040	630	500	0	0
14802	17	14257	330	600	0	0
14802	18	11148	250	560	0	0
14803	1	11047	550	460	0	0
14803	2	11040	550	540	0	0
14803	3	11065	470	440	0	0
14803	4	11050	390	480	0	0
14803	5	11147	370	580	0	0
14803	6	14532	290	560	0	0
14805	1	46033	510	740	154	1
14805	2	46033	630	1440	187	3
14805	3	46033	1210	800	142	3
14805	4	46034	850	1100	139	3
14805	5	46034	970	1600	124	3
14805	6	46034	870	780	136	1
14813	1	17127	1290	880	153	1
14813	2	17127	1250	500	157	3
14813	3	17127	2910	1040	114	1
14813	4	17128	1890	940	137	1
14813	5	17128	2010	480	101	3
14813	6	17128	2210	760	108	3
14813	7	17128	410	620	106	3
14813	8	17127	2630	540	135	3
14813	9	11077	190	240	0	0
14813	10	12017	110	200	0	0
14813	11	14257	230	160	0	0
14813	12	14531	550	220	0	0
14813	13	14529	110	300	0	0
14813	14	14532	370	120	0	0
14813	15	11040	410	380	0	0
14813	16	11024	470	400	0	0
14813	17	11151	410	440	0	0
14814	1	17127	490	760	155	1
14814	2	17127	830	600	153	1
14814	3	17127	1190	880	154	3
14814	4	17128	590	1560	162	3
14814	5	17128	1190	1620	155	3
14814	6	17128	930	1360	160	3
14814	7	17128	570	1200	140	1
14814	8	17127	870	1000	157	1
14815	1	14497	510	320	0	0
14821	1	17164	2670	1240	113	3
14821	2	17164	2950	1220	99	1
14821	3	17165	2390	940	147	1
14821	4	17165	2050	1040	103	1
14821	5	17165	1550	1320	171	1
14821	6	17166	1930	580	142	3
14821	7	17166	1530	500	105	1
14821	8	17166	890	560	91	3
14821	9	17164	2330	1440	157	3
14821	10	17165	1130	1320	182	3
14821	11	17165	750	1480	83	1
14821	12	17166	530	760	156	1
14821	13	17166	630	440	102	3
14821	14	17165	1930	1340	113	3
14821	15	17166	710	1100	161	1
14821	16	17164	2870	560	140	3
14822	1	10228	550	520	148	3
14822	2	10228	1250	1360	130	3
14822	3	10228	1470	1060	109	3
14822	4	10229	1830	1340	142	1
14822	5	10229	2750	1360	151	1
14822	6	10229	2370	1400	119	3
14823	1	10230	510	500	129	3
14823	2	10230	1410	500	104	3
14823	3	10231	750	820	97	3
14823	4	10231	1650	840	94	3
14823	5	10235	130	1180	0	0
14823	6	10131	90	1200	0	0
14823	7	10131	210	1280	0	0
14824	1	46029	570	580	154	3
14824	2	46029	590	1400	151	1
14824	3	46029	1170	780	154	3
14824	4	46030	710	980	163	3
14824	5	46030	1250	1140	144	1
14824	6	46030	990	1480	123	3
14825	1	46089	1210	480	171	1
14825	2	46089	690	840	232	1
14825	3	46089	1230	1660	203	3
14825	4	46090	1230	1000	209	3
14825	5	46090	1030	2060	160	1
14825	6	46090	650	1340	178	3
14831	1	17123	3570	880	118	3
14831	2	17123	3210	900	129	3
14831	3	17123	2830	840	63	1
14831	4	17123	690	560	96	3
14831	5	17124	3090	560	162	1
14831	6	17124	2630	540	135	1
14831	7	17124	2330	840	166	1
14831	8	17124	1590	820	138	3
14831	9	17123	1390	560	114	3
14831	10	17123	1150	560	130	3
14831	11	17124	690	800	117	1
14831	12	17124	930	760	117	3
14831	13	12017	430	220	0	0
14831	14	12031	490	280	0	0
14831	15	12040	370	220	0	0
14831	16	12094	510	340	0	0
14831	17	11047	3910	500	0	0
14831	18	11045	3970	460	0	0
14831	19	11077	3970	540	0	0
14831	20	11020	3830	360	0	0
14831	21	17549	3790	320	0	0
14831	22	17549	3870	320	0	0
14831	23	17549	3910	580	0	0
14831	24	12040	3670	560	0	0
14831	25	17491	3590	560	0	0
14831	26	17491	3650	620	0	0
14831	27	12017	3630	500	0	0
14832	1	17262	570	500	143	1
14832	2	17262	2470	600	194	3
14832	3	17262	830	780	135	1
14832	4	17263	2950	580	159	1
14832	5	17263	3230	880	118	3
14832	6	17263	4330	760	159	1
14832	7	11021	4690	420	0	0
14832	8	11031	4750	440	0	0
14832	9	10233	4650	580	0	0
14832	10	10234	4590	560	0	0
14832	11	17487	4690	640	0	0
14832	12	17490	4510	560	0	0
14832	13	17015	4590	440	0	0
14832	14	10233	1850	620	0	0
14832	15	10234	1910	580	0	0
14832	16	11021	1690	440	0	0
14832	17	11031	1650	460	0	0
14833	1	17266	550	460	146	3
14833	2	17266	1110	540	139	3
14833	3	17267	1410	760	148	3
14833	4	17267	810	760	124	3
14835	1	17264	650	1020	204	3
14835	2	17264	630	1420	141	3
14835	3	17265	1150	960	178	3
14835	4	17265	1030	1400	169	1
14836	1	17268	2390	720	119	3
14836	2	17268	2050	600	163	3
14836	3	17268	1710	800	114	3
14836	4	17269	870	560	118	3
14836	5	17269	1190	800	90	3
14836	6	17269	2690	840	145	3
14836	7	17436	170	1160	0	0
14836	8	17436	310	1240	0	0
14836	9	17436	450	860	0	0
14836	10	17436	650	940	0	0
14836	11	12040	210	1140	0	0
14836	12	11050	3070	360	0	0
14836	13	17563	3150	340	0	0
14836	14	17563	3070	300	0	0
14836	15	12020	2850	380	0	0
14836	16	17491	2770	340	0	0
14836	17	17491	2770	400	0	0
14837	1	46031	1210	680	123	3
14837	2	46031	1270	1040	175	3
14837	3	46031	570	1400	145	3
14837	4	46032	670	940	181	3
14837	5	46032	490	480	101	3
14837	6	46032	890	1280	122	3
14838	1	46097	630	700	183	1
14838	2	46097	730	1140	198	3
14838	3	46097	1230	1240	236	3
14838	4	46098	1750	700	233	3
14838	5	46098	2090	1140	138	1
14838	6	46098	1690	1300	181	1
14842	1	17207	730	820	255	1
14842	2	17209	1850	800	244	3
14842	3	17210	2890	760	161	3
14843	1	17190	670	1060	250	3
14843	2	17208	1010	1440	257	1
14843	3	14027	70	120	0	0
14844	1	20001	270	320	0	0
14844	2	14066	390	380	0	0
14844	3	14200	310	380	0	0
14844	4	14009	510	480	0	0
14845	1	20001	410	320	0	0
14845	2	14058	450	420	0	0
14845	3	17046	30	100	0	0
14845	4	17208	350	400	0	0
14845	5	17208	490	480	0	0
14845	6	17208	230	480	0	0
14845	7	17208	290	520	0	0
14846	1	46081	690	640	192	1
14846	2	46081	2070	840	177	1
14846	3	46081	3090	660	187	3
14846	4	46082	2550	800	209	1
14846	5	46082	1610	820	204	3
14846	6	46082	1150	880	149	1
14851	1	17205	1010	600	185	3
14851	2	17205	1150	1560	188	3
14851	3	17206	1130	2720	213	3
14851	4	17205	730	2340	224	3
14851	5	17206	630	1800	192	1
14851	6	17206	1130	1040	172	3
14851	7	11065	430	320	0	0
14852	1	10135	1970	640	200	1
14852	2	10135	1830	1100	201	3
14852	3	10135	1330	1140	194	3
14852	4	10135	2030	1480	161	3
14852	5	10135	1970	2140	190	3
14852	6	10141	730	1760	178	3
14852	7	10141	630	680	246	3
14852	8	10141	610	1380	176	1
14852	9	10141	1090	1980	180	3
14852	10	10141	1530	1940	193	1
14861	1	17154	590	540	145	1
14861	2	17154	2490	580	150	3
14861	3	17154	2910	540	157	3
14861	4	17155	1390	920	116	3
14861	5	17155	2310	880	156	3
14861	6	17155	2710	880	162	1
14861	7	14045	1630	440	0	0
14861	8	14080	1670	480	0	0
14861	9	12017	1430	680	0	0
14861	10	14256	1590	540	0	0
14862	1	17156	2050	560	161	3
14862	2	17156	510	940	91	3
14862	3	17156	1990	980	155	3
14862	4	17157	1730	680	144	3
14862	5	17157	950	580	128	1
14862	6	17157	810	880	116	3
14862	7	17437	450	580	0	0
14862	8	17437	710	480	0	0
14862	9	17437	310	180	0	0
14862	10	14256	270	160	0	0
14862	11	17437	350	200	0	0
14871	1	10139	1310	860	167	3
14871	2	10139	1030	580	173	3
14871	3	10139	1590	540	155	3
14871	4	10139	1830	900	183	1
14871	5	10140	2870	520	177	3
14871	6	10140	3070	880	157	3
14871	7	10140	3570	940	158	1
14871	8	10140	1950	520	148	3
14871	9	11076	270	320	0	0
14871	10	12017	370	180	0	0
14871	11	14257	450	160	0	0
14872	1	10131	510	540	160	3
14872	2	10131	1830	600	170	3
14872	3	10131	2230	560	188	1
14872	4	10131	1870	960	152	1
14872	5	10136	2350	900	173	1
14872	6	10136	2790	880	170	1
14872	7	10136	3210	760	168	3
14872	8	10136	2830	500	159	3
14872	9	12116	3990	460	0	0
14873	1	12017	530	460	0	0
14873	2	12028	410	440	0	0
14873	3	14257	330	480	0	0
14873	4	14582	530	560	0	0
14873	5	14587	570	540	0	0
14873	6	14586	370	460	0	0
14873	7	11077	610	520	0	0
15000	1	13021	30	80	0	0
15000	2	17015	70	80	0	0
15000	3	13047	1630	2020	0	0
15000	4	26001	2210	1760	0	0
15000	5	10257	110	80	0	0
15000	6	17198	150	80	0	0
15000	7	13005	190	80	0	0
15000	8	10259	30	120	0	0
15000	9	26001	2270	1660	0	0
15000	10	16072	70	120	0	0
15000	11	16064	110	120	0	0
15001	1	17001	550	480	0	0
15001	2	17001	410	520	0	0
15001	3	16017	810	580	0	0
15001	4	16013	350	600	0	0
15001	5	11043	610	500	0	0
15001	6	11036	650	600	0	0
15001	7	17016	650	640	0	0
15001	8	17016	710	620	0	0
15001	9	17016	750	640	0	0
15001	10	17016	690	660	0	0
15001	11	15158	210	660	0	0
15001	12	15078	490	620	0	0
15001	13	15167	550	580	0	0
15001	14	15171	550	600	0	0
15001	15	12039	690	480	0	0
15001	16	14057	670	520	0	0
15001	17	11061	690	580	0	0
15001	18	11095	730	580	0	0
15001	19	11096	630	620	0	0
15001	20	11033	610	660	0	0
15001	21	14049	890	660	0	0
15002	1	12038	350	280	0	0
15002	2	17015	310	260	0	0
15002	3	17015	530	200	0	0
15002	4	16021	790	160	0	0
15002	5	14009	730	160	0	0
15003	1	17015	170	440	0	0
15003	2	17015	910	320	0	0
15011	1	11047	570	680	0	0
15011	2	11040	530	640	0	0
15011	3	11026	610	720	0	0
15011	4	11020	330	580	0	0
15011	5	11021	270	560	0	0
15011	6	17011	290	640	0	0
15011	7	17011	230	620	0	0
15011	8	17011	170	600	0	0
15011	9	17003	470	680	0	0
15011	10	17003	590	620	0	0
15011	11	17003	630	660	0	0
15011	12	17002	510	700	0	0
15011	13	17002	550	740	0	0
15011	14	17002	670	700	0	0
15011	15	17005	410	480	0	0
15011	16	17005	570	540	0	0
15011	17	17019	370	500	0	0
15011	18	15158	910	700	0	0
15011	19	11088	330	520	0	0
15011	20	11014	390	600	0	0
15011	21	11005	450	620	0	0
15011	22	11006	330	640	0	0
15011	23	11083	450	680	0	0
15011	24	11085	390	660	0	0
15012	1	11056	470	580	0	0
15012	2	16014	710	280	0	0
15012	3	10002	310	480	0	0
15012	4	10017	370	460	0	0
15012	5	10032	270	420	0	0
15012	6	12033	870	100	0	0
15012	7	15074	350	180	0	0
15012	8	38010	750	540	0	0
15013	1	11047	1050	760	0	0
15013	2	17316	1010	860	0	0
15013	3	17317	1070	900	0	0
15013	4	11034	1010	920	0	0
15013	5	12043	990	800	0	0
15013	6	12033	1090	780	0	0
15013	7	17316	910	740	0	0
15013	8	17316	950	720	0	0
15013	9	17316	990	700	0	0
15013	10	17316	1030	680	0	0
15013	11	17316	1070	660	0	0
15013	12	17179	190	1140	0	0
15013	13	17179	350	1220	0	0
15013	14	14009	1090	240	0	0
15013	15	17013	1330	840	0	0
15013	16	17013	890	1080	0	0
15013	17	30002	370	740	0	0
15013	18	14200	250	1100	0	0
15013	19	14092	310	1100	0	0
15013	20	14012	350	1000	0	0
15013	21	14314	290	1020	0	0
15013	22	11028	210	1200	0	0
15013	23	11042	150	1200	0	0
15013	24	11057	250	1260	0	0
15013	25	11047	350	1120	0	0
15013	26	11053	410	1080	0	0
15013	27	11034	350	1040	0	0
15013	28	11024	470	1120	0	0
15013	29	11050	470	1040	0	0
15014	1	17179	1130	440	0	0
15014	2	17179	1010	440	0	0
15014	3	14092	750	420	0	0
15014	4	14314	810	380	0	0
15014	5	14012	870	420	0	0
15014	6	15057	170	300	0	0
15014	7	11073	310	420	0	0
15014	8	11057	390	460	0	0
15014	9	11058	390	360	0	0
15014	10	14305	230	360	0	0
15014	11	11056	230	460	0	0
15021	1	17018	390	480	0	0
15021	2	17018	330	500	0	0
15021	3	17018	570	540	0	0
15021	4	17018	510	560	0	0
15021	5	17018	270	520	0	0
15021	6	17018	450	580	0	0
15021	7	14046	630	560	0	0
15021	8	15158	910	600	0	0
15021	9	17181	750	700	0	0
15022	1	14024	710	360	0	0
15022	2	17018	530	240	0	0
15022	3	17018	630	280	0	0
15022	4	14053	250	560	0	0
15022	5	14026	190	540	0	0
15022	6	14047	310	580	0	0
15022	7	15161	770	480	0	0
15022	8	13012	870	620	0	0
15023	1	17019	1210	680	189	3
15023	2	17019	850	920	159	3
15023	3	10087	550	980	119	1
15024	1	14352	1110	540	0	0
15024	2	16005	590	420	0	0
15024	3	38010	930	500	0	0
15025	1	28001	690	400	0	0
15031	1	15125	470	600	0	0
15031	2	11054	1350	340	0	0
15031	3	15108	1450	240	0	0
15031	4	15158	1490	440	0	0
15031	5	14261	1150	220	0	0
15031	6	16023	270	380	0	0
15031	7	16005	790	720	0	0
15031	8	11056	1190	880	0	0
15031	9	12043	1430	940	0	0
15031	10	12020	1430	860	0	0
15031	11	11089	750	360	0	0
15031	12	17351	790	320	0	0
15031	13	17351	670	360	0	0
15031	14	11056	910	340	0	0
15031	15	17033	990	340	0	0
15031	16	17033	950	300	0	0
15031	17	12043	990	420	0	0
15031	18	16042	1530	560	0	0
15031	19	11020	1490	860	0	0
15031	20	14183	1550	860	0	0
15031	21	14321	1450	900	0	0
15101	1	11054	290	360	0	0
15102	1	15061	290	360	0	0
15102	2	20001	250	340	0	0
15102	3	11034	370	380	0	0
15102	4	14183	430	380	0	0
15102	5	14315	490	400	0	0
15102	6	11057	430	460	0	0
15102	7	14316	470	440	0	0
15102	8	17159	270	500	0	0
15103	1	12033	410	320	0	0
15103	2	12043	290	380	0	0
15103	3	12020	550	300	0	0
15103	4	14009	490	440	0	0
15103	5	14054	430	440	0	0
15103	6	11034	530	420	0	0
15103	7	11067	450	400	0	0
15104	1	12049	490	300	0	0
15104	2	12053	550	320	0	0
15104	3	12014	290	380	0	0
15104	4	12037	250	420	0	0
15104	5	12043	590	360	0	0
15131	1	12014	350	300	0	0
15132	1	15086	290	380	0	0
15132	2	14286	490	320	0	0
15132	3	12033	570	360	0	0
15133	1	15122	290	320	0	0
15133	2	15108	510	380	0	0
15133	3	34002	430	200	0	0
15134	1	15079	570	340	0	0
15134	2	14321	510	280	0	0
15134	3	14320	470	300	0	0
15134	4	14313	450	320	0	0
15134	5	11058	430	360	0	0
15135	1	11188	270	300	0	0
15135	2	11037	330	360	0	0
15136	1	11026	530	360	0	0
15136	2	11176	390	340	0	0
15171	1	15095	370	340	0	0
15172	1	11071	470	380	0	0
15173	1	15042	550	400	0	0
15173	2	15190	450	340	0	0
15173	3	17034	370	380	0	0
15173	4	17038	430	420	0	0
15173	5	17037	490	380	0	0
15173	6	19031	150	220	0	0
15174	1	12037	570	380	0	0
15174	2	15171	470	340	0	0
15201	1	16010	310	340	0	0
15202	1	16009	290	340	0	0
15221	1	16007	290	300	0	0
15241	1	16001	350	400	0	0
15241	2	15089	550	420	0	0
15241	3	14322	590	480	0	0
15242	1	16015	490	380	0	0
15242	2	15042	150	480	0	0
15242	3	15031	310	420	0	0
15242	4	15104	270	480	0	0
15242	5	15134	350	480	0	0
15243	1	16016	490	400	0	0
15243	2	14124	590	220	0	0
15261	1	16011	430	240	0	0
15262	1	16012	430	240	0	0
15301	1	14057	290	340	0	0
15301	2	12037	270	480	0	0
15301	3	17014	390	520	0	0
15301	4	11056	590	360	0	0
15301	5	17004	490	580	0	0
15301	6	17004	790	440	0	0
15301	7	17019	690	400	0	0
15301	8	20001	150	380	0	0
15301	9	12033	370	300	0	0
15302	1	14031	570	320	0	0
15302	2	17018	230	360	0	0
15302	3	17018	130	400	0	0
15302	4	14122	590	420	0	0
15302	5	17018	490	460	0	0
15302	6	17018	390	500	0	0
15302	7	14431	330	320	0	0
15302	8	13009	390	420	0	0
15303	1	17018	250	460	0	0
15303	2	17018	330	500	0	0
15303	3	17018	430	520	0	0
15303	4	17018	450	340	0	0
15303	5	17018	530	380	0	0
15303	6	17018	610	420	0	0
15303	7	15127	370	400	0	0
15304	1	14009	330	320	0	0
15304	2	14012	450	340	0	0
15304	3	17219	590	340	0	0
15304	4	17219	690	380	0	0
15304	5	17219	790	420	0	0
15304	6	17219	270	500	0	0
15304	7	17219	390	560	0	0
15304	8	17219	490	600	0	0
15304	9	18007	110	120	0	0
15304	10	11034	490	420	0	0
15304	11	17219	530	500	0	0
15304	12	14328	570	480	0	0
15304	13	11056	430	460	0	0
15306	1	12033	330	400	0	0
15306	2	12043	290	420	0	0
15306	3	12020	470	420	0	0
15306	4	12037	510	360	0	0
15306	5	12039	530	520	0	0
15307	1	17179	590	440	0	0
15307	2	17179	490	480	0	0
15307	3	17179	390	520	0	0
15307	4	11162	350	320	0	0
15307	5	11172	250	360	0	0
15307	6	17179	150	400	0	0
15307	7	11045	570	340	0	0
15307	8	11037	410	380	0	0
15307	9	11136	190	460	0	0
15307	10	14323	270	500	0	0
15307	11	14518	390	420	0	0
15307	12	11020	470	340	0	0
15401	1	14006	510	260	0	0
15401	2	17057	510	300	0	0
15401	3	17057	610	280	0	0
15401	4	17057	270	360	0	0
15401	5	17057	770	240	0	0
15402	1	14125	390	380	0	0
15402	2	17097	330	380	80	1
15402	3	17097	570	420	78	3
15402	4	17097	830	440	78	1
15402	5	17097	1370	500	79	1
15402	6	17097	1090	460	80	3
15403	1	11021	910	560	0	0
15403	2	17184	850	540	0	0
15403	3	17184	970	580	0	0
15403	4	11020	790	580	0	0
15404	1	11108	1390	340	0	0
15404	2	14488	1470	420	0	0
15404	3	12049	1310	340	0	0
15411	1	10107	350	300	0	0
15411	2	10108	410	280	0	0
15412	1	10212	1210	860	206	3
15412	2	10211	590	840	221	1
15412	3	10128	910	600	168	3
15414	1	10109	350	400	0	0
15414	2	10128	450	380	0	0
15414	3	10128	510	400	0	0
15414	4	10128	570	420	0	0
15414	5	10128	290	440	0	0
15414	6	10128	350	460	0	0
15414	7	10128	410	480	0	0
15414	8	15160	690	440	0	0
15415	1	10128	570	660	106	1
15415	2	10211	430	460	164	1
15415	3	10211	1150	500	103	3
15415	4	10212	870	760	124	1
15415	5	10212	1250	840	102	3
15415	6	10128	290	320	0	0
15415	7	11056	230	940	0	0
15415	8	14063	350	960	0	0
15415	9	14090	390	1020	0	0
15421	1	14062	1050	980	0	0
15421	2	13012	1530	780	0	0
15423	1	10138	1990	620	164	3
15423	2	10138	1650	1140	316	3
15423	3	10138	1930	1600	221	1
15423	4	10138	750	2000	276	1
15423	5	10153	670	1500	303	1
15423	6	10153	1350	1720	262	3
15423	7	10153	450	480	76	3
15423	8	10153	1450	600	202	1
15423	9	13012	2230	2300	0	0
15423	10	12082	350	900	0	0
15423	11	11034	430	860	0	0
15424	1	13087	2110	1120	0	0
15424	2	13086	2010	1180	0	0
15424	3	13016	2170	1020	0	0
15424	4	11034	1910	940	0	0
15424	5	11071	1830	1080	0	0
15424	6	11016	2050	860	0	0
15424	7	10129	1130	860	145	3
15424	8	10134	770	760	173	3
15424	9	10129	1330	540	166	3
15424	10	10134	1570	880	165	1
15424	11	17219	230	220	0	0
15424	12	11034	290	240	0	0
15424	13	11071	190	280	0	0
15424	14	11016	370	420	0	0
15424	15	13016	310	340	0	0
15424	16	11047	2290	360	0	0
15424	17	13016	1970	480	0	0
15424	18	13005	1970	560	0	0
15424	19	13003	1890	460	0	0
15431	1	14078	550	240	0	0
15431	2	15108	510	280	0	0
15431	3	14248	570	300	0	0
15431	4	14248	610	280	0	0
15431	5	14248	490	220	0	0
15431	6	14248	450	260	0	0
15433	1	10168	1150	840	191	3
15433	2	10168	550	1520	185	3
15433	3	10049	890	1580	131	1
15433	4	14235	1090	1380	171	3
15433	5	14047	1130	1720	0	0
15433	6	14026	1230	1680	0	0
15433	7	14078	1310	1860	0	0
15433	8	14248	1410	1820	0	0
15433	9	14248	1190	1840	0	0
15433	10	14248	1350	1700	0	0
15434	1	15166	410	240	0	0
15435	1	14240	390	400	0	0
15435	2	11045	530	400	0	0
15435	3	11037	590	440	0	0
15435	4	17076	950	2180	0	0
15435	5	17076	870	2300	0	0
15435	6	13002	970	2260	0	0
15435	7	17076	1150	2220	0	0
15435	8	17076	1070	2180	0	0
15435	9	13016	1090	2220	0	0
15435	10	11047	750	2080	0	0
15435	11	17508	750	2040	0	0
15435	12	17508	810	2080	0	0
15435	13	14349	630	2180	0	0
15435	14	14323	590	2180	0	0
15435	15	14324	650	2220	0	0
15435	16	13100	930	2360	0	0
15436	1	11073	350	320	0	0
15441	1	10047	290	380	55	3
15441	2	10047	510	480	59	1
15442	1	10047	770	1220	279	1
15442	2	10047	1630	1660	226	3
15442	3	10188	950	1660	183	1
15442	4	10188	1930	2140	254	3
15442	5	10188	630	740	294	1
15442	6	17019	1890	620	198	3
15443	1	14031	370	420	0	0
15443	2	11067	590	500	0	0
15444	1	11034	550	340	0	0
15444	2	14108	630	320	0	0
15445	1	46005	590	560	169	3
15445	2	46005	1550	800	168	3
15445	3	46005	1050	920	155	3
15445	4	46006	630	920	157	3
15445	5	46006	1130	560	128	3
15445	6	46006	1970	660	206	3
15451	1	11047	130	220	0	0
15451	2	11050	270	140	0	0
15451	3	11177	130	220	0	0
15451	4	26022	610	580	0	0
15451	5	26023	1030	880	0	0
15451	6	26024	1410	1220	0	0
15451	7	26010	1870	1600	0	0
15451	8	26011	2190	1880	0	0
15452	1	17089	1010	2020	236	3
15452	2	17089	610	1660	216	3
15452	3	17089	570	1060	138	3
15452	4	17019	1110	1500	197	3
15452	5	11162	870	1260	0	0
15452	6	11047	810	1200	0	0
15452	7	13016	730	700	0	0
15452	8	13044	1090	620	0	0
15453	1	13117	450	380	0	0
15453	2	13116	350	460	0	0
15453	3	13005	430	520	0	0
15453	4	13016	370	400	0	0
15453	5	13062	530	400	0	0
15453	6	13017	590	420	0	0
15453	7	13008	650	440	0	0
15453	8	13008	530	480	0	0
15454	1	13101	710	400	0	0
15454	2	13068	430	360	0	0
15454	3	13008	210	340	0	0
15454	4	13016	390	420	0	0
15454	5	20001	490	460	0	0
15454	6	13044	530	440	0	0
15454	7	13044	450	480	0	0
15455	1	17089	470	960	151	3
15455	2	17088	1170	1000	167	3
15455	3	17088	530	560	184	3
15455	4	17089	910	560	161	3
15455	5	17088	790	920	149	1
15455	6	17182	1230	560	0	0
15455	7	13014	1370	440	0	0
15455	8	14031	1210	440	0	0
15455	9	14352	1150	480	0	0
15455	10	14287	1310	360	0	0
15455	11	14288	1450	360	0	0
15455	12	14289	1330	520	0	0
15455	13	14290	1470	480	0	0
15456	1	17019	570	660	166	3
15456	2	17019	1230	1020	136	3
15456	3	17090	590	980	126	1
15456	4	17090	1230	600	164	1
15456	5	17090	910	920	151	1
15456	6	13102	290	240	0	0
15456	7	17568	230	260	0	0
15456	8	17568	350	200	0	0
15456	9	11045	490	320	0	0
15456	10	17016	470	440	0	0
15456	11	17016	410	500	0	0
15456	12	17016	550	380	0	0
15456	13	13116	550	220	0	0
15456	14	13104	410	180	0	0
15456	15	13101	470	200	0	0
15456	16	13044	370	460	0	0
15456	17	13044	510	480	0	0
15456	18	13044	610	420	0	0
15456	19	13016	1090	760	0	0
15456	20	13010	1130	680	0	0
15456	21	13003	1130	840	0	0
15456	22	11034	1330	760	0	0
15456	23	11071	1290	840	0	0
15456	24	11038	1290	680	0	0
15457	1	17185	570	1080	173	3
15457	2	17196	1030	1000	209	3
15457	3	17185	570	1540	217	1
15457	4	17196	1090	1480	215	1
15457	5	13016	1010	3000	0	0
15457	6	13018	910	2780	0	0
15457	7	13017	1110	2940	0	0
15457	8	13003	910	2860	0	0
15457	9	13010	1130	2860	0	0
15457	10	13047	930	2940	0	0
15457	11	13020	1130	2780	0	0
15457	12	13044	1010	2720	0	0
15457	13	13005	1150	2940	0	0
15457	14	13008	890	2940	0	0
15457	15	17064	850	2800	0	0
15457	16	17064	810	2860	0	0
15457	17	40053	410	440	0	0
15457	18	13044	470	480	0	0
15457	19	13044	370	480	0	0
15457	20	11036	430	540	0	0
15457	21	17617	370	560	0	0
15457	22	17617	490	560	0	0
15457	23	30009	390	640	0	0
15457	24	30009	470	640	0	0
15458	1	13010	430	460	0	0
15459	1	13003	510	400	0	0
15459	2	17064	390	380	0	0
15459	3	17064	330	400	0	0
15459	4	17064	270	420	0	0
15459	5	17064	210	440	0	0
15460	1	13016	310	340	0	0
15460	2	13005	270	500	0	0
15460	3	13008	390	540	0	0
15460	4	13018	690	400	0	0
15460	5	13030	590	360	0	0
15460	6	13087	470	460	0	0
15460	7	13002	650	540	0	0
15460	8	13015	790	440	0	0
15460	9	13062	490	580	0	0
15460	10	13112	550	460	0	0
15461	1	11034	250	360	0	0
15461	2	11034	410	400	0	0
15461	3	13016	590	480	0	0
15461	4	13112	550	440	0	0
15461	5	13010	610	440	0	0
15461	6	13005	490	460	0	0
15461	7	13003	550	400	0	0
15461	8	11071	410	340	0	0
15461	9	11016	330	420	0	0
15461	10	10141	410	220	0	0
15461	11	10141	330	260	0	0
15461	12	10141	250	300	0	0
15461	13	10141	170	340	0	0
15462	1	13003	510	800	0	0
15462	2	17064	430	820	0	0
15462	3	17064	470	840	0	0
15462	4	17064	510	860	0	0
15462	5	13008	310	820	0	0
15462	6	13003	410	820	0	0
15462	7	11047	210	140	0	0
15462	8	11050	250	180	0	0
15462	9	13003	330	380	0	0
15463	1	13016	490	220	0	0
15463	2	13005	430	200	0	0
15463	3	13008	490	300	0	0
15463	4	13017	430	280	0	0
15463	5	13021	370	240	0	0
15463	6	13044	370	160	0	0
15463	7	11047	690	320	0	0
15463	8	11034	770	280	0	0
15463	9	11024	750	360	0	0
15463	10	11050	690	420	0	0
15463	11	17553	830	340	0	0
15463	12	17553	770	440	0	0
15463	13	13017	1550	1280	0	0
15463	14	13008	1650	1380	0	0
15463	15	11034	1650	1280	0	0
15463	16	11024	1550	1400	0	0
15463	17	11050	1550	1180	0	0
15463	18	17534	1450	1280	0	0
15463	19	13129	2250	1220	0	0
15463	20	13008	2250	1320	0	0
15463	21	11050	1170	740	0	0
15463	22	17553	1110	660	0	0
15463	23	17553	1110	840	0	0
15463	24	13129	1050	740	0	0
15463	25	11024	1550	760	0	0
15463	26	11034	2090	780	0	0
15463	27	17534	2030	720	0	0
15463	28	17534	2030	860	0	0
15463	29	17534	1490	720	0	0
15463	30	17534	1490	840	0	0
15463	31	13129	1410	780	0	0
15463	32	13129	1970	780	0	0
15463	33	13016	310	200	0	0
15463	34	13044	250	320	0	0
15463	35	13008	330	260	0	0
15464	1	13063	590	340	0	0
15464	2	40053	430	420	0	0
15471	1	14244	530	920	201	3
15471	2	10092	550	920	201	1
15471	3	15205	1190	480	0	0
15471	4	17065	1250	600	0	0
15471	5	17092	1350	640	0	0
15471	6	17092	1170	700	0	0
15471	7	17065	1270	780	0	0
15471	8	17065	1390	760	0	0
15471	9	14410	1330	700	0	0
15471	10	14411	1250	700	0	0
15471	11	14412	1330	780	0	0
15471	12	14413	1250	780	0	0
15472	1	15022	530	360	0	0
15472	2	14155	390	400	0	0
15472	3	14192	450	440	0	0
15472	4	14193	310	400	0	0
15481	1	13008	710	480	0	0
15481	2	13028	1230	1080	0	0
15481	3	14246	1090	380	0	0
15481	4	10180	1010	380	0	0
15481	5	10180	1050	420	0	0
15481	6	10180	1150	1060	0	0
15481	7	10180	1290	1040	0	0
15481	8	10180	650	500	0	0
15481	9	10180	710	520	0	0
15481	10	14246	670	440	0	0
15481	11	14246	770	500	0	0
15481	12	14246	1210	1020	0	0
15491	1	17018	410	560	127	3
15491	2	17018	570	400	179	3
15491	3	17018	870	460	117	1
15491	4	17018	270	860	125	3
15491	5	13002	1110	240	0	0
15491	6	20001	1270	220	0	0
15491	7	20001	1350	220	0	0
15491	8	20001	1310	180	0	0
15491	9	13006	1190	220	0	0
15491	10	17018	670	160	0	0
15491	11	17018	830	160	0	0
15492	1	13016	1470	1720	0	0
15492	2	13005	1550	1720	0	0
15492	3	13017	1390	1740	0	0
15492	4	13047	1350	1780	0	0
15492	5	11179	890	2260	0	0
15492	6	17054	830	2220	0	0
15492	7	17054	830	2300	0	0
15492	8	11173	510	1780	0	0
15492	9	17225	470	1720	0	0
15492	10	17225	550	1720	0	0
15492	11	11028	2110	740	0	0
15492	12	17263	2070	700	0	0
15492	13	17263	2150	700	0	0
15492	14	11038	590	480	0	0
15492	15	11022	530	500	0	0
15492	16	43041	690	480	0	0
15492	17	43041	490	580	0	0
15492	18	13003	690	620	0	0
15492	19	13005	630	640	0	0
15492	20	13016	830	460	0	0
15492	21	13044	890	460	0	0
15494	1	13016	890	420	0	0
15494	2	13008	990	480	0	0
15494	3	13003	510	420	0	0
15494	4	13005	410	460	0	0
15494	5	13017	290	520	0	0
15494	6	13027	850	680	0	0
15494	7	13028	750	740	0	0
15494	8	13047	630	800	0	0
15494	9	13010	950	640	0	0
15501	1	20001	290	1200	0	0
15501	2	20002	210	340	0	0
15501	3	20002	1050	2460	0	0
15501	4	25048	210	440	0	0
15501	5	25048	390	560	0	0
15501	6	25048	490	560	0	0
15501	7	25048	1430	2480	0	0
15501	8	25048	1510	2400	0	0
15501	9	25048	230	980	0	0
15501	10	12043	290	900	0	0
15501	11	18007	370	900	0	0
15501	12	17147	750	300	0	0
15501	13	11001	330	320	0	0
15501	14	17147	390	260	0	0
15501	15	17147	290	300	0	0
15501	16	17147	330	280	0	0
15501	17	11060	410	280	0	0
15501	18	12014	390	400	0	0
15501	19	12039	330	440	0	0
15501	20	11014	290	340	0	0
15501	21	11005	370	300	0	0
15501	22	17147	510	280	0	0
15501	23	11006	550	280	0	0
15501	24	17147	570	320	0	0
15501	25	12037	490	420	0	0
15502	1	20002	1130	260	0	0
15502	2	20001	1030	1840	0	0
15503	1	20002	250	1180	0	0
15503	2	20001	2310	1160	0	0
15504	1	20002	1270	280	0	0
15505	1	20001	1450	280	0	0
15505	2	14305	1150	280	0	0
15505	3	11020	1250	380	0	0
15505	4	11058	1270	240	0	0
15505	5	11057	1330	280	0	0
15505	6	14183	1370	340	0	0
15505	7	14320	1070	340	0	0
15505	8	14321	1090	420	0	0
15505	9	17125	1170	460	0	0
15506	1	20002	1050	420	0	0
15506	2	20001	2290	2440	0	0
15506	3	15103	2290	2180	0	0
15506	4	12033	2150	2260	0	0
15506	5	12043	2050	2240	0	0
15506	6	12027	2190	2340	0	0
15506	7	12020	2090	2300	0	0
15506	8	17091	1950	2240	0	0
15506	9	17091	2010	2300	0	0
15506	10	17091	2070	2360	0	0
15506	11	17091	2170	2420	0	0
15507	1	20002	1550	500	0	0
15507	2	20001	230	1200	0	0
15507	3	20001	2310	1160	0	0
15507	4	11054	1490	540	0	0
15507	5	11019	2250	900	0	0
15507	6	14225	910	100	0	0
15507	7	15104	1010	100	0	0
15508	1	20002	210	1140	0	0
15508	2	20002	1230	1820	0	0
15509	1	20002	1370	1160	0	0
15509	2	20002	150	1740	0	0
15510	1	20001	230	1200	0	0
15510	2	20002	2310	1160	0	0
15510	3	11054	1310	1640	0	0
15510	4	14318	2270	880	0	0
15510	5	14319	2110	860	0	0
15510	6	14315	2130	920	0	0
15510	7	14316	2170	980	0	0
15510	8	14303	2250	1000	0	0
15510	9	14304	2330	980	0	0
15510	10	10019	330	880	0	0
15510	11	17103	630	960	0	0
15510	12	14225	1270	600	0	0
15511	1	20002	470	520	0	0
15512	1	20002	390	500	0	0
15513	1	20002	390	500	0	0
15514	1	20002	430	220	0	0
15515	1	20002	410	220	0	0
15516	1	20002	390	200	0	0
15517	1	20001	590	500	0	0
15517	2	12030	570	240	0	0
15517	3	11110	310	200	0	0
15518	1	20002	310	220	0	0
15518	2	10104	310	460	0	0
15518	3	10105	470	460	0	0
15518	4	11054	790	100	0	0
15521	1	20001	1550	280	0	0
15521	2	20001	1310	1820	0	0
15521	3	20001	230	1840	0	0
15521	4	20001	2290	260	0	0
15521	5	24001	1190	1020	0	0
15521	6	10015	2030	1100	0	0
15521	7	10016	2090	1140	0	0
15521	8	10074	2170	1340	0	0
15521	9	10074	2150	1100	0	0
15521	10	10074	2010	1340	0	0
15521	11	10017	2090	1640	0	0
15521	12	10032	2030	1660	0	0
15521	13	10109	2150	1660	0	0
15521	14	11036	2090	1460	0	0
15521	15	11040	2150	1460	0	0
15521	16	11042	2030	1460	0	0
15522	1	20001	2290	500	0	0
15522	2	24001	1250	340	0	0
15522	3	25047	1330	600	0	0
15522	4	25047	1970	280	0	0
15522	5	25047	2290	300	0	0
15523	1	20001	410	1060	0	0
15524	1	20001	1870	460	0	0
15524	2	20002	1690	1060	0	0
15524	3	24001	1250	1000	0	0
15524	4	10023	390	1000	0	0
15524	5	10024	390	1080	0	0
15524	6	10074	550	980	0	0
15524	7	10074	610	1040	0	0
15524	8	10074	550	1080	0	0
15524	9	35025	2230	300	0	0
15524	10	35020	1990	280	0	0
15525	1	20002	170	500	0	0
15525	2	24001	390	520	0	0
15526	1	20002	150	500	0	0
15526	2	25047	610	500	0	0
15527	1	20002	630	500	0	0
15528	1	20001	230	460	0	0
15529	1	20002	610	300	0	0
15529	2	12033	530	320	0	0
15541	1	20001	3130	920	0	0
15541	2	20001	1930	240	0	0
15541	3	20002	350	1040	0	0
15541	4	24001	1250	1000	0	0
15541	5	14344	2110	340	0	0
15541	6	14330	2030	380	0	0
15541	7	14328	1970	460	0	0
15541	8	14078	2190	380	0	0
15541	9	14026	2250	460	0	0
15542	1	20002	330	2980	0	0
15542	2	20002	2330	900	0	0
15542	3	24001	1150	2900	0	0
15543	1	20002	2970	360	0	0
15543	2	24001	2810	1540	0	0
15543	3	15103	3950	1600	0	0
15543	4	11036	4150	1640	0	0
15545	1	20001	650	1840	0	0
15545	2	20002	1410	1840	0	0
15545	3	24001	1390	1100	0	0
15545	4	14024	250	1760	0	0
15545	5	12014	430	1560	0	0
15546	1	20002	610	240	0	0
15547	1	20002	190	480	0	0
15548	1	20001	630	340	0	0
15548	2	25071	170	340	0	0
15548	3	25071	410	200	0	0
15548	4	25071	310	380	0	0
15549	1	20002	630	340	0	0
15549	2	25071	450	480	0	0
15549	3	25071	150	340	0	0
15549	4	14069	250	340	0	0
15550	1	20002	190	440	0	0
15550	2	14056	2070	1980	0	0
15550	3	14053	2070	2180	0	0
15551	1	20002	430	440	0	0
15552	1	20002	630	520	0	0
15553	1	20001	150	260	0	0
15553	2	14069	3750	1120	0	0
15553	3	14348	3750	1420	0	0
15554	1	20001	210	320	0	0
15554	2	14283	3410	1620	0	0
15554	3	11056	3350	1660	0	0
15554	4	14031	3670	1660	0	0
15555	1	20002	630	240	0	0
15561	1	13012	1590	680	0	0
15561	2	14275	1490	380	0	0
15562	1	24001	630	520	0	0
15562	2	10216	810	640	0	0
15563	1	20002	2150	1020	0	0
15563	2	20001	1490	320	0	0
15564	1	20002	170	500	0	0
15564	2	25071	250	280	0	0
15564	3	25071	590	520	0	0
15564	4	25071	490	520	0	0
15565	1	20001	630	240	0	0
15565	2	25071	290	260	0	0
15565	3	25071	230	340	0	0
15566	1	20001	1270	240	0	0
15567	1	17151	250	240	0	0
15567	2	14351	430	240	0	0
15568	1	20002	1430	320	0	0
15568	2	20001	1490	1840	0	0
15568	3	14348	1170	280	0	0
15568	4	11084	1290	560	0	0
15568	5	14332	1110	1800	0	0
15569	1	24001	2070	1100	0	0
15569	2	20001	3130	900	0	0
15569	3	14335	3030	940	0	0
15570	1	20002	210	240	0	0
15570	2	25071	170	500	0	0
15570	3	25071	150	400	0	0
15570	4	25071	570	240	0	0
15571	1	20001	670	1180	0	0
15571	2	25071	190	1180	0	0
15571	3	25071	270	1200	0	0
15571	4	25071	650	960	0	0
15571	5	13012	310	1000	0	0
15571	6	14275	250	1020	0	0
15571	7	14276	350	940	0	0
15571	8	14070	370	1040	0	0
15581	1	11034	2230	2420	0	0
15581	2	17268	2330	2440	0	0
15581	3	17268	2210	2520	0	0
15581	4	13010	2070	2300	0	0
15581	5	13044	1990	2280	0	0
15581	6	13005	2090	2200	0	0
15581	7	13044	2030	2140	0	0
15581	8	13044	2150	2140	0	0
15582	1	11072	570	1020	0	0
15582	2	14324	490	960	0	0
15582	3	14323	490	1060	0	0
15582	4	13005	370	340	0	0
15582	5	11013	590	360	0	0
15582	6	11130	670	320	0	0
15582	7	11132	650	380	0	0
15582	8	13063	1290	1580	0	0
15582	9	40053	1350	1660	0	0
15582	10	40053	1230	1660	0	0
15582	11	11215	370	360	0	0
15582	12	11216	330	320	0	0
15582	13	11007	330	420	0	0
15582	14	17617	270	300	0	0
15582	15	17617	270	360	0	0
15582	16	17617	270	420	0	0
15582	17	11215	1610	2940	0	0
15582	18	11216	1670	2880	0	0
15582	19	11007	1670	2980	0	0
15582	20	17617	1730	2840	0	0
15582	21	17617	1730	2920	0	0
15582	22	17617	1730	3000	0	0
15582	23	13063	1550	2940	0	0
15582	24	40053	1490	2920	0	0
15582	25	40053	1490	3000	0	0
15582	26	11036	1950	2940	0	0
15582	27	17617	1990	2900	0	0
15582	28	17617	2010	2940	0	0
15582	29	17617	1990	2980	0	0
15582	30	30009	2070	2880	0	0
15582	31	30009	2090	2940	0	0
15582	32	30009	2070	2980	0	0
15582	33	40053	2170	2940	0	0
15582	34	13044	2190	2880	0	0
15582	35	13044	2230	2940	0	0
15582	36	13044	2190	2980	0	0
15582	37	13044	2250	2880	0	0
15582	38	13044	2250	2980	0	0
15591	1	20001	3990	580	0	0
15591	2	20001	4830	3140	0	0
15591	3	20001	1970	1520	0	0
15591	4	17084	3850	300	0	0
15591	5	14332	3890	280	0	0
15591	6	14349	3930	320	0	0
15591	7	14348	3950	360	0	0
15591	8	14340	3810	320	0	0
15591	9	11034	3850	360	0	0
15591	10	14339	3930	420	0	0
15591	11	17084	3890	460	0	0
15591	12	17084	3850	440	0	0
15591	13	14405	3810	420	0	0
15591	14	17084	3710	240	0	0
15591	15	14024	730	1020	0	0
15591	16	10102	1830	1820	0	0
15591	17	14329	1830	1700	0	0
15701	1	17255	650	1120	183	3
15701	2	17255	590	700	182	3
15701	3	17256	2030	600	172	3
15701	4	17256	1110	1440	233	3
15701	5	11034	1990	1640	0	0
15701	6	11034	2310	340	0	0
15701	7	11034	1830	960	0	0
15701	8	11034	990	820	0	0
15701	9	11034	410	240	0	0
15701	10	11034	490	1300	0	0
15701	11	13005	2050	1800	0	0
15701	12	13003	2030	1860	0	0
15701	13	13003	2210	500	0	0
15701	14	13005	2150	440	0	0
15701	15	13067	1610	1000	0	0
15701	16	13073	1250	900	0	0
15701	17	13070	370	360	0	0
15701	18	13016	310	1420	0	0
15701	19	13010	270	1380	0	0
15701	20	10141	510	1200	0	0
15701	21	10141	590	1260	0	0
15701	22	10141	630	1340	0	0
15701	23	10141	410	1180	0	0
15701	24	10141	2090	380	0	0
15701	25	10141	2070	460	0	0
15701	26	10141	2130	540	0	0
15701	27	10141	2210	580	0	0
15701	28	13044	2010	1660	0	0
15701	29	13044	1930	1680	0	0
15701	30	13044	1890	1780	0	0
15702	1	13097	1210	1780	0	0
15702	2	11072	990	1680	0	0
15702	3	11034	350	420	0	0
15702	4	11021	670	480	0	0
15702	5	11031	470	640	0	0
15702	6	13002	510	520	0	0
15702	7	11072	1070	780	0	0
15702	8	17260	1110	760	0	0
15702	9	17260	1150	740	0	0
15702	10	17260	1190	720	0	0
15702	11	13103	510	380	0	0
15702	12	15305	590	400	0	0
15702	13	11071	410	380	0	0
15702	14	13047	570	480	0	0
15702	15	13021	450	560	0	0
15702	16	17105	50	180	0	0
15704	1	11034	570	460	0	0
15704	2	11071	450	460	0	0
15704	3	11016	610	520	0	0
15704	4	10141	430	600	0	0
15704	5	15305	370	580	0	0
15704	6	11084	330	540	0	0
15705	1	11163	290	320	0	0
15706	1	11047	910	420	0	0
15706	2	11067	410	460	0	0
15706	3	11037	510	420	0	0
15706	4	11057	850	680	0	0
15706	5	11010	950	640	0	0
15706	6	11155	750	740	0	0
15706	7	11021	290	520	0	0
15706	8	11060	630	800	0	0
15706	9	14324	190	580	0	0
15706	10	11045	550	540	0	0
15706	11	17016	670	640	0	0
15706	12	17016	630	620	0	0
15706	13	13101	690	600	0	0
15711	1	26021	510	480	0	0
15711	2	26019	1930	940	0	0
15711	3	26020	1070	660	0	0
15711	4	13009	250	460	0	0
15711	5	13014	230	500	0	0
15711	6	26001	1970	900	0	0
15711	7	26001	1970	980	0	0
15711	8	26001	1110	620	0	0
15711	9	26001	1110	700	0	0
15711	10	26001	470	440	0	0
15711	11	26001	550	440	0	0
15802	1	10132	1150	740	243	3
15802	2	10132	590	1660	235	3
15802	3	10093	550	2160	226	3
15802	4	17053	590	960	238	3
15802	5	17053	1070	1440	289	1
15802	6	14031	990	2040	0	0
15802	7	14348	1030	2200	0	0
15802	8	14334	930	2160	0	0
15802	9	14122	970	2260	0	0
15802	10	14344	1090	2280	0	0
15802	11	14345	1190	2260	0	0
15802	12	14053	1130	2200	0	0
15804	1	12033	470	400	0	0
15805	1	10132	2850	980	182	1
15805	2	10093	2890	560	187	3
15805	3	17053	2050	480	158	3
15805	4	17053	750	740	229	3
15805	5	10093	1630	940	135	3
15805	6	10132	1090	940	143	3
15805	7	18003	350	400	0	0
15805	8	12020	270	340	0	0
15805	9	14092	410	320	0	0
15805	10	14012	470	340	0	0
15805	11	14304	510	400	0	0
15811	1	10050	590	880	220	3
15811	2	17037	1070	900	212	3
15811	3	17037	1250	540	182	3
15811	4	11020	450	420	0	0
15811	5	11021	530	420	0	0
15811	6	11016	370	580	0	0
15811	7	11071	610	420	0	0
15811	8	11060	410	500	0	0
15812	1	10050	2750	860	113	3
15812	2	10050	2090	580	255	3
15812	3	10050	1050	840	257	1
15812	4	17037	2910	580	148	1
15812	5	17037	1590	800	279	3
15812	6	17037	530	740	247	3
15812	7	12043	370	300	0	0
15812	8	11050	2890	1040	0	0
15812	9	11018	2930	960	0	0
15812	10	11024	2810	1040	0	0
15812	11	11053	3010	960	0	0
15812	12	11026	2770	1120	0	0
15812	13	11034	270	380	0	0
15812	14	17179	490	300	0	0
15821	1	15139	2430	920	149	1
15821	2	15139	1950	600	191	3
15821	3	13040	1290	840	163	3
15821	4	13040	730	620	190	3
15822	1	15139	1130	1600	233	1
15822	2	13040	630	1660	264	3
15822	3	13040	1110	660	261	1
15822	4	15139	570	680	275	3
15822	5	14312	270	2340	0	0
15823	1	10073	2150	560	182	3
15823	2	10073	1550	580	180	1
15823	3	10073	1110	860	142	1
15823	4	10062	2350	960	125	3
15823	5	10062	1870	920	176	3
15823	6	10062	730	880	170	1
15823	7	10073	450	520	107	3
15823	8	14046	2890	920	0	0
15823	9	14047	2950	860	0	0
15823	10	14329	2950	960	0	0
15824	1	46011	450	940	127	3
15824	2	46011	1890	600	189	1
15824	3	46011	2650	900	175	3
15824	4	46012	1890	900	160	3
15824	5	46012	2250	840	137	1
15824	6	46012	2550	540	135	3
15831	1	17213	850	1120	270	3
15831	2	17213	1330	1280	231	3
15831	3	17211	630	680	239	3
15831	4	17211	1910	1520	221	3
15831	5	17211	1990	780	186	3
15831	6	14303	2190	420	0	0
15831	7	14321	2210	340	0	0
15831	8	14304	2310	400	0	0
15831	9	11014	2010	520	0	0
15832	1	46003	510	560	163	3
15832	2	46003	1170	920	147	3
15832	3	46003	490	1540	176	3
15832	4	46004	1110	1240	130	3
15832	5	46004	910	580	155	1
15832	6	46004	490	900	142	3
15841	1	13042	2230	2320	135	3
15841	2	13043	2010	2300	119	3
15841	3	14108	610	300	0	0
15841	4	13057	330	960	0	0
15841	5	12082	250	980	0	0
15841	6	14517	350	900	0	0
15842	1	20001	410	200	0	0
15842	2	14353	430	280	0	0
15843	1	13041	1190	720	169	3
15843	2	13041	1110	1580	225	1
15843	3	13043	1030	2120	229	3
15843	4	13043	550	1580	185	3
15843	5	30002	310	2400	0	0
15843	6	14352	490	2300	0	0
15843	7	14348	630	2340	0	0
15843	8	14349	430	2180	0	0
15843	9	14345	550	2180	0	0
15843	10	14344	630	2240	0	0
15843	11	12082	350	480	0	0
15843	12	11021	470	620	0	0
15843	13	17351	490	520	0	0
15843	14	17351	350	620	0	0
15843	15	17351	450	720	0	0
15843	16	17351	590	620	0	0
15844	1	13041	2070	460	99	3
15844	2	13041	1050	480	85	3
15844	3	13044	450	460	99	1
15845	1	20001	210	340	0	0
15845	2	14062	330	340	0	0
15845	3	13003	270	380	0	0
15845	4	13010	550	460	0	0
15846	1	20001	290	300	0	0
15846	2	13009	190	340	0	0
15847	1	20001	450	360	0	0
15847	2	13014	370	400	0	0
15848	1	46001	530	560	140	1
15848	2	46001	870	940	144	3
15848	3	46001	1250	540	134	1
15848	4	46002	890	580	144	3
15848	5	46002	510	880	136	1
15848	6	46002	1230	840	124	3
15851	1	17092	1630	680	169	3
15851	2	17059	1190	500	120	1
15851	3	17092	510	640	169	1
15851	4	17059	2070	680	115	1
15852	1	17092	1130	1520	186	3
15852	2	17059	590	1400	227	1
15852	3	17092	550	600	180	3
15852	4	17059	1210	680	176	3
15852	5	14031	1290	360	0	0
15853	1	46009	530	580	173	1
15853	2	46009	2090	520	142	3
15853	3	46009	1050	580	128	3
15853	4	46010	1450	580	178	1
15853	5	46010	1910	900	175	1
15853	6	46010	810	940	143	1
15861	1	10178	1910	1400	161	1
15861	2	10178	2050	560	140	3
15861	3	10178	1030	1600	128	3
15861	4	10186	1970	980	155	3
15861	5	10186	1550	520	124	3
15861	6	10186	490	780	158	3
15861	7	10178	650	1580	146	1
15861	8	10186	990	540	113	3
15861	9	11047	410	400	0	0
15861	10	11021	490	400	0	0
15861	11	11036	370	480	0	0
15861	12	11040	550	420	0	0
15861	13	11043	250	220	0	0
15861	14	11054	330	180	0	0
15861	15	11056	150	240	0	0
15861	16	14293	250	120	0	0
15861	17	14295	150	160	0	0
15861	18	17012	430	520	0	0
15861	19	14292	230	1740	0	0
15861	20	11092	270	1640	0	0
15861	21	11084	330	1640	0	0
15861	22	11019	390	1660	0	0
15861	23	11069	410	1720	0	0
15861	24	11070	370	1780	0	0
15861	25	11016	2190	1600	0	0
15861	26	11071	2230	1640	0	0
15861	27	11047	2110	1560	0	0
15861	28	11034	2050	1580	0	0
15861	29	12020	2010	1660	0	0
15861	30	12033	2050	1720	0	0
15862	1	46007	530	640	162	3
15862	2	46007	1150	1600	156	1
15862	3	46007	1050	800	177	3
15862	4	46008	570	1040	156	1
15862	5	46008	790	1400	173	1
15862	6	46008	1110	1160	140	3
15863	1	14009	550	460	0	0
15863	2	12033	590	540	0	0
15863	3	12043	550	560	0	0
15863	4	12020	510	580	0	0
15863	5	14069	310	480	0	0
15863	6	14056	350	460	0	0
15863	7	14024	390	440	0	0
15863	8	17219	350	600	0	0
15863	9	17219	210	540	0	0
15871	1	17089	670	620	160	3
15871	2	17089	710	1180	203	3
15871	3	17088	750	1820	187	3
15871	4	17088	710	2460	207	1
15871	5	17088	910	3120	213	1
15871	6	17089	470	3140	172	1
15871	7	20001	170	2440	0	0
15881	1	14343	1770	800	0	0
15881	2	13009	1770	800	0	0
15881	3	14333	450	500	0	0
15881	4	13009	450	500	0	0
15881	5	17566	370	460	0	0
15881	6	17566	510	440	0	0
15881	7	13009	590	500	0	0
15881	8	13069	650	540	0	0
15891	1	11010	770	420	0	0
15891	2	17355	890	520	0	0
15891	3	17355	630	620	0	0
15891	4	11037	1210	780	0	0
15891	5	11024	1210	820	0	0
15891	6	17355	1270	780	0	0
15891	7	17355	1150	780	0	0
15891	8	13145	1210	1000	0	0
15891	9	13146	1270	1020	0	0
15891	10	13093	1150	1020	0	0
15891	11	40053	1330	1040	0	0
15891	12	40053	1090	1060	0	0
15893	1	26041	850	1060	0	0
15893	2	26033	330	300	0	0
15893	3	26042	530	480	0	0
15893	4	26001	610	480	0	0
15893	5	26001	530	560	0	0
15893	6	13093	650	100	0	0
15893	7	26043	530	480	0	0
15893	8	13146	710	100	0	0
15895	1	11037	430	460	0	0
15895	2	11017	810	500	0	0
15895	3	11010	510	400	0	0
15895	4	11041	310	500	0	0
15895	5	11034	370	520	0	0
15895	6	11031	430	560	0	0
15895	7	11003	490	580	0	0
15895	8	11024	550	620	0	0
15895	9	11050	570	420	0	0
15895	10	11014	630	440	0	0
15895	11	11006	690	460	0	0
15895	12	11144	750	480	0	0
15895	13	17355	650	560	0	0
15896	1	11037	270	220	0	0
15896	2	11041	650	180	0	0
15896	3	11006	730	200	0	0
15896	4	11144	830	240	0	0
15896	5	17355	530	380	0	0
15896	6	17355	610	340	0	0
15896	7	40054	770	340	0	0
15896	8	40054	710	380	0	0
15896	9	40054	650	420	0	0
15896	10	40054	590	460	0	0
15896	11	11003	330	220	0	0
15901	1	17005	350	1280	0	0
15901	2	17005	90	1420	0	0
15901	3	24006	150	620	0	0
15901	4	24005	1470	940	0	0
15901	5	18005	550	400	0	0
15901	6	18005	710	320	0	0
15901	7	18005	1110	120	0	0
15901	8	22012	1110	1320	0	0
15901	9	22012	1290	1420	0	0
15901	10	22012	1450	1520	0	0
15901	11	21001	750	660	0	0
15901	12	21001	830	620	0	0
15901	13	17227	90	1220	0	0
15901	14	19043	630	720	0	0
16001	1	15278	1090	620	0	0
16001	2	15278	1250	500	0	0
16001	3	15158	290	300	0	0
16001	4	14236	1150	360	0	0
16001	5	16023	830	220	0	0
16001	6	15171	1010	360	0	0
16001	7	15277	1090	320	0	0
16001	8	15303	990	340	0	0
16001	9	15304	950	500	0	0
16001	10	15278	870	520	0	0
16001	11	15278	990	560	0	0
16001	12	16043	210	460	0	0
16101	1	15277	530	400	0	0
16131	1	15282	530	400	0	0
16402	1	15171	610	620	0	0
16402	2	15384	1250	660	0	0
16402	3	15278	1190	600	0	0
16402	4	15278	1230	540	0	0
16402	5	15278	1290	560	0	0
16402	6	15383	1370	660	0	0
16402	7	27134	1210	660	0	0
16412	1	35051	250	320	0	0
16412	2	35053	370	300	0	0
16412	3	35052	310	360	0	0
16412	4	15384	610	400	0	0
16412	5	15278	690	360	0	0
16412	6	15278	710	440	0	0
16412	7	15383	930	480	0	0
16412	8	15384	990	480	0	0
16412	9	35051	950	460	0	0
16412	10	40032	830	440	0	0
16412	11	15278	970	460	0	0
16501	1	15219	3130	1580	0	0
16501	2	15383	1330	1180	0	0
16501	3	35053	1190	1060	0	0
16502	1	20001	170	260	0	0
16504	1	24001	330	1120	0	0
16504	2	20002	1330	1200	0	0
16504	3	20001	3130	1500	0	0
16504	4	20001	1050	1860	0	0
16504	5	15303	2090	940	0	0
16505	1	20002	190	200	0	0
16506	1	20002	2030	2360	0	0
16506	2	20002	3150	940	0	0
16506	3	20002	1010	1760	0	0
16506	4	20001	2290	1160	0	0
16507	1	20001	630	360	0	0
16508	1	20001	390	440	0	0
16508	2	13054	430	260	0	0
16509	1	20002	630	520	0	0
16510	1	24001	3030	1740	0	0
16510	2	20001	3170	1180	0	0
16510	3	20001	1410	1220	0	0
16510	4	20002	170	360	0	0
16511	1	20001	450	260	0	0
16511	2	15222	370	280	0	0
16512	1	20002	230	480	0	0
16521	1	15220	270	1680	0	0
16521	2	28029	30	80	0	0
16522	1	20001	210	220	0	0
16523	1	17311	1970	180	0	0
16523	2	17311	1930	240	0	0
16523	3	17311	2050	200	0	0
16523	4	17311	1910	300	0	0
16523	5	17311	2110	220	0	0
16523	6	17311	1930	360	0	0
16523	7	17311	2170	240	0	0
16523	8	17311	1970	400	0	0
16523	9	17311	2210	260	0	0
16523	10	17311	1990	440	0	0
16523	11	17311	2250	320	0	0
16523	12	17311	2050	480	0	0
16523	13	17311	2190	380	0	0
16523	14	17311	2130	440	0	0
16525	1	20001	230	180	0	0
16525	2	20001	1910	1060	0	0
16527	1	20001	270	120	0	0
16527	2	15221	2290	160	0	0
16527	3	17311	2210	140	0	0
16527	4	17311	2330	240	0	0
16527	5	28029	2230	320	0	0
16531	1	25109	1350	940	0	0
16531	2	25110	2010	1100	0	0
16531	3	25111	410	1100	0	0
16532	1	25109	590	200	0	0
16532	2	25110	530	200	0	0
16532	3	25111	610	520	0	0
16533	1	25085	2310	860	0	0
16533	2	25085	1130	940	0	0
16533	3	25085	270	860	0	0
16534	1	25112	570	200	0	0
16534	2	25116	250	220	0	0
16535	1	25112	1130	920	0	0
16535	2	25112	1130	240	0	0
16535	3	25115	1470	220	0	0
16535	4	25112	2310	220	0	0
16535	5	25116	1970	200	0	0
16535	6	25121	3130	860	0	0
16536	1	25109	590	200	0	0
16536	2	25110	250	180	0	0
16536	3	25109	210	520	0	0
16537	1	25113	1510	1860	0	0
16537	2	25114	1010	1860	0	0
16537	3	25117	1450	220	0	0
16537	4	25113	1110	940	0	0
16538	1	25105	250	180	0	0
16538	2	25104	630	520	0	0
16539	1	25108	1510	1200	0	0
16539	2	25104	2350	1200	0	0
16539	3	25105	1370	300	0	0
16540	1	20001	150	340	0	0
16542	1	20001	190	200	0	0
16551	1	35057	1130	760	0	0
16551	2	35052	370	480	0	0
16551	3	35053	190	880	0	0
16551	4	35052	1050	940	0	0
16551	5	15384	30	80	0	0
16551	6	35053	1230	700	0	0
16551	7	15383	1270	740	0	0
16551	8	27134	1330	920	0	0
16801	1	17028	810	1360	278	1
16801	2	17028	1390	1460	209	3
16801	3	17028	1730	640	222	3
16801	4	17029	2250	760	258	3
16801	5	17029	2770	940	207	3
16801	6	17029	2770	1440	160	1
16802	1	17031	510	880	152	1
16802	2	17031	1170	800	191	1
16802	3	17032	610	1660	211	3
16802	4	17032	1110	1640	178	3
16802	5	17031	790	580	174	3
16811	1	28035	450	960	0	0
16811	2	28001	770	660	0	0
16811	3	10224	470	700	0	0
16811	4	10225	370	700	0	0
16811	5	10227	430	800	0	0
16811	6	10227	650	780	0	0
16811	7	10226	570	720	0	0
16811	8	10227	490	620	0	0
16811	9	15277	570	940	0	0
16811	10	15278	470	1040	0	0
16811	11	15278	630	1020	0	0
16811	12	15278	710	940	0	0
16811	13	28035	30	800	0	0
16811	14	28001	30	700	0	0
18000	1	16066	30	80	0	0
18001	1	15158	230	940	0	0
18001	2	17229	310	1020	0	0
18001	3	17229	470	1120	0	0
18001	4	13032	1310	280	0	0
18001	5	17229	1350	260	0	0
18001	6	17229	1470	320	0	0
18001	7	13053	70	340	0	0
18001	8	13049	1630	500	0	0
18001	9	13050	1630	580	0	0
18001	10	13051	1590	540	0	0
18001	11	24008	1550	940	0	0
18001	12	15211	790	340	0	0
18001	13	17292	750	380	0	0
18001	14	28025	830	420	0	0
18001	15	17325	930	360	0	0
18001	16	15267	910	500	0	0
18001	17	15268	870	520	0	0
18001	18	15269	770	520	0	0
18001	19	15259	1630	1220	0	0
18001	20	15260	970	680	0	0
18001	21	15225	630	440	0	0
18001	22	15205	1270	880	0	0
18001	23	15271	1170	820	0	0
18001	24	15196	1270	940	0	0
18001	25	15197	1350	780	0	0
18001	26	15138	870	280	0	0
18001	27	15117	990	900	0	0
18001	28	15119	950	820	0	0
18001	29	15046	370	220	0	0
18001	30	17229	410	280	0	0
18001	31	17229	230	140	0	0
18001	32	38010	1110	420	0	0
18001	33	12027	230	1220	0	0
18001	34	13006	390	1120	0	0
18001	35	15248	370	1260	0	0
18001	36	15249	450	1240	0	0
18001	37	15245	470	1180	0	0
18001	38	15251	230	1140	0	0
18001	39	15252	290	1100	0	0
18001	40	12033	610	1180	0	0
18001	41	12041	170	1180	0	0
18001	42	13030	290	1180	0	0
18001	43	15401	1130	220	0	0
18001	44	12035	1550	400	0	0
18001	45	13044	1450	460	0	0
18002	1	16014	470	360	0	0
18002	2	15183	570	580	0	0
18002	3	15007	650	560	0	0
18002	4	13084	730	360	0	0
18002	5	15402	650	440	0	0
18002	6	13044	790	420	0	0
18002	7	19053	1050	400	0	0
18003	1	15232	390	180	0	0
18003	2	15232	490	100	0	0
18003	3	13030	210	540	0	0
18011	1	13044	590	460	0	0
18011	2	13044	630	480	0	0
18011	3	16005	350	600	0	0
18011	4	16017	650	720	0	0
18011	5	15158	230	660	0	0
18011	6	13019	690	460	0	0
18012	1	13044	230	260	0	0
18012	2	13044	390	220	0	0
18012	3	16023	650	80	0	0
18012	4	13029	210	380	0	0
18012	5	15309	470	160	0	0
18012	6	15378	750	120	0	0
18013	1	13121	650	500	0	0
18021	1	16021	190	400	0	0
18021	2	17004	610	560	0	0
18021	3	17004	370	480	0	0
18021	4	17019	530	600	0	0
18021	5	13062	210	540	0	0
18021	6	13063	270	520	0	0
18021	7	13026	790	660	0	0
18022	1	16013	190	120	0	0
18022	2	17005	1070	340	0	0
18022	3	17005	1210	420	0	0
18022	4	15158	690	180	0	0
18022	5	15021	470	140	0	0
18022	6	15109	650	780	0	0
18031	1	15180	1370	520	0	0
18031	2	15023	510	1040	0	0
18031	3	15181	550	460	0	0
18031	4	15014	150	500	0	0
18031	5	15182	1030	280	0	0
18031	6	13094	1110	860	0	0
18031	7	13095	1070	800	0	0
18031	8	17272	1150	780	0	0
18031	9	17378	1190	880	0	0
18031	10	17272	1090	940	0	0
18031	11	17378	1010	880	0	0
18031	12	14521	950	860	0	0
18031	13	14522	850	860	0	0
18031	14	17029	830	940	0	0
18031	15	10147	930	940	0	0
18031	16	13038	830	800	0	0
18031	17	13061	910	760	0	0
18031	18	17230	830	740	0	0
18031	19	13026	290	1060	0	0
18031	20	13034	230	1020	0	0
18031	21	10268	170	1180	0	0
18031	22	20001	110	1220	0	0
18041	1	17231	650	600	0	0
18041	2	17231	510	640	0	0
18041	3	15169	970	340	0	0
18041	4	15225	190	500	0	0
18041	5	14379	30	80	0	0
18041	6	15216	330	280	0	0
18041	7	15183	430	300	0	0
18041	8	13048	490	420	0	0
18041	9	14379	530	560	0	0
18041	10	17251	470	540	0	0
18041	11	17251	570	520	0	0
18041	12	13003	430	640	0	0
18041	13	13002	690	560	0	0
18041	14	17349	350	620	0	0
18041	15	17349	430	700	0	0
18041	16	17349	690	500	0	0
18041	17	17349	770	580	0	0
18041	18	10268	710	620	0	0
18041	19	20001	770	620	0	0
18051	1	14261	230	360	0	0
18051	2	14140	990	660	0	0
18051	3	15205	710	260	0	0
18051	4	17086	790	720	0	0
18051	5	17054	870	740	0	0
18051	6	17086	710	760	0	0
18051	7	17087	810	880	0	0
18051	8	17087	870	820	0	0
18051	9	13092	570	780	0	0
18051	10	13003	650	840	0	0
18051	11	20001	310	820	0	0
18051	12	10268	370	800	0	0
18061	1	16014	170	440	0	0
18061	2	15158	1450	460	0	0
18061	3	15195	670	700	0	0
18061	4	15192	1470	1100	0	0
18061	5	15048	650	200	0	0
18061	6	14430	770	280	0	0
18061	7	13002	150	1160	0	0
18061	8	13014	250	1040	0	0
18061	9	13024	190	1000	0	0
18071	1	15111	1450	1100	0	0
18071	2	15119	470	880	0	0
18071	3	16021	670	160	0	0
18071	4	13003	1470	520	0	0
18071	5	17609	1470	460	0	0
18071	6	17609	1510	480	0	0
18071	7	17609	1550	500	0	0
18071	8	17258	110	540	0	0
18071	9	17258	150	520	0	0
18071	10	17258	190	500	0	0
18071	11	13010	190	560	0	0
18071	12	17609	1390	460	0	0
18071	13	17258	230	480	0	0
18081	1	14354	510	280	0	0
18081	2	17251	970	700	0	0
18101	1	20001	570	480	0	0
18101	2	13038	510	320	0	0
18101	3	13094	390	420	0	0
18101	4	13095	450	420	0	0
18102	1	13018	490	300	0	0
18102	2	20001	350	280	0	0
18102	3	13034	530	360	0	0
18102	4	13026	230	400	0	0
18103	1	13026	350	280	0	0
18103	2	20001	610	320	0	0
18104	1	13036	350	360	0	0
18104	2	13037	610	320	0	0
18104	3	20001	130	400	0	0
18105	1	13084	550	360	0	0
18105	2	20001	610	320	0	0
18106	1	14379	190	380	0	0
18106	2	17251	630	420	0	0
18107	1	13003	450	280	0	0
18107	2	20001	650	280	0	0
18107	3	13092	290	380	0	0
18107	4	13021	170	440	0	0
18108	1	14424	350	400	0	0
18108	2	20001	430	260	0	0
18108	3	13002	490	460	0	0
18108	4	17231	570	420	0	0
18109	1	13002	490	300	0	0
18109	2	20001	350	260	0	0
18109	3	17518	370	420	0	0
18110	1	14430	410	340	0	0
18111	1	13016	550	340	0	0
18111	2	13019	390	300	0	0
18111	3	13003	330	360	0	0
18111	4	13010	410	400	0	0
18111	5	17609	290	400	0	0
18111	6	17258	370	440	0	0
18112	1	15115	450	300	0	0
18112	2	20001	670	360	0	0
18112	3	13013	290	380	0	0
18112	4	13083	170	380	0	0
18112	5	13081	350	520	0	0
18112	6	13082	410	500	0	0
18112	7	13078	310	480	0	0
18112	8	13079	370	460	0	0
18113	1	13009	490	280	0	0
18113	2	13036	550	320	0	0
18113	3	13037	410	280	0	0
18113	4	12001	290	360	0	0
18113	5	13030	350	380	0	0
18113	6	17229	530	520	0	0
18113	7	13018	510	420	0	0
18113	8	13035	570	420	0	0
18113	9	13024	490	440	0	0
18113	10	13025	550	440	0	0
18113	11	13029	330	400	0	0
18113	12	13006	270	380	0	0
18113	13	13005	470	460	0	0
18113	14	13003	530	460	0	0
18113	15	15161	610	340	0	0
18113	16	14572	330	440	0	0
18114	1	12027	550	360	0	0
18114	2	12033	390	320	0	0
18114	3	17364	290	400	0	0
18115	1	13061	530	300	0	0
18115	2	15308	590	300	0	0
18115	3	13016	290	440	0	0
18115	4	13084	510	480	0	0
18115	5	15308	490	280	0	0
18116	1	12033	570	320	0	0
18116	2	41081	510	300	0	0
18116	3	13095	570	500	0	0
18116	4	12027	370	360	0	0
18117	1	13122	330	360	0	0
18117	2	13123	470	320	0	0
18118	1	12041	350	340	0	0
18118	2	13113	530	380	0	0
18131	1	13017	550	340	0	0
18131	2	20001	310	360	0	0
18132	1	13084	550	320	0	0
18132	2	20001	290	380	0	0
18132	3	12033	370	400	0	0
18132	4	12027	350	360	0	0
18132	5	13036	410	260	0	0
18133	1	13032	550	360	0	0
18134	1	13048	550	320	0	0
18134	2	13119	450	300	0	0
18135	1	13047	290	340	0	0
18136	1	13035	470	300	0	0
18137	1	13058	330	280	0	0
18137	2	13059	410	260	0	0
18138	1	17204	390	320	0	0
18138	2	15224	330	380	0	0
18138	3	17202	370	400	0	0
18138	4	17202	310	420	0	0
18139	1	14429	370	380	0	0
18140	1	15179	450	320	0	0
18140	2	14424	330	380	0	0
18141	1	14427	330	300	0	0
18141	2	14428	290	360	0	0
18142	1	15199	450	300	0	0
18142	2	10223	350	340	0	0
18142	3	10218	470	420	0	0
18142	4	10217	550	360	0	0
18142	5	10222	510	280	0	0
18143	1	15057	550	340	0	0
18143	2	20001	270	380	0	0
18144	1	13104	290	320	0	0
18144	2	13088	370	300	0	0
18171	1	13028	570	400	0	0
18171	2	20001	270	400	0	0
18172	1	15041	270	380	0	0
18172	2	15052	330	340	0	0
18173	1	13053	550	380	0	0
18174	1	13034	350	280	0	0
18174	2	14206	510	340	0	0
18174	3	14232	590	440	0	0
18174	4	14231	210	360	0	0
18175	1	13094	310	380	0	0
18175	2	13095	370	320	0	0
18175	3	15014	830	680	0	0
18176	1	14373	470	340	0	0
18176	2	13006	330	360	0	0
18176	3	14379	530	380	0	0
18176	4	14366	390	340	0	0
18176	5	17198	550	440	0	0
18176	6	10257	470	480	0	0
18176	7	10258	510	460	0	0
18176	8	10260	450	460	0	0
18176	9	10259	490	440	0	0
18177	1	15132	430	340	0	0
18178	1	10023	470	400	0	0
18179	1	20001	270	300	0	0
18179	2	15191	410	300	0	0
18179	3	10220	370	280	0	0
18179	4	10219	430	400	0	0
18179	5	10221	550	380	0	0
18180	1	15037	410	300	0	0
18180	2	15028	510	320	0	0
18180	3	15034	510	360	0	0
18180	4	15041	490	380	0	0
18180	5	15026	450	400	0	0
18180	6	27034	310	340	0	0
18180	7	27175	290	360	0	0
18180	8	15138	350	360	0	0
18180	9	15168	370	360	0	0
18181	1	13031	510	340	0	0
18182	1	14480	410	300	0	0
18182	2	14481	330	320	0	0
18182	3	14482	430	340	0	0
18182	4	14483	490	360	0	0
18183	1	15200	390	320	0	0
18184	1	13023	450	300	0	0
18185	1	15170	550	380	0	0
18185	2	20001	230	380	0	0
18185	3	15088	410	300	0	0
18186	1	13007	410	320	0	0
18186	2	20001	290	360	0	0
18187	1	13114	510	360	0	0
18187	2	13005	350	340	0	0
18187	3	13016	530	480	0	0
18187	4	13018	610	440	0	0
18188	1	13019	390	380	0	0
18188	2	13120	330	400	0	0
18188	3	15378	530	360	0	0
18188	4	13115	490	340	0	0
18189	1	13096	370	340	0	0
18201	1	16010	330	320	0	0
18202	1	16003	310	340	0	0
18203	1	16010	290	340	0	0
18221	1	16008	290	300	0	0
18221	2	15052	590	360	0	0
18221	3	13056	350	460	0	0
18222	1	16007	310	320	0	0
18241	1	16018	490	400	0	0
18241	2	13093	270	500	0	0
18241	3	13033	310	420	0	0
18241	4	12041	350	560	0	0
18242	1	16001	330	400	0	0
18242	2	15030	230	300	0	0
18242	3	15096	650	440	0	0
18242	4	15201	150	500	0	0
18242	5	15189	210	480	0	0
18242	6	15191	250	520	0	0
18243	1	16016	350	400	0	0
18243	2	13085	590	500	0	0
18243	3	13022	550	420	0	0
18243	4	12041	510	560	0	0
18261	1	16011	410	240	0	0
18262	1	16012	430	240	0	0
18301	1	13014	750	400	0	0
18301	2	20001	110	480	0	0
18301	3	13025	370	360	0	0
18301	4	13024	270	400	0	0
18301	5	13026	170	440	0	0
18301	6	13077	490	580	0	0
18301	7	13036	590	320	0	0
18301	8	13016	650	340	0	0
18301	9	13056	590	540	0	0
18301	10	15052	410	480	0	0
18301	11	13018	690	500	0	0
18301	12	13009	470	320	0	0
18301	13	12001	430	500	0	0
18301	14	13030	370	480	0	0
18301	15	13061	510	300	0	0
18301	16	13049	370	560	0	0
18301	17	13051	510	340	0	0
18301	18	17229	210	500	0	0
18301	19	13008	590	440	0	0
18301	20	13028	550	460	0	0
18301	21	12041	430	500	0	0
18301	22	13005	410	440	0	0
18301	23	13072	470	440	0	0
18301	24	12035	510	480	0	0
18301	25	17229	410	500	0	0
18301	26	13044	510	400	0	0
18301	27	23004	430	460	0	0
18301	28	12035	570	440	0	0
18302	1	13044	710	400	0	0
18302	2	13124	450	520	0	0
18302	3	13118	350	480	0	0
18302	4	13028	270	440	0	0
18302	5	14404	510	320	0	0
18302	6	13004	610	360	0	0
18303	1	14373	590	440	0	0
18303	2	17019	330	320	0	0
18303	3	17249	390	520	0	0
18303	4	17249	490	480	0	0
18303	5	17249	230	360	0	0
18303	6	13014	570	320	0	0
18303	7	13009	370	420	0	0
18303	8	13046	290	420	0	0
18303	9	11051	310	480	0	0
18304	1	13061	650	380	0	0
18304	2	13006	970	420	0	0
18304	3	12014	430	600	0	0
18304	4	12027	450	520	0	0
18304	5	13016	810	380	0	0
18304	6	13024	850	520	0	0
18304	7	13032	870	600	0	0
18304	8	13036	570	360	0	0
18304	9	15020	530	460	0	0
18305	1	13018	530	260	0	0
18305	2	13026	430	300	0	0
18305	3	13007	330	340	0	0
18305	4	13031	230	380	0	0
18305	5	13022	130	420	0	0
18305	6	13033	970	440	0	0
18305	7	13023	870	480	0	0
18305	8	13072	770	520	0	0
18305	9	13073	670	560	0	0
18305	10	13074	570	600	0	0
18305	11	12001	590	420	0	0
18305	12	13025	650	440	0	0
18305	13	13030	710	260	0	0
18305	14	13061	910	280	0	0
18305	15	13016	970	320	0	0
18305	16	13084	850	400	0	0
18305	17	15031	630	360	0	0
18305	18	15287	670	380	0	0
18305	19	15387	730	400	0	0
18305	20	15402	790	420	0	0
18401	1	16044	590	1060	0	0
18401	2	38151	790	320	0	0
18402	1	13002	1210	380	0	0
18402	2	17061	1110	800	0	0
18402	3	17061	1230	800	0	0
18403	1	15087	1250	780	0	0
18403	2	15049	1390	720	0	0
18403	3	15042	1170	740	0	0
18403	4	13087	910	480	0	0
18403	5	17317	950	440	0	0
18403	6	13061	30	80	0	0
18403	7	12033	1130	500	0	0
18403	8	13016	1230	520	0	0
18404	1	13061	410	380	0	0
18404	2	13038	510	400	0	0
18404	3	20001	330	240	0	0
18404	4	17099	250	340	0	0
18404	5	17115	330	360	0	0
18404	6	17115	210	380	0	0
18404	7	17099	290	400	0	0
18404	8	17099	430	460	0	0
18404	9	13016	350	420	0	0
18404	10	13007	370	480	0	0
18404	11	13031	310	460	0	0
18404	12	17114	250	440	0	0
18404	13	13016	370	340	0	0
18404	14	13084	470	420	0	0
18404	15	13087	450	460	0	0
18404	16	17316	430	500	0	0
18404	17	17316	490	460	0	0
18404	18	17317	390	520	0	0
18404	19	17317	530	440	0	0
18404	20	12033	310	420	0	0
18404	21	12027	290	440	0	0
18405	1	15052	770	560	0	0
18405	2	13014	870	740	0	0
18405	3	13036	810	720	0	0
18405	4	13024	650	640	0	0
18405	5	13025	850	640	0	0
18405	6	13061	750	740	0	0
18405	7	15052	590	680	0	0
18405	8	15052	890	900	0	0
18405	9	15052	490	980	0	0
18405	10	12033	1070	880	0	0
18405	11	13016	1130	840	0	0
18411	1	13021	410	640	0	0
18411	2	13017	350	720	0	0
18411	3	13027	430	760	0	0
18411	4	13001	530	700	0	0
18411	5	13005	510	620	0	0
18421	1	13095	530	220	0	0
18421	2	12027	470	200	0	0
18421	3	12033	490	140	0	0
18421	4	41081	410	180	0	0
18421	5	12001	330	200	0	0
18421	6	13008	590	500	0	0
18421	7	13028	530	520	0	0
18421	8	13020	650	480	0	0
18421	9	13027	470	540	0	0
18422	1	14347	490	780	0	0
18422	2	14275	490	900	0	0
18422	3	14346	630	740	0	0
18423	1	17144	1730	660	230	1
18423	2	17144	750	1220	263	3
18423	3	17144	2710	1380	261	3
18423	4	17077	1270	1460	204	3
18423	5	17077	2670	880	260	3
18423	6	17077	2090	980	208	1
18423	7	17077	770	580	143	1
18423	8	17144	1770	1460	243	3
18423	9	14062	2590	480	0	0
18423	10	14084	2650	580	0	0
18423	11	13003	2550	620	0	0
18424	1	46061	1210	560	149	3
18424	2	46061	550	1320	132	3
18424	3	46061	450	480	108	3
18424	4	46062	1190	880	129	3
18424	5	46062	830	1080	124	1
18424	6	46062	890	1420	125	3
18432	1	10063	550	580	0	0
18432	2	10063	510	560	0	0
18432	3	10063	470	520	0	0
18432	4	10064	550	620	0	0
18432	5	10064	490	600	0	0
18432	6	10064	450	560	0	0
18432	7	17328	650	600	0	0
18433	1	17251	970	960	128	3
18433	2	17251	1950	640	236	1
18433	3	17251	2910	1040	134	3
18433	4	17252	1610	780	247	1
18433	5	17252	2910	520	136	3
18433	6	17252	450	940	113	1
18433	7	28034	310	260	0	0
18433	8	13047	1010	440	0	0
18433	9	13020	1110	380	0	0
18433	10	17366	1230	520	0	0
18433	11	17367	1150	580	0	0
18433	12	13002	1130	480	0	0
18434	1	40001	830	680	0	0
18434	2	17226	690	700	0	0
18434	3	14232	610	640	0	0
18434	4	14232	590	740	0	0
18434	5	13022	910	780	0	0
18434	6	13074	970	740	0	0
18435	1	13024	1470	220	0	0
18435	2	13014	1370	200	0	0
18435	3	13002	1510	100	0	0
18435	4	13009	1310	200	0	0
18435	5	17518	1350	220	0	0
18442	1	46047	1230	600	136	3
18442	2	46047	470	1620	141	3
18442	3	46047	1070	1260	179	3
18442	4	46048	890	800	149	3
18442	5	46048	590	1220	164	3
18442	6	46048	510	860	153	3
18443	1	13072	1050	500	0	0
18443	2	13073	1130	520	0	0
18444	1	17253	570	620	227	1
18444	2	17253	1450	880	152	3
18444	3	17270	970	920	158	3
18444	4	17270	1010	560	156	1
18444	5	15402	550	220	0	0
18444	6	28058	410	240	0	0
18444	7	28058	510	340	0	0
18451	1	15203	1170	380	0	0
18451	2	15171	1110	380	0	0
18453	1	17276	670	680	194	1
18453	2	17276	1070	680	212	1
18453	3	17277	670	1660	308	3
18453	4	17277	1070	2120	274	1
18454	1	14355	470	560	0	0
18454	2	14356	510	500	0	0
18454	3	14366	410	500	0	0
18455	1	46045	2070	540	171	3
18455	2	46045	1030	860	190	3
18455	3	46045	2650	920	160	3
18455	4	46046	2290	900	146	1
18455	5	46046	1670	860	202	3
18455	6	46046	530	900	166	3
18462	1	14427	850	420	0	0
18462	2	14428	810	440	0	0
18462	3	14480	910	400	0	0
18462	4	14481	990	440	0	0
18462	5	14483	1070	480	0	0
18462	6	17275	1030	460	0	0
18462	7	13009	1010	520	0	0
18462	8	14482	950	420	0	0
18501	1	24001	1330	280	0	0
18501	2	10239	1910	1680	0	0
18501	3	13038	2030	1740	0	0
18501	4	10240	1870	1800	0	0
18503	1	13008	3070	1520	0	0
18503	2	13028	2990	1520	0	0
18503	3	13020	3130	1600	0	0
18504	1	14367	2230	2240	0	0
18504	2	17235	2230	2160	0	0
18504	3	17235	2310	2220	0	0
18506	1	35010	3650	320	0	0
18506	2	15171	3810	260	0	0
18506	3	10238	230	1840	0	0
18506	4	13038	330	1700	0	0
18511	1	20001	1450	1040	0	0
18511	2	13062	1450	920	0	0
18511	3	13024	1370	1000	0	0
18511	4	13025	1210	1060	0	0
18511	5	13027	1290	1060	0	0
18511	6	13016	1310	940	0	0
18511	7	13018	1370	880	0	0
18511	8	13019	1230	1000	0	0
18511	9	14480	1210	800	0	0
18511	10	13010	1170	2280	0	0
18511	11	13044	1130	2340	0	0
18511	12	13044	1090	2280	0	0
18511	13	17231	1470	2120	0	0
18511	14	17231	1430	2060	0	0
18511	15	14424	1390	2120	0	0
18513	1	35027	470	280	0	0
18513	2	35022	370	180	0	0
18513	3	24001	1270	1520	0	0
18513	4	14495	290	800	0	0
18515	1	13005	1190	2240	0	0
18515	2	28002	1370	2200	0	0
18515	3	28002	1430	2260	0	0
18517	1	13047	2170	1400	0	0
18517	2	13048	2010	1420	0	0
18517	3	24001	630	860	0	0
18519	1	13009	2130	920	0	0
18519	2	13010	2190	960	0	0
18519	3	13017	2090	800	0	0
18519	4	13020	2070	880	0	0
18519	5	13030	2150	840	0	0
18519	6	13034	2210	880	0	0
18523	1	20001	1450	1460	0	0
18525	1	20001	1430	1040	0	0
18525	2	17272	1450	820	0	0
18525	3	14495	1190	880	0	0
18525	4	14494	1270	900	0	0
18525	5	14493	1290	980	0	0
18527	1	20001	1110	160	0	0
18527	2	13013	1190	220	0	0
18527	3	13067	1110	240	0	0
18527	4	13071	1050	200	0	0
18527	5	13074	1190	140	0	0
18527	6	13038	1190	280	0	0
18529	1	13005	370	940	0	0
18529	2	13032	370	860	0	0
18529	3	13001	290	900	0	0
18529	4	13075	370	780	0	0
18529	5	13076	290	820	0	0
18529	6	13072	210	860	0	0
18531	1	20001	2330	760	0	0
18531	2	14357	1250	360	126	3
18531	3	20001	250	120	0	0
18531	4	17309	2010	340	95	3
18531	5	17309	1070	900	93	3
18531	6	14354	2210	820	0	0
18531	7	14358	2290	860	0	0
18531	8	17310	2010	760	0	0
18531	9	17310	2110	760	0	0
18531	10	17310	2010	1080	0	0
18531	11	17310	2150	1080	0	0
18531	12	17310	2270	1040	0	0
18531	13	17231	1890	840	0	0
18531	14	17231	1890	1020	0	0
18531	15	13003	390	240	0	0
18531	16	13008	330	300	0	0
18531	17	13028	450	180	0	0
18531	18	13073	410	140	0	0
18531	19	13090	350	200	0	0
18531	20	13091	290	240	0	0
18701	1	11037	710	660	0	0
18701	2	11003	770	660	0	0
18701	3	17419	710	740	0	0
18701	4	17419	770	720	0	0
18701	5	13093	890	740	0	0
18701	6	13044	910	680	0	0
18701	7	13044	950	780	0	0
18701	8	13044	890	800	0	0
18701	9	13044	950	720	0	0
18701	10	11034	810	640	0	0
18701	11	11024	650	780	0	0
18701	12	17392	590	760	0	0
18701	13	17392	610	820	0	0
18701	14	17392	790	580	0	0
18701	15	13146	890	640	0	0
18701	16	40054	930	600	0	0
18701	17	40054	870	580	0	0
18701	18	40054	970	660	0	0
18701	19	11038	810	740	0	0
18701	20	11041	750	760	0	0
18701	21	11050	710	800	0	0
18701	22	11144	650	700	0	0
18701	23	11006	750	620	0	0
18701	24	13017	930	920	0	0
18701	25	40054	1030	900	0	0
18701	26	40054	1010	980	0	0
18701	27	40054	870	980	0	0
18701	28	40054	950	1000	0	0
18701	29	17355	630	740	0	0
18701	30	17355	710	620	0	0
18701	31	17355	670	840	0	0
18703	1	26041	630	620	0	0
18703	2	26001	770	620	0	0
18703	3	26001	530	720	0	0
18703	4	26001	570	500	0	0
18703	5	26001	690	500	0	0
18703	6	26001	490	620	0	0
18703	7	26001	630	760	0	0
18703	8	26001	730	720	0	0
18703	9	26001	430	740	0	0
18703	10	26001	810	740	0	0
18704	1	13044	1130	420	0	0
18704	2	13093	1010	660	0	0
18704	3	40054	1010	580	0	0
18704	4	40054	1090	640	0	0
18704	5	13016	870	660	0	0
18704	6	13093	1010	660	0	0
18704	7	13044	1130	420	0	0
18705	1	11037	210	180	0	0
18705	2	11144	270	160	0	0
18705	3	11006	150	220	0	0
18705	4	11050	330	240	0	0
18705	5	11014	270	260	0	0
18705	6	17418	470	220	0	0
18705	7	17418	210	300	0	0
18705	8	17418	410	200	0	0
18705	9	17418	270	320	0	0
18705	10	13017	490	260	0	0
18705	11	40054	550	300	0	0
18705	12	40054	410	360	0	0
18705	13	40054	470	380	0	0
18705	14	13044	570	340	0	0
18705	15	13044	530	380	0	0
18705	16	11003	610	380	0	0
18705	17	17419	690	360	0	0
18705	18	17419	650	400	0	0
18705	19	17419	590	440	0	0
18706	1	13017	490	400	0	0
18706	2	13146	510	480	0	0
18706	3	13093	350	400	0	0
18706	4	40054	230	460	0	0
18706	5	13044	370	480	0	0
18706	6	13016	430	380	0	0
18706	7	13093	370	480	0	0
18706	8	40054	410	540	0	0
18801	1	17061	1010	1040	326	3
18801	2	17061	1550	1440	282	3
18801	3	17108	1870	780	310	1
18801	4	17108	2690	820	294	3
18801	5	17061	570	1480	266	1
18801	6	13002	2750	1500	0	0
18801	7	14362	2890	1400	0	0
18801	8	14359	2790	1440	0	0
18801	9	14365	2630	1300	0	0
18801	10	13014	2530	1360	0	0
18801	11	13025	2590	1560	0	0
18801	12	17182	2450	1340	0	0
18801	13	17182	2510	1460	0	0
18801	14	17182	2930	1560	0	0
18801	15	17182	2710	1560	0	0
18801	16	13009	2810	1560	0	0
18801	17	14364	2930	1480	0	0
18801	18	14265	2610	1380	0	0
18801	19	12027	850	460	0	0
18801	20	12033	690	400	0	0
18801	21	41081	770	400	0	0
18801	22	13001	490	580	0	0
18801	23	13017	550	600	0	0
18801	24	13045	550	660	0	0
18801	25	13045	490	640	0	0
18801	26	13045	430	620	0	0
18802	1	14359	490	400	0	0
18802	2	14360	410	340	0	0
18802	3	14361	590	440	0	0
18802	4	17144	330	380	0	0
18802	5	17144	250	420	0	0
18802	6	13002	270	460	0	0
18803	1	17062	590	720	301	1
18803	2	17062	1210	600	278	1
18803	3	17109	1670	800	270	3
18803	4	17109	2090	580	248	1
18804	1	46037	630	920	195	1
18804	2	46037	610	1600	201	3
18804	3	46037	1110	2180	192	1
18804	4	46038	1010	1240	215	3
18804	5	46038	1090	760	222	3
18804	6	46038	710	2020	156	3
18805	1	13020	390	600	0	0
18805	2	15248	350	300	0	0
18805	3	15223	410	280	0	0
18805	4	15190	470	260	0	0
18805	5	15256	530	240	0	0
18806	1	13094	550	440	0	0
18806	2	12027	610	540	0	0
18806	3	12033	490	420	0	0
18806	4	41081	610	460	0	0
18806	5	13020	210	540	0	0
18806	6	13027	270	580	0	0
18806	7	13001	330	620	0	0
18806	8	13017	150	500	0	0
18807	1	17065	1610	680	272	1
18807	2	17065	1770	2040	304	3
18807	3	17065	570	2120	230	1
18807	4	17065	790	720	317	3
18807	5	17112	1170	1900	255	3
18807	6	17112	1230	1140	252	3
18808	1	13010	570	340	0	0
18809	1	13016	570	320	0	0
18809	2	13008	430	280	0	0
18809	3	20001	490	460	0	0
18809	4	13046	350	420	0	0
18810	1	13009	370	380	0	0
18810	2	13014	490	400	0	0
18810	3	13006	290	420	0	0
18811	1	17231	610	600	196	3
18811	2	17231	1730	880	323	3
18811	3	17232	1190	2500	402	3
18811	4	17232	1630	2140	456	3
18811	5	17231	370	2520	0	0
18811	6	13016	430	2740	0	0
18811	7	14424	390	2600	0	0
18811	8	14425	550	2700	0	0
18811	9	14426	310	2760	0	0
18811	10	14427	470	2880	0	0
18811	11	17251	470	2600	0	0
18811	12	17251	310	2640	0	0
18811	13	17251	370	2880	0	0
18811	14	17251	550	2820	0	0
18811	15	13016	430	2740	0	0
18811	16	17231	330	2460	0	0
18811	17	17231	310	2540	0	0
18812	1	46041	510	880	170	3
18812	2	46041	1210	1480	160	3
18812	3	46041	490	1440	160	3
18812	4	46042	870	880	148	3
18812	5	46042	1230	840	131	1
18812	6	46042	870	1340	133	3
18814	1	17565	590	840	206	3
18814	2	17565	1050	1760	211	3
18814	3	17565	1150	2240	203	1
18814	4	17566	1050	960	193	3
18814	5	17566	550	2120	220	3
18814	6	13003	1310	2440	0	0
18814	7	14572	1390	2420	0	0
18814	8	13044	350	1500	0	0
18814	9	13016	410	1520	0	0
18814	10	13018	510	1500	0	0
18814	11	13044	570	1660	0	0
18814	12	13021	370	1600	0	0
18814	13	13005	490	1660	0	0
18814	14	13085	610	1500	0	0
18815	1	13009	550	460	0	0
18815	2	13032	390	440	0	0
18815	3	13017	310	480	0	0
18815	4	13001	550	580	0	0
18815	5	13030	430	600	0	0
18815	6	17229	370	600	0	0
18815	7	13024	630	540	0	0
18815	8	13009	510	460	0	0
18815	9	12001	470	500	0	0
18815	10	13037	470	400	0	0
18815	11	19023	230	540	0	0
18816	1	17111	590	1140	167	3
18816	2	17111	1150	700	182	3
18816	3	17111	1030	1720	187	3
18816	4	17111	530	2140	189	3
18816	5	17074	1050	1240	199	3
18816	6	17074	570	1600	221	3
18816	7	17074	1110	2220	194	3
18816	8	14349	570	560	0	0
18816	9	14347	510	540	0	0
18816	10	17229	810	520	0	0
18816	11	13005	310	660	0	0
18816	12	17367	370	620	0	0
18816	13	17367	350	720	0	0
18816	14	17603	190	620	0	0
18816	15	13030	490	660	0	0
18817	1	13030	390	380	0	0
18817	2	14394	570	460	0	0
18817	3	14395	530	500	0	0
18817	4	17013	610	480	0	0
18817	5	12041	450	540	0	0
18817	6	13019	610	400	0	0
18817	7	13108	690	440	0	0
18817	8	13005	490	340	0	0
18817	9	13003	550	360	0	0
18818	1	17110	1170	980	172	1
18818	2	17110	490	940	174	3
18818	3	17076	990	700	168	1
18818	4	17076	810	900	155	1
18818	5	12041	1370	420	0	0
18818	6	12001	1550	400	0	0
18818	7	12027	1610	360	0	0
18819	1	13017	510	340	0	0
18819	2	17074	650	340	0	0
18819	3	17111	730	360	0	0
18819	4	17112	810	380	0	0
18820	1	13110	290	320	0	0
18820	2	13109	370	300	0	0
18820	3	13065	530	300	0	0
18821	1	17138	810	420	156	3
18821	2	17138	1350	780	159	3
18821	3	17138	2250	760	162	3
18821	4	17138	2350	300	91	3
18821	5	17138	2550	1540	158	3
18821	6	17135	1750	1340	216	3
18821	7	17135	930	1340	194	3
18821	8	17135	570	1160	172	1
18821	9	17135	2710	1180	155	1
18822	1	17146	890	940	151	1
18822	2	17146	710	560	141	3
18822	3	17147	350	840	113	3
18822	4	13038	1090	140	0	0
18822	5	14239	1010	160	0	0
18822	6	17241	1010	240	0	0
18822	7	17242	1110	240	0	0
18822	8	13016	950	340	0	0
18822	9	17243	790	260	0	0
18822	10	17243	790	340	0	0
18822	11	17241	810	400	0	0
18822	12	17242	1170	260	0	0
18822	13	17243	1150	340	0	0
18823	1	46053	490	2080	196	1
18823	2	46053	910	780	190	3
18823	3	46053	890	1240	176	3
18823	4	46054	530	1620	167	1
18823	5	46054	1250	1240	133	1
18823	6	46054	950	1880	162	3
18824	1	46055	2690	480	182	3
18824	2	46055	1770	760	192	3
18824	3	46055	850	840	173	1
18824	4	46056	870	420	196	1
18824	5	46056	1350	420	183	3
18824	6	46056	2250	780	188	3
18826	1	17075	670	1180	200	3
18826	2	17075	1550	780	198	3
18826	3	17075	1630	1640	115	1
18826	4	17139	1710	1280	195	1
18826	5	17139	1070	740	167	3
18826	6	17139	1470	300	117	3
18827	1	13019	370	400	0	0
18827	2	17013	670	460	0	0
18827	3	14396	570	480	0	0
18827	4	14397	530	520	0	0
18828	1	46063	570	360	134	1
18828	2	46063	510	940	175	1
18828	3	46063	1290	1380	135	3
18828	4	46064	970	960	197	3
18828	5	46064	550	1280	141	1
18828	6	46064	970	1340	124	3
18831	1	17159	990	820	170	3
18831	2	17159	590	1280	170	3
18831	3	17159	2110	620	276	1
18831	4	17143	1830	1400	320	1
18831	5	17143	3410	960	318	3
18831	6	17143	2790	800	271	3
18831	7	15203	3590	440	0	0
18831	8	13014	3830	320	0	0
18831	9	14421	3730	400	0	0
18831	10	14422	3910	380	0	0
18831	11	14423	3830	420	0	0
18831	12	13078	230	1760	0	0
18831	13	13079	310	1820	0	0
18831	14	13080	590	1760	0	0
18831	15	13013	530	1760	0	0
18831	16	19018	630	1740	0	0
18831	17	17229	570	840	0	0
18831	18	37001	490	860	0	0
18831	19	37001	450	880	0	0
18831	20	37001	410	900	0	0
18831	21	13016	490	920	0	0
18831	22	37001	530	900	0	0
18831	23	37001	450	940	0	0
18831	24	37001	490	980	0	0
18831	25	37001	530	960	0	0
18831	26	37001	570	940	0	0
18831	27	28002	390	840	0	0
18831	28	28002	430	820	0	0
18831	29	17159	990	820	170	3
18832	1	15310	310	800	0	0
18832	2	31001	310	1020	0	0
18832	3	31001	530	1120	0	0
18832	4	31001	390	780	0	0
18832	5	46039	450	460	102	3
18832	6	46039	1230	680	147	1
18832	7	46040	890	880	155	3
18832	8	46040	1230	960	129	3
18836	1	15088	590	320	0	0
18836	2	15209	470	260	0	0
18836	3	15211	430	320	0	0
18836	4	15187	470	420	0	0
18836	5	15001	630	360	0	0
18836	6	28034	610	420	0	0
18836	7	14430	510	340	0	0
18836	8	15027	550	360	0	0
18837	1	46057	570	540	150	3
18837	2	46057	1210	1580	141	3
18837	3	46057	590	1200	156	3
18837	4	46058	1010	860	168	3
18837	5	46058	1030	1280	120	3
18837	6	46058	570	860	122	3
18838	1	46059	530	580	162	3
18838	2	46059	1170	1480	168	3
18838	3	46059	770	1480	172	3
18838	4	46060	910	700	146	3
18838	5	46060	1210	920	145	1
18838	6	46060	430	1440	122	3
18841	1	17241	370	1460	122	1
18841	2	17241	670	1120	191	1
18841	3	17241	630	600	125	3
18841	4	17241	2430	760	153	3
18841	5	17242	2030	680	161	3
18841	6	17242	1530	780	188	3
18841	7	17242	1070	720	171	3
18841	8	17242	930	1400	200	1
18841	9	17242	1770	1380	196	3
18841	10	17241	2550	1420	171	1
18841	11	28059	3030	1740	0	0
18842	1	17243	1270	680	128	3
18842	2	17243	370	1460	136	1
18842	3	17243	890	1580	152	3
18842	4	17244	710	1160	173	1
18842	5	17244	790	660	159	3
18842	6	17244	1070	260	76	3
18842	7	14493	410	140	0	0
18843	1	17245	350	800	113	3
18843	2	17245	850	960	148	3
18843	3	17245	1590	1020	128	3
18843	4	17246	1610	700	113	3
18843	5	17246	770	620	135	3
18843	6	17246	1510	300	121	1
18844	1	46049	830	420	185	3
18844	2	46049	1710	780	179	1
18844	3	46049	850	940	151	1
18844	4	46050	1270	380	178	3
18844	5	46050	1270	800	156	1
18844	6	46050	470	600	145	1
18846	1	17114	670	680	296	3
18846	2	17114	1170	900	173	1
18846	3	17114	1230	560	160	1
18846	4	17081	770	1640	289	1
18846	5	17081	530	2180	215	3
18846	6	17081	1130	1940	141	3
18851	1	15164	1250	320	0	0
18851	2	13036	1150	280	0	0
18851	3	10240	1050	260	0	0
18851	4	10240	1150	380	0	0
18856	1	18002	550	560	0	0
18856	2	18002	1130	580	0	0
18856	3	18008	710	860	0	0
18856	4	18008	1370	860	0	0
18856	5	18002	1650	600	0	0
18856	6	18008	1930	820	0	0
18856	7	18008	2230	360	0	0
18856	8	14114	190	1060	0	0
18856	9	14679	490	540	0	0
18856	10	14679	650	920	0	0
18861	1	17148	1310	760	202	1
18861	2	17149	670	1160	197	3
18861	3	17148	1710	1300	224	3
18861	4	17149	2070	660	133	1
18862	1	17082	2510	580	158	1
18862	2	17082	810	400	181	3
18862	3	17115	930	820	197	3
18862	4	17115	1650	620	167	3
18862	5	14377	510	940	0	0
18862	6	14378	450	1020	0	0
18862	7	30002	410	840	0	0
18862	8	30002	290	920	0	0
18862	9	30002	390	940	0	0
18863	1	13060	570	340	0	0
18864	1	46051	1990	440	189	3
18864	2	46051	1470	860	186	1
18864	3	46051	890	820	164	3
18864	4	46052	770	400	178	1
18864	5	46052	1930	880	168	1
18864	6	46052	1230	240	118	3
18871	1	17145	570	900	194	3
18881	1	17239	590	960	127	3
18881	2	17239	1070	880	172	1
18881	3	17239	2090	500	120	3
18881	4	17240	2050	820	109	3
18881	5	17240	1270	540	188	3
18881	6	17240	370	320	85	1
18881	7	14366	270	480	0	0
18891	1	17250	510	920	188	1
18891	2	17250	1290	460	150	3
18891	3	17249	1110	940	168	1
18891	4	14373	150	1040	0	0
18891	5	13047	130	960	0	0
18891	6	17249	90	1000	0	0
18891	7	17249	70	1080	0	0
18892	1	46043	1170	540	173	1
18892	2	46043	2110	520	136	3
18892	3	46043	1090	920	147	3
18892	4	46044	1550	540	138	1
18892	5	46044	1490	880	137	3
18892	6	46044	1830	820	130	1
18990	1	15112	890	400	0	0
18990	2	13016	70	300	0	0
18990	3	13004	1230	520	0	0
18990	4	13005	930	280	0	0
18990	5	13016	830	240	0	0
18990	6	13003	50	400	0	0
18990	7	15104	170	340	0	0
18990	8	38134	510	660	0	0
18990	9	20006	1050	500	0	0
18991	1	28061	870	660	191	3
18991	2	28061	1370	860	159	3
18991	3	28061	2030	840	142	3
18991	4	28074	570	420	0	0
18991	5	15179	570	420	0	0
18992	1	15191	590	460	0	0
18992	2	15268	710	500	0	0
18992	3	15245	610	560	0	0
18992	4	15261	570	520	0	0
18992	5	15247	670	460	0	0
18992	6	28074	730	660	0	0
18992	7	28074	810	620	0	0
18992	8	28061	750	600	0	0
18992	9	15274	690	560	0	0
18992	10	15179	650	520	0	0
18992	11	15179	690	560	0	0
18992	12	15274	690	560	0	0
18992	13	28074	670	680	0	0
18992	14	15179	590	600	0	0
18992	15	23006	290	500	0	0
18992	16	23006	250	560	0	0
18992	17	23006	230	460	0	0
18992	18	23006	830	320	0	0
18992	19	23006	750	300	0	0
18992	20	23006	690	260	0	0
18992	21	23006	950	320	0	0
18992	22	23006	570	220	0	0
18993	1	15179	470	420	0	0
18993	2	15191	590	460	0	0
18993	3	15268	550	480	0	0
18993	4	15245	610	500	0	0
18993	5	15247	650	460	0	0
18993	6	15261	550	520	0	0
18993	7	28061	470	420	0	0
18993	8	15248	630	400	0	0
18993	9	15249	490	520	0	0
18993	10	15250	710	460	0	0
18993	11	15251	410	520	0	0
18993	12	15252	450	500	0	0
18993	13	15253	390	480	0	0
18993	14	15255	670	440	0	0
18993	15	15257	550	380	0	0
18993	16	15259	570	460	0	0
18993	17	15260	530	480	0	0
18993	18	15265	470	540	0	0
18993	19	28074	470	420	0	0
18994	1	28061	1190	280	0	0
18994	2	28074	1210	220	0	0
18994	3	28074	1110	280	0	0
18994	4	28061	1190	280	0	0
18994	5	28074	1110	280	0	0
18994	6	28074	1210	220	0	0
18994	7	15179	1250	340	0	0
18994	8	15179	1190	280	0	0
19000	1	39005	1570	100	0	0
19001	1	15158	690	780	0	0
19001	2	15204	630	920	0	0
19001	3	15024	770	540	0	0
19001	4	16005	1050	620	0	0
19001	5	16041	410	580	0	0
19001	6	41028	610	1080	0	0
19002	1	14384	850	420	0	0
19002	2	15213	290	120	0	0
19002	3	15131	110	640	0	0
19002	4	17279	770	300	0	0
19002	5	17279	910	380	0	0
19002	6	38010	590	380	0	0
19011	1	15188	610	840	0	0
19011	2	15324	490	520	0	0
19011	3	15170	30	60	0	0
19021	1	17280	530	380	0	0
19021	2	17280	690	340	0	0
19021	3	17071	810	460	0	0
19021	4	17280	130	580	0	0
19021	5	38032	850	140	0	0
19031	1	17013	370	1280	0	0
19031	2	17013	90	1420	0	0
19031	3	17227	50	1240	0	0
19031	4	18005	690	260	0	0
19031	5	18006	1150	120	0	0
19031	6	22012	1130	1320	0	0
19031	7	22012	1290	1420	0	0
19031	8	22012	1450	1500	0	0
19031	9	24006	90	600	0	0
19031	10	24005	1490	1000	0	0
19031	11	21001	630	740	0	0
19031	12	21001	690	700	0	0
19031	13	24007	1030	220	0	0
19031	14	24008	730	1480	0	0
19031	15	19028	110	1200	0	0
19031	16	15158	750	1580	0	0
19031	17	24010	710	1060	0	0
19031	18	23002	150	260	0	0
19031	19	19042	690	1520	0	0
19031	20	19043	510	820	0	0
19031	21	38080	1050	620	0	0
19031	22	19044	70	880	0	0
19032	1	16005	1130	340	0	0
19033	1	16005	1130	340	0	0
19034	1	16005	1190	320	0	0
19101	1	14177	310	300	0	0
19101	2	14032	230	400	0	0
19101	3	14184	210	360	0	0
19101	4	14384	530	320	0	0
19131	1	15131	570	320	0	0
19132	1	14418	330	280	0	0
19132	2	14445	250	360	0	0
19133	1	14032	470	300	0	0
19133	2	14184	530	360	0	0
19171	1	15214	330	320	0	0
19172	1	14266	410	300	0	0
19173	1	14402	250	280	0	0
19174	1	14385	470	320	0	0
19175	1	14393	350	360	0	0
19175	2	17306	250	400	0	0
19175	3	14485	470	380	0	0
19175	4	14484	550	400	0	0
19175	5	14486	310	420	0	0
19175	6	14486	590	460	0	0
19175	7	14485	350	460	0	0
19175	8	17024	250	460	0	0
19175	9	35046	370	320	0	0
19175	10	17273	430	340	0	0
19175	11	14393	330	380	0	0
19176	1	14485	490	360	0	0
19176	2	20001	530	480	0	0
19177	1	14407	590	420	0	0
19178	1	17280	530	340	0	0
19178	2	14486	250	420	0	0
19179	1	15110	510	380	0	0
19179	2	20001	170	440	0	0
19201	1	16021	270	340	0	0
19201	2	16003	570	380	0	0
19201	3	15131	330	300	0	0
19221	1	16002	290	340	0	0
19241	1	16015	350	400	0	0
19241	2	14383	250	220	0	0
19241	3	15113	690	480	0	0
19242	1	16018	490	400	0	0
19261	1	16012	430	240	0	0
19262	1	16011	390	240	0	0
19263	1	19029	370	300	0	0
19301	1	14176	570	320	0	0
19301	2	14386	230	360	0	0
19301	3	14387	130	400	0	0
19301	4	14419	490	460	0	0
19301	5	14420	390	500	0	0
19301	6	17279	310	520	0	0
19301	7	17279	130	460	0	0
19301	8	14445	450	340	0	0
19302	1	19026	170	380	0	0
19302	2	19027	650	180	0	0
19303	1	19027	650	180	0	0
19303	2	19026	170	380	0	0
19401	1	15215	1390	660	0	0
19401	2	15215	1410	640	0	0
19401	3	38035	1190	860	0	0
19401	4	38032	1430	900	0	0
19401	5	38032	1270	940	0	0
19401	6	38032	1550	860	0	0
19401	7	38032	1490	1020	0	0
19401	8	27092	890	820	0	0
19401	9	27093	850	800	0	0
19401	10	40056	970	760	0	0
19411	1	14407	1310	460	0	0
19411	2	14408	1230	500	0	0
19411	3	38032	830	1000	0	0
19412	1	14393	1290	260	0	0
19412	2	11047	1010	140	0	0
19412	3	11034	950	180	0	0
19412	4	14032	870	340	0	0
19412	5	14184	950	380	0	0
19413	1	11034	1230	400	0	0
19413	2	11047	1190	340	0	0
19413	3	17155	1070	360	0	0
19413	4	17300	1250	80	0	0
19413	5	11128	1090	380	0	0
19413	6	11061	1110	340	0	0
19506	1	35012	330	320	0	0
19506	2	15103	550	320	0	0
19509	1	27056	1230	1340	0	0
19511	1	14407	1210	1160	0	0
19511	2	14408	1290	1160	0	0
19512	1	15171	430	180	0	0
19512	2	27015	350	160	0	0
19512	3	27015	510	200	0	0
19512	4	35022	370	420	0	0
19513	1	15136	1490	1000	0	0
19513	2	28014	1390	960	0	0
19513	3	38032	510	2320	0	0
19523	1	11034	270	300	0	0
19523	2	11047	190	300	0	0
19523	3	14393	410	400	0	0
19523	4	14486	410	440	0	0
19523	5	14484	450	400	0	0
19525	1	35017	230	380	0	0
19525	2	35011	270	300	0	0
19528	1	17273	510	400	0	0
19528	2	35023	310	340	0	0
19530	1	14407	370	1540	0	0
19530	2	14408	550	1500	0	0
19530	3	15044	410	1800	0	0
19530	4	15084	470	1780	0	0
19530	5	15056	530	1800	0	0
19530	6	15056	490	1860	0	0
19530	7	15056	410	1860	0	0
19530	8	20002	2110	1840	0	0
19531	1	14393	2090	1460	0	0
19531	2	14406	2110	1520	0	0
19531	3	18006	2010	1500	0	0
19531	4	18006	2190	1460	0	0
19531	5	15056	1970	1700	0	0
19531	6	15056	2290	1680	0	0
19531	7	15056	2250	1700	0	0
19531	8	15056	2190	1720	0	0
19531	9	15056	2090	1720	0	0
19531	10	15056	2010	1720	0	0
19532	1	27160	410	240	0	0
19532	2	27160	470	260	0	0
19532	3	27160	530	260	0	0
19532	4	27160	570	240	0	0
19532	5	27160	610	200	0	0
19533	1	27157	370	800	0	0
19533	2	27157	370	800	0	0
19533	3	27160	30	80	0	0
19533	4	27159	270	800	0	0
19533	5	27157	2410	260	0	0
19533	6	27160	2270	380	0	0
19533	7	27160	2250	420	0	0
19533	8	27160	1210	740	0	0
19533	9	27160	1250	780	0	0
19533	10	27160	1290	740	0	0
19533	11	27157	1250	580	0	0
19533	12	27157	1230	1820	0	0
19533	13	27160	1170	1960	0	0
19533	14	27160	1210	1980	0	0
19533	15	27160	1270	1980	0	0
19533	16	27160	1310	1960	0	0
19534	1	27160	190	320	0	0
19534	2	27157	170	240	0	0
19541	1	25073	1530	1820	0	0
19541	2	25073	1470	1860	0	0
19541	3	25073	1030	340	0	0
19541	4	25073	1130	260	0	0
19541	5	25073	1090	1580	0	0
19543	1	25074	310	220	0	0
19543	2	25074	210	300	0	0
19543	3	25074	2330	480	0	0
19543	4	25074	2250	520	0	0
19543	5	25074	1970	880	0	0
19543	6	25074	1890	1120	0	0
19543	7	25074	1390	920	0	0
19543	8	25074	210	940	0	0
19543	9	25074	290	860	0	0
19544	1	25075	570	220	0	0
19544	2	25075	650	280	0	0
19544	3	25075	1110	940	0	0
19544	4	25075	310	860	0	0
19544	5	25075	210	940	0	0
19544	6	25075	570	1520	0	0
19544	7	25075	230	1840	0	0
19544	8	25075	2310	1520	0	0
19544	9	25075	2290	880	0	0
19545	1	25075	1330	1700	0	0
19545	2	25075	1310	320	0	0
19547	1	25075	310	240	0	0
19547	2	25075	570	560	0	0
19547	3	25073	230	300	0	0
19547	4	25073	1510	200	0	0
19547	5	25073	2250	880	0	0
19547	6	25075	2310	920	0	0
19547	7	25075	550	1200	0	0
19547	8	25073	590	1120	0	0
19547	9	25073	310	860	0	0
19548	1	25074	630	240	0	0
19548	2	25074	210	440	0	0
19548	3	25074	650	1560	0	0
19548	4	25074	190	1820	0	0
19548	5	25074	1130	220	0	0
19548	6	25074	1030	320	0	0
19550	1	25076	290	880	0	0
19550	2	25076	170	1000	0	0
19550	3	25076	670	1560	0	0
19550	4	25076	1470	260	0	0
19550	5	25076	1050	1840	0	0
19551	1	25076	570	860	0	0
19551	2	25076	210	960	0	0
19551	3	25076	570	1520	0	0
19551	4	25076	230	1840	0	0
19551	5	25076	1930	1800	0	0
19551	6	25076	2310	1520	0	0
19551	7	25076	250	920	0	0
19801	1	17153	1030	900	218	3
19801	2	17153	1850	500	249	1
19801	3	17152	1330	520	248	3
19801	4	17152	590	1020	220	3
19801	5	17153	950	1360	223	1
19801	6	17152	1550	1020	271	3
19801	7	17371	1630	1640	0	0
19802	1	17083	1050	2000	231	3
19802	2	17117	570	2020	220	3
19802	3	17083	590	1540	228	3
19802	4	17117	1090	1560	209	1
19802	5	17083	1070	1160	183	3
19802	6	17117	610	1060	217	1
19802	7	17024	350	420	0	0
19802	8	17024	430	340	0	0
19802	9	17273	670	340	0	0
19802	10	17139	750	300	0	0
19802	11	17139	750	400	0	0
19811	1	17281	2470	2080	201	1
19811	2	17282	2690	1260	229	3
19811	3	17281	2770	800	218	3
19811	4	17282	2390	460	228	3
19811	5	17281	2210	1040	266	3
19811	6	17282	1850	520	273	3
19811	7	17281	1170	560	295	3
19811	8	17282	1630	1140	298	3
19811	9	17282	630	880	269	1
19811	10	17281	1050	1560	392	3
19811	11	17282	610	2020	228	1
19812	1	17283	610	460	216	1
19812	2	17284	1050	460	210	1
19812	3	17283	930	860	199	1
19812	4	17284	570	1060	193	3
19821	1	17291	590	440	171	3
19821	2	17291	1170	1020	106	3
19821	3	17292	990	1260	168	3
19821	4	17292	550	1700	108	3
19821	5	17292	850	1700	107	1
19821	6	17291	1130	2040	161	1
19821	7	17291	450	780	121	3
19821	8	17292	510	1040	112	3
19821	9	15325	870	320	0	0
19822	1	28024	2670	440	198	3
19822	2	28024	1770	780	194	1
19822	3	28024	1230	840	120	1
19822	4	28024	610	460	202	1
19822	5	28024	570	1360	0	0
19822	6	28024	2130	840	125	1
19831	1	17293	1330	500	222	3
19831	2	17293	1830	540	260	3
19831	3	17293	1150	1700	245	3
19831	4	17294	1850	1500	228	3
19831	5	17294	1650	2000	254	1
19832	1	28026	750	460	226	3
19832	2	28026	990	720	234	1
19832	3	28026	1930	780	180	3
19851	1	17300	530	780	167	1
19851	2	17300	1470	760	202	3
19851	3	17301	2050	740	206	3
19851	4	17301	1750	440	197	3
19851	5	14393	2510	280	0	0
19851	6	11034	2650	340	0	0
19851	7	14407	2750	320	0	0
19851	8	14408	2690	400	0	0
19852	1	17302	1610	800	187	3
19852	2	17303	2010	800	139	3
19852	3	14291	250	300	0	0
19852	4	14177	430	280	0	0
19852	5	14384	430	360	0	0
19861	1	17289	490	800	163	3
19861	2	17290	1110	420	170	1
20001	1	15158	110	600	0	0
20001	2	16013	210	560	0	0
20001	3	17390	390	540	0	0
20001	4	17390	570	480	0	0
20001	5	17391	330	560	0	0
20001	6	15328	730	400	0	0
20003	1	16017	690	400	0	0
20003	2	14200	150	520	0	0
20003	3	14009	150	580	0	0
20011	1	15158	310	620	0	0
20011	2	16005	630	480	0	0
20012	1	16021	590	100	0	0
20012	2	17370	230	260	0	0
20012	3	17370	390	220	0	0
20012	4	15187	410	400	0	0
20012	5	15129	750	120	0	0
20021	1	16005	210	360	0	0
20021	2	15158	970	260	0	0
20021	3	16017	1730	340	0	0
20021	4	15211	1230	440	0	0
20021	5	16042	1810	380	0	0
20031	1	17382	550	400	0	0
20031	2	17382	690	360	0	0
20031	3	17383	530	660	0	0
20031	4	15158	1150	340	0	0
20031	5	14259	950	200	0	0
20101	1	11105	290	360	0	0
20101	2	11080	330	320	0	0
20101	3	11010	490	440	0	0
20102	1	11049	510	320	0	0
20102	2	11047	590	340	0	0
20102	3	15305	550	480	0	0
20131	1	20001	250	320	0	0
20131	2	14498	370	340	0	0
20132	1	11064	470	300	0	0
20132	2	20001	610	300	0	0
20133	1	20001	590	320	0	0
20133	2	15170	470	320	0	0
20171	1	11103	470	360	0	0
20172	1	15245	410	300	0	0
20172	2	14200	330	100	0	0
20172	3	14114	310	480	0	0
20173	1	12066	370	320	0	0
20173	2	15065	530	440	0	0
20174	1	14487	350	380	0	0
20174	2	20001	170	440	0	0
20175	1	14504	330	500	0	0
20175	2	14487	230	520	0	0
20175	3	14505	270	460	0	0
20175	4	14406	330	440	0	0
20176	1	20001	570	340	0	0
20177	1	20001	670	460	0	0
20177	2	14101	490	380	0	0
20178	1	14200	510	340	0	0
20178	2	15287	270	520	0	0
20201	1	16003	310	340	0	0
20221	1	16007	290	320	0	0
20241	1	16001	370	400	0	0
20241	2	14201	550	420	0	0
20241	3	17338	290	540	0	0
20241	4	10192	310	520	0	0
20242	1	16018	490	400	0	0
20242	2	15117	250	440	0	0
20242	3	17370	550	540	0	0
20261	1	16011	410	240	0	0
20281	1	16006	690	260	0	0
20281	2	15186	430	440	0	0
20281	3	15134	550	500	0	0
20281	4	20001	850	300	0	0
20281	5	12017	490	420	0	0
20281	6	17066	830	520	0	0
20301	1	14185	270	320	0	0
20301	2	14449	510	320	0	0
20301	3	17391	590	360	0	0
20301	4	17391	690	400	0	0
20301	5	17391	350	480	0	0
20301	6	17391	450	520	0	0
20301	7	20001	170	400	0	0
20301	8	14009	250	440	0	0
20302	1	17370	670	400	0	0
20302	2	17370	590	360	0	0
20302	3	14459	510	340	0	0
20302	4	14460	270	440	0	0
20302	5	17370	350	480	0	0
20302	6	17370	450	520	0	0
20302	7	14457	290	340	0	0
20402	1	11101	130	440	0	0
20402	2	11045	230	340	0	0
20411	1	38148	510	360	0	0
20413	1	11120	410	320	0	0
20414	1	20001	590	320	0	0
20414	2	11010	670	380	0	0
20414	3	11120	430	300	0	0
20414	4	11034	250	400	0	0
20502	1	24001	1430	1580	0	0
20505	1	14021	430	1180	0	0
20505	2	11029	610	1080	0	0
20505	3	11048	430	960	0	0
20505	4	14002	530	1000	0	0
20505	5	14091	330	1000	0	0
20505	6	14119	250	1080	0	0
20507	1	10056	2270	1560	0	0
20507	2	14185	2270	1720	0	0
20507	3	11106	2030	1540	0	0
20511	1	25091	1130	220	0	0
20511	2	25091	1090	260	0	0
20511	3	25091	1390	940	0	0
20511	4	20002	1030	360	0	0
20511	5	25091	1390	1720	0	0
20511	6	25091	2250	2160	0	0
20511	7	25091	2290	2200	0	0
20511	8	25091	1930	2440	0	0
20511	9	25092	1010	3060	0	0
20511	10	25092	1070	3100	0	0
20511	11	25092	1970	880	0	0
20511	12	25092	2010	900	0	0
20511	13	20001	2310	1160	0	0
20511	14	20001	2290	1520	0	0
20512	1	25091	1350	960	0	0
20512	2	25091	1130	260	0	0
20512	3	25091	1110	300	0	0
20512	4	25092	1170	280	0	0
20512	5	25092	1050	460	0	0
20512	6	25092	1490	1560	0	0
20512	7	25092	1470	1600	0	0
20512	8	25092	1050	1800	0	0
20512	9	25093	1930	1560	0	0
20512	10	25093	1890	1600	0	0
20512	11	25093	1890	1840	0	0
20512	12	25093	1990	260	0	0
20512	13	25093	1930	320	0	0
20512	14	25093	2310	460	0	0
20513	1	25091	2310	1620	0	0
20513	2	25091	2270	1580	0	0
20513	3	25091	1870	1840	0	0
20513	4	25091	2170	1120	0	0
20513	5	25092	2190	1140	0	0
20513	6	25092	1970	280	0	0
20513	7	25092	1930	320	0	0
20513	8	25092	2290	460	0	0
20513	9	25093	1150	280	0	0
20513	10	25093	1090	340	0	0
20513	11	25093	1130	1580	0	0
20513	12	25093	1090	1620	0	0
20513	13	25093	1490	1840	0	0
20514	1	25094	1110	1580	0	0
20514	2	25094	1070	1620	0	0
20514	3	25094	1490	1840	0	0
20514	4	25094	2350	1840	0	0
20514	5	25094	1950	1560	0	0
20514	6	25094	1910	1600	0	0
20514	7	25095	1970	280	0	0
20514	8	25095	1910	340	0	0
20514	9	25095	1130	280	0	0
20514	10	20002	2250	300	0	0
20514	11	25095	3950	1540	0	0
20514	12	25095	3590	1820	0	0
20514	13	25095	3950	260	0	0
20514	14	25095	3910	300	0	0
20515	1	25094	1150	260	0	0
20515	2	25094	1090	320	0	0
20515	3	25094	1050	460	0	0
20515	4	25094	1350	960	0	0
20515	5	25094	1490	1580	0	0
20515	6	25094	1470	1600	0	0
20515	7	25095	1510	1860	0	0
20515	8	25095	1470	1840	0	0
20515	9	25095	1070	1580	0	0
20515	10	25094	1950	1560	0	0
20515	11	25094	1910	1600	0	0
20515	12	25094	2330	1840	0	0
20515	13	25094	1970	280	0	0
20515	14	25094	1930	320	0	0
20515	15	25094	2290	460	0	0
20515	16	25094	2850	1720	0	0
20515	17	20002	1450	300	0	0
20522	1	24001	530	200	0	0
20523	1	20002	270	900	0	0
20523	2	20001	3970	880	0	0
20523	3	14196	250	1200	0	0
20523	4	14579	3630	880	0	0
20523	5	14589	3730	1000	0	0
20523	6	14580	3570	960	0	0
20523	7	14535	3810	920	0	0
20523	8	14530	3750	880	0	0
20525	1	20001	1490	1180	0	0
20525	2	20002	1910	1160	0	0
20525	3	10108	2370	1200	0	0
20525	4	14009	2210	1020	0	0
20525	5	14196	2150	1160	0	0
20526	1	20001	1470	280	0	0
20527	1	10106	610	220	0	0
20527	2	14111	450	360	0	0
20528	1	20002	290	260	0	0
20528	2	17386	370	280	0	0
20528	3	14504	470	260	0	0
20528	4	14505	530	280	0	0
20528	5	14009	310	360	0	0
20528	6	14157	510	460	0	0
20529	1	10018	590	280	0	0
20529	2	22044	330	220	0	0
20529	3	10192	530	340	0	0
20529	4	14581	490	940	0	0
20529	5	14533	370	940	0	0
20529	6	14534	530	1040	0	0
20529	7	14529	330	1040	0	0
20529	8	14589	450	1180	0	0
20529	9	11036	430	1000	0	0
20529	10	14590	330	1160	0	0
20545	1	15045	270	160	0	0
20801	1	17388	730	500	97	3
20801	2	17389	630	1120	178	1
20801	3	17388	1570	600	197	1
20801	4	17389	2190	560	195	1
20801	5	17388	2950	600	208	1
20801	6	17389	1210	1280	166	3
20801	7	17388	1910	1220	216	1
20801	8	17389	2550	1040	197	3
20801	9	17388	990	1660	197	3
20801	10	17389	590	2120	197	1
20801	11	17388	1330	2100	208	3
20801	12	17389	3470	820	204	3
20801	13	17388	3570	1480	235	1
20801	14	17389	3170	2120	203	3
20801	15	17388	2610	1760	224	3
20801	16	17389	1890	1840	195	3
20802	1	46071	2790	700	179	3
20802	2	46071	570	600	186	1
20802	3	46071	1490	840	197	3
20802	4	46072	1010	820	187	1
20802	5	46072	2290	600	193	1
20802	6	46072	1910	620	143	1
20811	1	17372	1110	2160	196	1
20811	2	17373	530	2100	192	3
20811	3	17372	530	1540	183	3
20811	4	17373	1150	1560	190	3
20811	5	17373	590	1020	183	3
20811	6	17372	1110	1000	167	3
20812	1	17374	1850	720	209	1
20812	2	17375	1370	620	192	1
20812	3	17374	910	600	177	3
20812	4	17375	530	940	171	3
20812	5	17374	1090	1040	197	1
20812	6	17375	1350	1480	203	1
20812	7	17374	1790	1180	195	3
20812	8	17146	2130	400	0	0
20812	9	11106	2210	420	0	0
20812	10	14085	2190	360	0	0
20812	11	14188	2270	400	0	0
20812	12	11118	350	1360	0	0
20812	13	14185	310	1480	0	0
20821	1	17376	590	920	177	3
20821	2	17377	990	600	162	3
20821	3	17376	1910	700	182	1
20821	4	17377	2890	680	161	1
20821	5	17376	2370	900	152	3
20822	1	17378	1950	2160	207	3
20822	2	17378	1350	2120	194	3
20822	3	17379	1590	1660	196	3
20822	4	17379	910	1380	199	1
20822	5	17378	610	1780	187	3
20822	6	17378	550	940	196	3
20822	7	17379	950	600	184	3
20822	8	17379	1970	620	202	3
20822	9	14079	490	520	0	0
20822	10	14187	590	460	0	0
20822	11	14111	390	580	0	0
20822	12	14237	590	560	0	0
20822	13	14450	490	620	0	0
20831	1	17370	510	600	160	1
20831	2	17371	1030	920	179	1
20831	3	17370	1270	520	171	3
20831	4	17371	1670	880	191	3
20831	5	17370	2110	520	181	3
20831	6	17371	2450	900	174	3
20831	7	17370	2790	540	160	1
20831	8	17371	3110	880	161	3
20831	9	17151	3430	540	0	0
20831	10	14460	3410	460	0	0
20831	11	11118	3490	500	0	0
20831	12	14459	3450	480	0	0
20831	13	14458	3390	500	0	0
20831	14	12017	3530	520	0	0
20831	15	17151	3550	620	0	0
20831	16	17054	310	1040	0	0
20831	17	14185	250	1060	0	0
20831	18	11064	410	980	0	0
20831	19	12017	470	1020	0	0
20841	1	17382	590	920	178	1
20841	2	17383	970	580	165	3
20841	3	17382	1850	900	203	1
20841	4	17383	2390	900	180	1
20841	5	17382	2790	520	162	1
20841	6	17383	3170	900	164	1
20842	1	17384	690	540	155	3
20842	2	17385	990	900	177	1
20842	3	17384	1750	900	177	3
20842	4	17385	2050	500	157	3
20842	5	17384	2930	500	148	1
20842	6	17385	2770	940	157	3
20843	1	46069	790	560	158	3
20843	2	46069	2090	540	142	3
20843	3	46070	1790	580	128	3
20843	4	46070	550	860	119	3
20851	1	10043	530	780	165	3
20851	2	10044	1090	1000	167	3
20851	3	10043	590	1380	186	1
20851	4	10044	1070	1620	207	3
20852	1	10162	2270	900	0	0
20853	1	10122	610	900	190	3
20853	2	10123	910	580	172	3
20853	3	10122	2050	540	183	3
20853	4	10123	1690	880	184	1
20853	5	10123	2890	560	164	3
20853	6	10122	2770	940	142	3
20854	1	46065	550	560	155	3
20854	2	46065	1050	760	155	3
20854	3	46065	490	1460	155	1
20854	4	46066	550	920	150	1
20854	5	46066	1050	1140	160	3
20854	6	46066	870	1520	142	3
20861	1	17380	1010	660	194	1
20861	2	17381	570	1000	175	1
20861	3	17380	630	1620	218	3
20861	4	17381	950	2140	199	3
20861	5	17380	1230	1220	214	3
20861	6	17381	2550	1160	173	1
20861	7	17380	2210	2060	241	1
20861	8	17381	2830	1580	171	3
20861	9	17380	1930	1300	190	3
20861	10	17381	1570	1860	177	1
20861	11	17066	510	420	0	0
20861	12	14256	430	400	0	0
20861	13	12028	390	460	0	0
20861	14	17358	2790	2420	0	0
20861	15	14185	2850	2480	0	0
20861	16	14487	3050	2300	0	0
20861	17	11101	3030	2020	0	0
20862	1	46067	530	580	162	3
20862	2	46067	930	940	140	3
20862	3	46067	2090	540	133	3
20862	4	46068	2070	860	117	3
20862	5	46068	930	600	138	3
20862	6	46068	1770	940	108	3
20871	1	14114	290	1000	0	0
20871	2	18014	1230	820	0	0
20871	3	18015	450	500	0	0
20871	4	18014	850	580	0	0
20871	5	14009	250	1040	0	0
20871	6	15305	1470	320	0	0
20871	7	11049	1290	300	0	0
21000	1	16062	30	80	0	0
21000	2	16070	70	80	0	0
21000	3	16068	110	80	0	0
21001	1	17365	390	540	0	0
21001	2	17365	590	480	0	0
21001	3	17340	330	580	0	0
21001	4	18005	290	800	0	0
21001	5	15212	350	820	0	0
21001	6	24003	750	400	0	0
21001	7	15211	790	440	0	0
21001	8	15181	750	460	0	0
21001	9	15195	850	440	0	0
21001	10	15178	810	480	0	0
21001	11	12040	410	600	0	0
21001	12	11003	650	440	0	0
21001	13	13014	770	640	0	0
21001	14	13025	810	620	0	0
21001	15	13044	750	680	0	0
21001	16	14084	630	580	0	0
21001	17	17365	570	580	0	0
21001	18	17365	530	600	0	0
21001	19	13044	850	620	0	0
21002	1	17365	950	1480	0	0
21002	2	17340	1050	1460	0	0
21002	3	17365	1070	1500	0	0
21002	4	17365	990	1460	0	0
21002	5	17365	1030	1520	0	0
21002	6	15158	110	360	0	0
21002	7	15189	1230	200	0	0
21002	8	15185	1170	240	0	0
21002	9	15188	1270	260	0	0
21002	10	16017	1810	1180	0	0
21002	11	15206	390	1260	0	0
21002	12	15198	310	1280	0	0
21002	13	15196	450	1320	0	0
21002	14	15199	390	1380	0	0
21002	15	12004	1650	120	0	0
21002	16	12060	1590	100	0	0
21002	17	15111	50	420	0	0
21002	18	16005	1710	1160	0	0
21002	19	17291	1250	700	0	0
21002	20	28003	1250	620	0	0
21002	21	28014	1210	640	0	0
21002	22	28015	1170	660	0	0
21002	23	28016	1130	680	0	0
21002	24	30002	1070	380	0	0
21002	25	15168	1450	540	0	0
21002	26	16019	1090	500	0	0
21002	27	24003	1910	260	0	0
21002	28	15120	970	700	0	0
21002	29	15119	1010	800	0	0
21002	30	15120	1030	560	0	0
21002	31	15120	930	640	0	0
21002	32	15120	970	580	0	0
21002	33	15104	1250	860	0	0
21002	34	15107	1390	740	0	0
21002	35	15109	1290	440	0	0
21002	36	15265	1330	500	0	0
21002	37	15264	1390	500	0	0
21002	38	15104	1170	860	0	0
21002	39	15263	1110	800	0	0
21002	40	15104	1370	800	0	0
21002	41	15104	1310	880	0	0
21002	42	15104	1210	880	0	0
21002	43	30002	1210	380	0	0
21002	44	15262	1430	640	0	0
21002	45	14114	1470	760	0	0
21002	46	18003	1550	780	0	0
21002	47	17365	90	520	0	0
21002	48	17365	70	560	0	0
21002	49	17365	130	500	0	0
21002	50	14231	1470	600	0	0
21002	51	14232	1510	640	0	0
21002	52	15104	1390	840	0	0
21002	53	15104	1330	840	0	0
21002	54	11003	1770	140	0	0
21002	55	14469	1790	180	0	0
21002	56	14470	1810	220	0	0
21002	57	14084	1730	180	0	0
21002	58	12033	1530	180	0	0
21002	59	18010	1490	200	0	0
21002	60	14679	1630	660	0	0
21002	61	38134	610	920	0	0
21002	62	20006	50	380	0	0
21003	1	14114	370	380	0	0
21003	2	18001	290	360	0	0
21003	3	16019	230	580	0	0
21003	4	15182	630	560	0	0
21003	5	15184	750	540	0	0
21003	6	15183	810	580	0	0
21003	7	17340	910	360	0	0
21003	8	15161	1010	420	0	0
21004	1	17365	510	360	0	0
21004	2	17365	670	360	0	0
21004	3	17340	730	380	0	0
21004	4	11047	790	360	0	0
21004	5	14084	870	380	0	0
21004	6	14468	830	400	0	0
21004	7	14466	910	400	0	0
21004	8	14472	950	420	0	0
21004	9	17464	950	380	0	0
21004	10	17464	990	400	0	0
21004	11	11025	690	460	0	0
21004	12	11071	1190	380	0	0
21004	13	11173	1130	340	0	0
21004	14	12024	1010	340	0	0
21011	1	15158	130	420	0	0
21011	2	17330	370	480	0	0
21011	3	13005	710	600	0	0
21011	4	17330	590	540	0	0
21011	5	17330	310	500	0	0
21011	6	17330	510	560	0	0
21011	7	11154	530	660	0	0
21011	8	11060	590	640	0	0
21011	9	11066	490	700	0	0
21011	10	12027	470	480	0	0
21011	11	13009	310	540	0	0
21011	12	13030	350	580	0	0
21011	13	13017	250	540	0	0
21011	14	13001	290	580	0	0
21011	15	12027	330	420	0	0
21011	16	17331	270	400	0	0
21011	17	13011	150	600	0	0
21011	18	12001	290	680	0	0
21011	19	12043	330	700	0	0
21011	20	12041	370	720	0	0
21011	21	12027	330	640	0	0
21011	22	12020	370	660	0	0
21011	23	12022	410	680	0	0
21011	24	12033	290	740	0	0
21011	25	12092	170	760	0	0
21011	26	12124	330	700	0	0
21011	27	12018	170	760	0	0
21011	28	13028	770	580	0	0
21011	29	13044	610	680	0	0
21011	30	17731	670	660	0	0
21012	1	16017	1210	560	0	0
21012	2	16013	850	660	0	0
21012	3	15140	1130	420	0	0
21012	4	15207	930	780	0	0
21012	5	17331	170	660	0	0
21012	6	12020	250	640	0	0
21012	7	12089	290	780	0	0
21012	8	12090	210	800	0	0
21012	9	17731	930	780	0	0
21012	10	17731	590	660	0	0
21012	11	17731	850	760	0	0
21013	1	15038	910	440	0	0
21013	2	12077	310	300	0	0
21013	3	24005	410	400	0	0
21013	4	15131	470	420	0	0
21013	5	19028	290	400	0	0
21013	6	17330	250	360	0	0
21013	7	17330	230	420	0	0
21013	8	17731	910	440	0	0
21014	1	12011	410	560	0	0
21014	2	12016	750	640	0	0
21014	3	12043	770	340	0	0
21014	4	12042	870	420	0	0
21014	5	17330	310	660	0	0
21014	6	17330	370	680	0	0
21014	7	17330	250	640	0	0
21014	8	17330	250	720	0	0
21014	9	17330	190	700	0	0
21014	10	17330	310	740	0	0
21014	11	17330	130	760	0	0
21014	12	17330	190	780	0	0
21014	13	17330	250	800	0	0
21014	14	17330	570	800	0	0
21014	15	17330	630	820	0	0
21014	16	17330	690	840	0	0
21014	17	17330	610	740	0	0
21014	18	17330	730	780	0	0
21014	19	17330	670	760	0	0
21014	20	17330	510	860	0	0
21014	21	17330	570	880	0	0
21014	22	17330	630	900	0	0
21014	23	10054	670	360	0	0
21014	24	12113	670	460	0	0
21014	25	13107	630	460	0	0
21014	26	13029	790	440	0	0
21014	27	12096	670	460	0	0
21014	28	12070	750	440	0	0
21014	29	12038	790	440	0	0
21014	30	12015	530	600	0	0
21014	31	12004	590	620	0	0
21015	1	12038	430	460	0	0
21016	1	13038	650	300	0	0
21016	2	13094	710	320	0	0
21016	3	13095	590	280	0	0
21016	4	13111	730	400	0	0
21016	5	12124	690	260	0	0
21021	1	15158	610	240	0	0
21021	2	15169	1190	560	0	0
21021	3	15194	490	440	0	0
21021	4	17364	930	340	0	0
21021	5	17364	1090	360	0	0
21021	6	12056	330	380	0	0
21021	7	12033	270	380	0	0
21021	8	12001	390	380	0	0
21021	9	15186	1410	400	0	0
21021	10	15080	1370	360	0	0
21021	11	15037	1470	400	0	0
21021	12	15286	1450	460	0	0
21021	13	15103	150	780	0	0
21021	14	12020	290	880	0	0
21021	15	12011	350	880	0	0
21021	16	12016	310	940	0	0
21021	17	11036	130	880	0	0
21021	18	40078	310	780	0	0
21021	19	40078	270	820	0	0
21021	20	40078	270	840	0	0
21021	21	40078	230	840	0	0
21021	22	40078	190	860	0	0
21021	23	15020	370	940	0	0
21021	24	15086	370	980	0	0
21021	25	15080	410	960	0	0
21021	26	40078	230	880	0	0
21021	27	40078	310	820	0	0
21021	28	40078	170	880	0	0
21021	29	12165	330	920	0	0
21021	30	14488	390	840	0	0
21021	31	40081	30	80	0	0
21031	1	16043	410	860	0	0
21031	2	19054	310	220	0	0
21042	1	12058	830	420	0	0
21042	2	12001	550	380	0	0
21042	3	15284	590	340	0	0
21042	4	12033	650	420	0	0
21042	5	12020	710	460	0	0
21042	6	12043	630	480	0	0
21042	7	15295	610	420	0	0
21043	1	12001	290	340	0	0
21043	2	12058	270	480	0	0
21043	3	12033	390	380	0	0
21043	4	12043	470	360	0	0
21043	5	12020	490	420	0	0
21051	1	12043	1110	980	0	0
21051	2	12042	1170	960	0	0
21051	3	12032	1230	940	0	0
21051	4	12011	1070	1080	0	0
21051	5	12016	1290	960	0	0
21051	6	13029	1350	1060	0	0
21051	7	12003	1090	1040	0	0
21101	1	14465	350	300	0	0
21101	2	20001	250	320	0	0
21101	3	14410	450	300	0	0
21101	4	14411	270	340	0	0
21101	5	14412	270	400	0	0
21101	6	14413	470	360	0	0
21101	7	12001	530	420	0	0
21102	1	12064	330	300	0	0
21102	2	12059	410	320	0	0
21102	3	20001	190	320	0	0
21102	4	14235	350	460	0	0
21102	5	14235	410	440	0	0
21102	6	14235	470	420	0	0
21102	7	14235	530	400	0	0
21102	8	14235	590	380	0	0
21102	9	12033	470	420	0	0
21102	10	12020	430	440	0	0
21102	11	12043	530	400	0	0
21103	1	12089	430	300	0	0
21103	2	20001	290	440	0	0
21103	3	12090	330	300	0	0
21104	1	12022	510	300	0	0
21104	2	20001	530	440	0	0
21105	1	12054	430	380	0	0
21105	2	12033	330	400	0	0
21105	3	12041	510	400	0	0
21105	4	11025	290	420	0	0
21106	1	11036	470	320	0	0
21106	2	11047	350	320	0	0
21106	3	11040	550	340	0	0
21106	4	11005	570	380	0	0
21106	5	17368	530	460	0	0
21107	1	12033	330	360	0	0
21107	2	12001	470	320	0	0
21107	3	12031	570	420	0	0
21107	4	13006	510	400	0	0
21107	5	12027	450	460	0	0
21107	6	12055	330	440	0	0
21107	7	13030	570	360	0	0
21107	8	12041	430	380	0	0
21107	9	12061	250	360	0	0
21107	10	12012	330	480	0	0
21107	11	12094	410	460	0	0
21108	1	12033	470	300	0	0
21108	2	12041	330	300	0	0
21108	3	12001	570	340	0	0
21108	4	12092	350	380	0	0
21131	1	12041	290	340	0	0
21132	1	12049	530	360	0	0
21132	2	12053	350	300	0	0
21132	3	20001	350	440	0	0
21133	1	15106	270	300	0	0
21133	2	20001	310	420	0	0
21133	3	15187	350	300	0	0
21133	4	17731	350	300	0	0
21134	1	17320	530	320	0	0
21134	2	17324	470	340	0	0
21134	3	17325	410	360	0	0
21134	4	17323	590	300	0	0
21135	1	12042	330	380	0	0
21135	2	12045	450	360	0	0
21135	3	12043	530	380	0	0
21136	1	12091	490	360	0	0
21138	1	12015	590	360	0	0
21138	2	17284	250	420	0	0
21171	1	12086	310	360	0	0
21172	1	15066	350	320	0	0
21173	1	12055	530	360	0	0
21173	2	20001	590	380	0	0
21173	3	12042	510	380	0	0
21174	1	20001	310	360	0	0
21174	2	15080	470	320	0	0
21175	1	15037	530	280	0	0
21175	2	12040	590	300	0	0
21175	3	15286	450	320	0	0
21175	4	12040	390	240	0	0
21176	1	12059	610	360	0	0
21176	2	12001	330	380	0	0
21176	3	22012	370	300	0	0
21177	1	15124	390	340	0	0
21201	1	16003	330	320	0	0
21201	2	16021	270	360	0	0
21221	1	16002	390	340	0	0
21222	1	16002	290	320	0	0
21241	1	16018	490	400	0	0
21241	2	16016	630	320	0	0
21241	3	15294	250	460	0	0
21241	4	15284	470	540	0	0
21242	1	16016	350	400	0	0
21261	1	16004	410	240	0	0
21262	1	16004	430	240	0	0
21281	1	16006	690	280	0	0
21281	2	15130	610	320	0	0
21281	3	15114	550	440	0	0
21281	4	15104	430	440	0	0
21281	5	15104	550	500	0	0
21281	6	15104	430	480	0	0
21281	7	15132	390	360	0	0
21281	8	11025	550	340	0	0
21281	9	12024	370	420	0	0
21282	1	16006	670	260	0	0
21282	2	14170	430	440	0	0
21282	3	14490	550	440	0	0
21282	4	12033	630	440	0	0
21282	5	12043	690	400	0	0
21282	6	12020	710	460	0	0
21301	1	14071	390	280	0	0
21301	2	14472	310	300	0	0
21301	3	14084	770	260	0	0
21301	4	14070	630	560	0	0
21301	5	14466	330	440	0	0
21301	6	11003	530	520	0	0
21301	7	14471	970	360	0	0
21301	8	14470	870	320	0	0
21301	9	14276	430	480	0	0
21301	10	14398	650	320	0	0
21301	11	14399	710	340	0	0
21301	12	14275	510	360	0	0
21301	13	13052	510	360	0	0
21301	14	11025	570	380	0	0
21302	1	12043	330	320	0	0
21302	2	12001	590	440	0	0
21302	3	12020	490	480	0	0
21302	4	12027	230	360	0	0
21302	5	12033	590	320	0	0
21302	6	13030	370	400	0	0
21302	7	14465	450	360	0	0
21302	8	12015	410	420	0	0
21302	9	12037	330	440	0	0
21302	10	12041	530	380	0	0
21302	11	12022	290	460	0	0
21302	12	12040	250	460	0	0
21302	13	17331	370	440	0	0
21303	1	12033	570	320	0	0
21303	2	12020	590	440	0	0
21303	3	12043	330	320	0	0
21303	4	12011	250	360	0	0
21303	5	12016	510	480	0	0
21303	6	12085	650	380	0	0
21303	7	17364	250	480	0	0
21303	8	18010	370	380	0	0
21303	9	12004	330	440	0	0
21303	10	11025	450	300	0	0
21303	11	15161	210	460	0	0
21303	12	12054	410	400	0	0
21303	13	12039	150	400	0	0
21303	14	12031	290	460	0	0
21303	15	12042	270	480	0	0
21303	16	12001	450	340	0	0
21303	17	14477	470	380	0	0
21304	1	12041	570	300	0	0
21304	2	12062	410	500	0	0
21304	3	17364	310	340	0	0
21304	4	17364	190	380	0	0
21304	5	12020	550	440	0	0
21304	6	15318	450	420	0	0
21304	7	15319	390	400	0	0
21401	1	13038	170	560	0	0
21401	2	13111	110	580	0	0
21401	3	12124	210	540	0	0
21401	4	12027	330	620	0	0
21401	5	13021	810	620	0	0
21411	1	11128	1290	460	0	0
21411	2	12020	2050	1080	0	0
21411	3	11034	1190	400	0	0
21411	4	11050	1130	420	0	0
21411	5	11047	1270	400	0	0
21411	6	17464	1810	960	0	0
21411	7	17464	1850	940	0	0
21411	8	17464	1770	980	0	0
21411	9	17464	1730	1000	0	0
21411	10	17464	1890	920	0	0
21411	11	11047	1870	1000	0	0
21411	12	11128	1910	980	0	0
21411	13	17015	1690	980	0	0
21411	14	17015	1730	960	0	0
21411	15	17015	1770	940	0	0
21411	16	17015	1810	920	0	0
21411	17	17015	1850	900	0	0
21411	18	17012	2270	1080	0	0
21411	19	12027	1890	1020	0	0
21411	20	12037	1810	1000	0	0
21411	21	12049	1870	960	0	0
21421	1	13130	30	80	0	0
21421	2	40070	910	860	0	0
21421	3	40070	1070	800	0	0
21421	4	40070	590	640	0	0
21421	5	40070	450	540	0	0
21422	1	12003	470	420	0	0
21422	2	13130	30	80	0	0
21422	3	13021	330	400	0	0
21423	1	12005	530	340	0	0
21423	2	12042	570	340	0	0
21423	3	13130	30	80	0	0
21423	4	40070	410	380	0	0
21423	5	40070	470	420	0	0
21432	1	15325	1330	480	0	0
21432	2	28051	1370	560	0	0
21432	3	28051	1410	520	0	0
21432	4	12165	1290	480	0	0
21432	5	40080	1570	80	0	0
21432	6	14488	1470	580	0	0
21432	7	40081	1530	80	0	0
21433	1	14488	430	260	0	0
21433	2	15020	570	400	0	0
21433	3	15086	630	360	0	0
21433	4	15080	570	460	0	0
21433	5	15325	630	420	0	0
21433	6	15199	690	400	0	0
21433	7	15186	570	360	0	0
21433	8	12165	570	340	0	0
21433	9	12042	570	380	0	0
21433	10	12011	630	340	0	0
21434	1	12087	550	360	0	0
21434	2	12001	610	420	0	0
21442	1	12085	1170	340	0	0
21442	2	17127	710	540	0	0
21442	3	12033	750	460	0	0
21442	4	18010	710	340	0	0
21442	5	14084	650	300	0	0
21442	6	14470	610	280	0	0
21442	7	14469	570	260	0	0
21442	8	12033	1070	400	0	0
21451	1	13030	650	260	0	0
21451	2	12043	450	380	0	0
21451	3	12011	410	400	0	0
21451	4	13005	470	440	0	0
21451	5	13003	350	360	0	0
21451	6	17316	430	460	0	0
21451	7	17316	510	420	0	0
21451	8	17316	350	420	0	0
21451	9	17316	350	460	0	0
21451	10	17316	290	420	0	0
21451	11	17316	390	340	0	0
21451	12	17316	310	380	0	0
21451	13	17316	390	480	0	0
21451	14	17316	430	320	0	0
21451	15	17316	550	400	0	0
21451	16	12043	230	480	0	0
21451	17	13030	270	460	0	0
21452	1	12042	890	660	0	0
21452	2	12016	1070	720	0	0
21452	3	13030	850	740	0	0
21452	4	12043	810	760	0	0
21452	5	13005	990	580	0	0
21452	6	13003	1190	640	0	0
21452	7	13030	1110	580	0	0
21452	8	13016	630	240	0	0
21452	9	13030	750	220	0	0
21452	10	13044	830	420	0	0
21452	11	13016	290	220	0	0
21452	12	13003	250	160	0	0
21452	13	13005	210	220	0	0
21452	14	13008	410	360	0	0
21452	15	13020	310	360	0	0
21452	16	13017	410	420	0	0
21452	17	13047	310	420	0	0
21452	18	13027	530	180	0	0
21452	19	13028	570	240	0	0
21501	1	12057	2250	820	0	0
21501	2	11124	2110	740	0	0
21501	3	11125	2050	760	0	0
21501	4	11126	2170	760	0	0
21502	1	24001	590	220	0	0
21503	1	11030	390	780	0	0
21503	2	17321	2310	820	0	0
21503	3	11111	2030	840	0	0
21503	4	11001	2110	960	0	0
21503	5	11020	2070	900	0	0
21503	6	11131	2010	880	0	0
21503	7	11121	2050	940	0	0
21504	1	24001	570	220	0	0
21506	1	11028	1910	180	0	0
21506	2	11020	2110	360	0	0
21506	3	11065	2090	460	0	0
21506	4	11071	1970	460	0	0
21506	5	11042	2230	380	0	0
21506	6	11021	2230	260	0	0
21506	7	20001	1910	1500	0	0
21506	8	11050	2030	200	0	0
21506	9	17015	2030	140	0	0
21506	10	17015	2070	160	0	0
21506	11	17015	2110	180	0	0
21506	12	12038	2010	320	0	0
21506	13	12030	1950	320	0	0
21506	14	12031	2050	280	0	0
21506	15	17320	1890	300	0	0
21506	16	17320	2090	220	0	0
21506	17	17015	1930	280	0	0
21508	1	12033	1430	800	0	0
21508	2	12020	1330	740	0	0
21508	3	12043	1470	880	0	0
21508	4	12014	1430	960	0	0
21508	5	12027	1070	860	0	0
21508	6	11028	1250	820	0	0
21508	7	11058	1210	760	0	0
21508	8	11014	1190	680	0	0
21508	9	11111	1150	820	0	0
21508	10	11088	1270	720	0	0
21509	1	11028	590	1040	0	0
21509	2	11029	530	820	0	0
21509	3	11031	410	840	0	0
21509	4	11048	370	780	0	0
21509	5	11083	310	900	0	0
21509	6	11067	310	820	0	0
21510	1	11016	2290	140	0	0
21512	1	14499	1230	180	0	0
21512	2	11036	3130	820	0	0
21512	3	20001	2270	300	0	0
21512	4	12060	1710	900	0	0
21512	5	12061	1690	960	0	0
21512	6	12062	1530	900	0	0
21512	7	12063	1550	960	0	0
21512	8	12043	1790	880	0	0
21512	9	12022	1450	880	0	0
21512	10	11001	1650	880	0	0
21521	1	11042	2290	860	0	0
21521	2	11036	2250	780	0	0
21522	1	24001	330	240	0	0
21522	2	12092	390	260	0	0
21525	1	15294	1150	200	0	0
21525	2	12001	1290	300	0	0
21525	3	28038	1150	200	0	0
21527	1	13003	1210	200	0	0
21527	2	14140	1130	280	0	0
21529	1	24001	2310	860	0	0
21529	2	12033	290	160	0	0
21529	3	12020	390	140	0	0
21529	4	12038	510	300	0	0
21529	5	12027	290	240	0	0
21529	6	12037	410	340	0	0
21529	7	12020	3090	1440	0	0
21529	8	11003	2890	1500	0	0
21529	9	11151	2950	1560	0	0
21533	1	12015	250	180	0	0
21533	2	11071	370	260	0	0
21533	3	11173	450	280	0	0
21533	4	12024	430	160	0	0
21533	5	11016	370	340	0	0
21533	6	11144	470	340	0	0
21533	7	11178	510	260	0	0
21534	1	11005	2310	1460	0	0
21536	1	11040	610	820	0	0
21536	2	13008	430	700	0	0
21536	3	13003	470	920	0	0
21536	4	11042	370	800	0	0
21536	5	17064	590	1020	0	0
21536	6	17064	470	1040	0	0
21536	7	17064	350	1020	0	0
21541	1	25100	1410	980	0	0
21541	2	25100	1350	940	0	0
21541	3	25102	850	960	0	0
21542	1	25100	570	220	0	0
21542	2	25100	610	260	0	0
21542	3	25103	210	500	0	0
21543	1	25100	1130	240	0	0
21543	2	25100	1090	300	0	0
21543	3	25103	1090	1560	0	0
21543	4	25103	1050	1600	0	0
21543	5	25103	1490	1840	0	0
21543	6	25103	1350	940	0	0
21543	7	20002	1430	300	0	0
21544	1	20002	590	240	0	0
21544	2	25100	310	220	0	0
21544	3	25100	250	260	0	0
21544	4	25100	630	520	0	0
21545	1	25100	570	1220	0	0
21545	2	25100	310	900	0	0
21545	3	25100	230	980	0	0
21545	4	25100	1110	260	0	0
21545	5	25100	1050	340	0	0
21545	6	25103	1030	1800	0	0
21545	7	25103	1090	1840	0	0
21545	8	25103	1090	1560	0	0
21545	9	25106	2310	1600	0	0
21545	10	25106	2270	1580	0	0
21545	11	25100	1970	260	0	0
21545	12	25100	1930	320	0	0
21545	13	25100	2310	460	0	0
21545	14	25100	1910	1860	0	0
21545	15	25100	1870	1800	0	0
21545	16	25100	1450	280	0	0
21546	1	25101	550	220	0	0
21546	2	25101	590	260	0	0
21546	3	20002	270	240	0	0
21546	4	25101	610	500	0	0
21547	1	25101	1370	460	0	0
21547	2	25101	1150	940	0	0
21547	3	25101	290	880	0	0
21547	4	25101	230	960	0	0
21547	5	25102	310	920	0	0
21547	6	25102	250	1180	0	0
21547	7	25102	2310	900	0	0
21547	8	25102	2250	880	0	0
21547	9	25102	1930	1160	0	0
21548	1	25101	290	200	0	0
21548	2	25101	250	260	0	0
21549	1	25101	550	940	0	0
21549	2	25101	1430	880	0	0
21549	3	25101	1470	920	0	0
21549	4	25101	1130	880	0	0
21549	5	25101	1470	1140	0	0
21549	6	25101	1150	1520	0	0
21549	7	25101	250	2180	0	0
21549	8	25101	230	2240	0	0
21549	9	25101	670	2460	0	0
21549	10	20002	250	2460	0	0
21550	1	25102	550	220	0	0
21550	2	25102	570	260	0	0
21550	3	25102	210	500	0	0
21551	1	25102	310	880	0	0
21551	2	25102	250	940	0	0
21551	3	25102	550	1180	0	0
21551	4	25102	1390	940	0	0
21551	5	25102	1970	880	0	0
21551	6	25102	2010	900	0	0
21551	7	20002	2290	900	0	0
21552	1	25102	250	220	0	0
21552	2	25102	630	500	0	0
21553	1	25102	630	280	0	0
21553	2	25102	590	240	0	0
21553	3	25102	210	440	0	0
21553	4	25102	1130	240	0	0
21553	5	25102	1050	320	0	0
21553	6	25104	650	1560	0	0
21553	7	25104	610	1540	0	0
21553	8	25102	670	1600	0	0
21553	9	25102	230	1820	0	0
21553	10	20002	290	280	0	0
21701	1	17228	730	480	0	0
21701	2	17228	930	500	0	0
21701	3	17228	930	360	0	0
21701	4	11073	670	520	0	0
21701	5	12043	610	560	0	0
21701	6	12033	670	560	0	0
21701	7	12001	710	540	0	0
21701	8	13017	790	480	0	0
21701	9	13001	870	480	0	0
21701	10	12027	650	560	0	0
21702	1	13010	530	660	0	0
21702	2	17229	490	620	0	0
21702	3	17229	450	580	0	0
21702	4	17229	410	540	0	0
21702	5	13005	1710	780	0	0
21702	6	13044	1710	1000	0	0
21702	7	13021	1630	840	0	0
21703	1	13025	490	300	0	0
21703	2	13025	390	220	0	0
21703	3	13025	310	80	0	0
21703	4	13034	370	380	0	0
21704	1	13003	370	420	0	0
21704	2	13045	650	480	0	0
21705	1	13041	390	280	0	0
21705	2	13041	710	460	0	0
21705	3	12001	550	340	0	0
21705	4	13030	470	360	0	0
21705	5	13066	150	520	0	0
21705	6	13009	190	580	0	0
21705	7	17229	90	600	0	0
21705	8	17229	90	520	0	0
21705	9	12001	390	580	0	0
21705	10	13030	450	640	0	0
21706	1	13027	1130	1360	0	0
21706	2	17110	1150	1420	0	0
21706	3	17110	1190	1400	0	0
21706	4	17110	1230	1380	0	0
21706	5	17110	1270	1360	0	0
21707	1	15311	950	360	0	0
21708	1	13034	570	340	0	0
21709	1	13032	230	280	0	0
21709	2	13008	630	300	0	0
21710	1	13001	710	560	0	0
21710	2	13005	630	380	0	0
21710	3	13017	710	380	0	0
21710	4	13021	550	400	0	0
21710	5	17229	590	680	0	0
21710	6	17229	670	660	0	0
21710	7	17229	830	620	0	0
21710	8	17229	750	640	0	0
21710	9	17229	910	600	0	0
21710	10	17229	650	740	0	0
21710	11	17229	730	720	0	0
21710	12	17229	810	700	0	0
21710	13	17229	890	680	0	0
21710	14	17229	970	660	0	0
21710	15	17229	870	760	0	0
21710	16	17229	790	780	0	0
21710	17	17229	710	800	0	0
21710	18	17229	950	740	0	0
21710	19	17229	1030	720	0	0
21710	20	13009	650	420	0	0
21710	21	13003	650	580	0	0
21710	22	13002	590	600	0	0
21710	23	13010	530	620	0	0
21710	24	13025	770	560	0	0
21710	25	13027	830	540	0	0
21710	26	13032	890	540	0	0
21710	27	13047	950	520	0	0
21710	28	17076	470	660	0	0
21711	1	17127	410	500	0	0
21711	2	17127	590	440	0	0
21712	1	12001	310	360	0	0
21712	2	17127	490	440	0	0
21712	3	13029	430	440	0	0
21712	4	13030	470	420	0	0
21712	5	13064	490	440	0	0
21713	1	17076	550	1340	0	0
21713	2	17076	510	1320	0	0
21713	3	17076	470	1300	0	0
21713	4	17076	430	1280	0	0
21713	5	17263	1090	1080	0	0
21713	6	13009	950	1000	0	0
21713	7	11073	890	1000	0	0
21713	8	17041	630	1100	0	0
21713	9	12001	1210	1180	0	0
21713	10	13002	870	1320	0	0
21713	11	17076	750	1380	0	0
21714	1	13009	670	380	0	0
21714	2	11073	570	440	0	0
21714	3	13025	390	480	0	0
21714	4	13030	590	320	0	0
21714	5	12001	550	380	0	0
21714	6	13009	750	400	0	0
21715	1	13020	650	280	0	0
21715	2	13028	270	300	0	0
21716	1	13062	370	580	0	0
21716	2	17249	310	560	0	0
21716	3	17249	250	540	0	0
21717	1	13009	910	420	0	0
21717	2	13030	510	400	0	0
21717	3	13006	170	560	0	0
21717	4	13018	970	640	0	0
21717	5	13004	770	740	0	0
21717	6	13035	650	800	0	0
21717	7	11149	350	680	0	0
21717	8	13015	270	520	0	0
21717	9	17074	410	720	0	0
21717	10	13015	690	500	0	0
21717	11	11073	470	640	0	0
21717	12	13070	790	600	0	0
21717	13	12037	510	620	0	0
21717	14	12033	350	460	0	0
21717	15	12043	390	460	0	0
21717	16	13010	630	520	0	0
21717	17	13027	750	580	0	0
21717	18	13062	550	560	0	0
21717	19	13020	670	620	0	0
21717	20	17316	430	620	0	0
21717	21	17316	550	680	0	0
21717	22	14469	730	540	0	0
21717	23	14470	690	560	0	0
21717	24	13003	610	600	0	0
21717	25	13025	710	460	0	0
21717	26	12001	870	700	0	0
21717	27	12001	830	560	0	0
21717	28	17316	750	480	0	0
21717	29	13054	570	500	0	0
21717	30	13024	730	400	0	0
21717	31	13008	750	520	0	0
21717	32	13032	790	560	0	0
21717	33	13028	710	640	0	0
21717	34	12014	450	740	0	0
21718	1	13024	470	400	0	0
21718	2	13070	370	400	0	0
21718	3	13043	290	520	0	0
21718	4	13009	230	500	0	0
21719	1	13030	370	400	0	0
21719	2	17015	530	460	0	0
21720	1	13047	230	340	0	0
21722	1	13045	1190	820	0	0
21722	2	13045	1690	820	0	0
21722	3	13048	1350	740	0	0
21723	1	13029	470	420	0	0
21725	1	15271	650	320	0	0
21725	2	11073	570	280	0	0
21725	3	12041	310	300	0	0
21725	4	13015	830	480	0	0
21725	5	13060	790	480	0	0
21726	1	12041	410	360	0	0
21726	2	11073	530	420	0	0
21727	1	13042	150	860	0	0
21727	2	13042	230	880	0	0
21727	3	13042	310	900	0	0
21727	4	13042	390	920	0	0
21727	5	13042	470	940	0	0
21727	6	13042	550	960	0	0
21727	7	13042	630	980	0	0
21727	8	13043	110	920	0	0
21727	9	13043	190	940	0	0
21727	10	13043	270	960	0	0
21727	11	13043	350	980	0	0
21727	12	13043	430	1000	0	0
21727	13	13043	510	1020	0	0
21727	14	13043	590	1040	0	0
21727	15	13044	70	980	0	0
21727	16	13044	150	1000	0	0
21727	17	13044	230	1020	0	0
21727	18	13044	310	1040	0	0
21727	19	13044	390	1060	0	0
21727	20	13044	470	1080	0	0
21727	21	13044	550	1100	0	0
21727	22	12001	990	320	0	0
21731	1	12041	690	360	0	0
21731	2	11025	590	340	0	0
21732	1	11024	1170	820	0	0
21732	2	11014	1190	920	0	0
21732	3	17125	1290	920	0	0
21732	4	17125	1370	920	0	0
21732	5	17125	1450	920	0	0
21732	6	13020	1270	1020	0	0
21732	7	13027	1270	1140	0	0
21732	8	13010	1250	1080	0	0
21732	9	13062	1330	1040	0	0
21732	10	13063	1370	1080	0	0
21732	11	11154	1110	800	0	0
21732	12	15284	2050	940	0	0
21733	1	11034	350	400	0	0
21734	1	11060	490	400	0	0
21735	1	15299	270	400	0	0
21736	1	11066	650	220	0	0
21736	2	17147	910	340	0	0
21736	3	17147	330	440	0	0
21736	4	17147	410	480	0	0
21737	1	11071	990	640	0	0
21737	2	11016	3270	480	0	0
21737	3	17123	630	400	0	0
21737	4	17123	2830	660	0	0
21737	5	17123	2450	820	0	0
21737	6	17123	1270	620	0	0
21737	7	17123	1470	780	0	0
21737	8	15296	310	400	0	0
21738	1	14468	330	340	0	0
21738	2	14084	570	320	0	0
21739	1	11001	350	400	0	0
21739	2	11004	470	360	0	0
21740	1	14469	610	200	0	0
21740	2	14470	510	220	0	0
21742	1	11083	270	300	0	0
21742	2	11047	390	260	0	0
21742	3	12041	470	300	0	0
21743	1	11003	650	300	0	0
21743	2	11034	430	240	0	0
21743	3	17452	470	200	0	0
21743	4	12001	850	100	0	0
21743	5	13044	790	100	0	0
21743	6	11047	250	300	0	0
21743	7	11066	370	240	0	0
21743	8	11060	310	260	0	0
21744	1	17167	270	1700	0	0
21744	2	17167	450	1760	0	0
21744	3	11042	890	1260	0	0
21744	4	11031	970	740	0	0
21744	5	17167	1290	600	0	0
21744	6	17167	990	900	0	0
21744	7	17167	1090	1300	0	0
21744	8	17167	350	400	0	0
21744	9	15297	1230	420	0	0
21744	10	11073	990	460	0	0
21744	11	13032	790	1420	0	0
21744	12	13096	810	1360	0	0
21744	13	13029	890	1400	0	0
21744	14	13101	850	1380	0	0
21744	15	13017	770	1340	0	0
21744	16	11154	850	1220	0	0
21745	1	11025	450	340	0	0
21745	2	17266	510	460	0	0
21745	3	11114	470	440	0	0
21746	1	17147	310	360	0	0
21747	1	11021	890	500	0	0
21747	2	11072	510	720	0	0
21747	3	17064	510	960	0	0
21747	4	17064	750	840	0	0
21748	1	11116	510	380	0	0
21749	1	17189	210	500	0	0
21749	2	17189	390	520	0	0
21749	3	13024	410	440	0	0
21749	4	13008	370	420	0	0
21749	5	13019	470	420	0	0
21749	6	13005	330	440	0	0
21749	7	13030	430	400	0	0
21749	8	13016	270	540	0	0
21749	9	13021	210	540	0	0
21749	10	13009	310	560	0	0
21749	11	13002	170	560	0	0
21749	12	13003	350	600	0	0
21749	13	11154	130	520	0	0
21749	14	11031	90	560	0	0
21749	15	11113	410	580	0	0
21750	1	11041	1150	420	0	0
21750	2	11038	1310	500	0	0
21750	3	17155	1350	540	0	0
21750	4	17155	1390	580	0	0
21750	5	17155	1430	620	0	0
21750	6	13089	1250	700	0	0
21750	7	13070	1290	680	0	0
21750	8	13102	1330	660	0	0
21750	9	13047	1370	640	0	0
21750	10	13048	1210	720	0	0
21750	11	11154	1030	400	0	0
21752	1	15298	710	260	0	0
21753	1	11050	510	280	0	0
21754	1	11073	390	340	0	0
21755	1	11047	310	360	0	0
21755	2	13044	250	500	0	0
21755	3	11112	530	420	0	0
21755	4	13034	570	400	0	0
21755	5	11073	610	380	0	0
21755	6	11001	490	440	0	0
21755	7	11060	250	420	0	0
21755	8	11050	370	460	0	0
21756	1	11047	150	140	0	0
21756	2	11067	770	220	0	0
21756	3	11057	410	440	0	0
21756	4	11006	670	180	0	0
21756	5	11066	230	380	0	0
21756	6	11050	270	160	0	0
21756	7	11034	870	260	0	0
21756	8	11129	190	120	0	0
21756	9	15298	470	120	0	0
21756	10	15299	530	140	0	0
21756	11	15299	590	160	0	0
21756	12	15299	550	180	0	0
21756	13	15299	490	160	0	0
21756	14	11031	390	320	0	0
21756	15	11003	470	260	0	0
21756	16	14181	430	340	0	0
21756	17	12072	510	280	0	0
21756	18	11004	410	240	0	0
21756	19	11001	350	300	0	0
21756	20	11060	310	320	0	0
21756	21	11067	370	260	0	0
21756	22	13025	690	400	0	0
21756	23	13028	690	440	0	0
21756	24	13001	750	400	0	0
21756	25	11154	30	80	0	0
21756	26	13009	710	300	0	0
21756	27	13016	650	280	0	0
21756	28	15171	250	280	0	0
21756	29	15284	290	260	0	0
21757	1	11013	470	460	0	0
21757	2	17077	490	640	0	0
21757	3	17077	530	620	0	0
21757	4	17077	570	600	0	0
21757	5	17077	610	580	0	0
21757	6	17077	650	560	0	0
21757	7	17077	530	680	0	0
21757	8	17077	570	660	0	0
21757	9	17077	610	640	0	0
21757	10	17077	650	620	0	0
21757	11	17077	690	600	0	0
21757	12	11073	790	480	0	0
21757	13	11047	870	480	0	0
21757	14	12041	950	500	0	0
21758	1	11020	450	480	0	0
21758	2	11085	830	480	0	0
21758	3	17358	1090	600	0	0
21758	4	17358	190	700	0	0
21758	5	11073	350	440	0	0
21758	6	11047	690	480	0	0
21758	7	11034	650	500	0	0
21758	8	13025	410	440	0	0
21758	9	13016	350	480	0	0
21758	10	13009	310	500	0	0
21759	1	11047	370	280	0	0
21759	2	11025	870	320	0	0
21759	3	11060	770	280	0	0
21759	4	11073	430	500	0	0
21759	5	11066	330	460	0	0
21759	6	17349	850	460	0	0
21759	7	17349	850	540	0	0
21759	8	11065	530	540	0	0
21759	9	14084	490	400	0	0
21759	10	14468	590	340	0	0
21759	11	11073	410	380	0	0
21759	12	11006	630	580	0	0
21759	13	12041	630	360	0	0
21759	14	11001	630	400	0	0
21760	1	26005	1950	340	0	0
21760	2	26006	2030	1120	0	0
21760	3	26007	730	1440	0	0
21760	4	26008	390	860	0	0
21760	5	14469	1890	340	0	0
21760	6	14478	1970	1120	0	0
21760	7	14397	650	1440	0	0
21760	8	14084	330	860	0	0
21760	9	13006	330	940	0	0
21760	10	26009	470	840	0	0
21760	11	26004	510	920	0	0
21760	12	13003	550	960	0	0
21760	13	26001	470	960	0	0
21760	14	17062	510	1000	0	0
21761	1	12001	590	360	0	0
21761	2	13030	510	400	0	0
21761	3	13041	370	260	0	0
21761	4	13041	730	440	0	0
21762	1	12001	330	360	0	0
21762	2	13030	490	320	0	0
21762	3	13041	490	440	0	0
21763	1	13032	110	1920	0	0
21763	2	13008	170	1920	0	0
21763	3	11047	230	1920	0	0
21763	4	26010	1810	960	0	0
21763	5	26011	1770	980	0	0
21763	6	26012	1770	900	0	0
21763	7	26013	1710	940	0	0
21763	8	11013	290	1920	0	0
21763	9	11003	350	1920	0	0
21763	10	11071	410	1920	0	0
21763	11	11036	470	1920	0	0
21763	12	26014	330	1320	0	0
21763	13	26015	1870	240	0	0
21763	14	26016	1130	620	0	0
21763	15	26017	770	460	0	0
21763	16	26003	350	240	0	0
21763	17	11001	530	1920	0	0
21763	18	11083	50	1920	0	0
21771	1	13111	450	240	0	0
21771	2	13038	370	260	0	0
21771	3	13094	290	320	0	0
21771	4	13095	230	300	0	0
21771	5	12124	330	260	0	0
21771	6	12020	610	280	0	0
21771	7	12027	530	320	0	0
21771	8	12124	510	360	0	0
21801	1	17320	690	3120	165	1
21801	2	17321	1090	3140	161	3
21801	3	17320	530	2280	178	3
21801	4	17321	1150	2160	196	3
21801	5	17320	570	1640	198	1
21801	6	17321	1150	1480	200	3
21801	7	17320	610	1180	174	1
21801	8	17320	1170	720	157	1
21801	9	17322	830	1040	0	0
21801	10	11020	950	1040	0	0
21801	11	11016	1030	1140	0	0
21801	12	11085	990	1080	0	0
21801	13	11136	1010	1020	0	0
21801	14	11122	1050	1080	0	0
21802	1	17322	2790	560	157	3
21802	2	17323	2710	940	150	1
21802	3	17322	1850	560	144	3
21802	4	17323	1270	480	148	1
21802	5	17322	610	960	129	3
21802	6	17323	1170	940	109	1
21802	7	12057	190	240	0	0
21802	8	12001	270	200	0	0
21802	9	11111	410	220	0	0
21802	10	11085	430	280	0	0
21802	11	11136	470	340	0	0
21802	12	11020	370	260	0	0
21802	13	11001	390	320	0	0
21802	14	11016	430	380	0	0
21803	1	17324	710	2100	180	1
21803	2	17325	850	1400	355	1
21803	3	17325	1170	2100	146	3
21803	4	17324	730	1040	171	3
21803	5	17325	1150	900	150	3
21803	6	17324	610	1700	152	3
21803	7	14084	270	220	0	0
21803	8	13053	490	380	0	0
21803	9	13004	390	460	0	0
21803	10	13006	470	460	0	0
21804	1	46035	490	660	153	3
21804	2	46035	1090	2020	160	1
21804	3	46035	590	1420	161	3
21804	4	46036	1030	1220	170	3
21804	5	46036	1010	1640	157	1
21804	6	46036	570	1820	146	3
21806	1	17326	730	1480	187	1
21806	2	17326	1610	640	129	1
21806	3	17327	1790	1500	186	1
21806	4	17327	550	660	142	3
21806	5	17326	1030	1180	237	3
21807	1	14489	670	380	0	0
21807	2	11111	390	360	0	0
21807	3	11020	470	360	0	0
21807	4	11021	410	440	0	0
21807	5	11048	330	460	0	0
21807	6	11028	470	500	0	0
21807	7	12033	490	400	0	0
21807	8	12043	410	380	0	0
21807	9	12020	430	460	0	0
21808	1	14114	1370	1680	0	0
21808	2	18010	590	640	0	0
21808	3	18014	1090	620	0	0
21808	4	18014	1110	1200	0	0
21808	5	18014	650	1380	0	0
21808	6	18014	850	900	0	0
21808	7	14084	310	280	0	0
21808	8	11081	390	340	0	0
21808	9	14469	370	460	0	0
21808	10	14470	470	460	0	0
21808	11	14471	510	400	0	0
21808	12	14492	1370	300	0	0
21808	13	14491	1310	340	0	0
21808	14	12020	1210	420	0	0
21808	15	15092	1270	440	0	0
21808	16	18010	1230	480	0	0
21809	1	46075	2050	540	179	1
21809	2	46075	470	880	165	1
21809	3	46075	2570	920	161	3
21809	4	46076	1850	880	158	3
21809	5	46076	830	900	153	3
21809	6	46076	1030	560	137	3
21811	1	17035	1130	860	100	1
21811	2	17035	1410	420	53	3
21811	3	17036	530	700	106	3
21811	4	12043	170	1260	0	0
21811	5	12042	230	1260	0	0
21811	6	17364	130	1240	0	0
21811	7	17364	90	1180	0	0
21811	8	11178	290	1120	0	0
21811	9	17035	270	1060	0	0
21811	10	17036	350	1120	0	0
21812	1	17039	810	2060	231	1
21812	2	17039	1830	1580	340	3
21812	3	17039	2490	2020	206	3
21812	4	17040	850	960	318	3
21812	5	17040	1550	1200	191	3
21812	6	17040	1810	2020	251	1
21812	7	12042	2390	680	0	0
21812	8	15088	2390	680	0	0
21812	9	12042	2790	440	0	0
21812	10	12043	2810	500	0	0
21812	11	15088	2730	560	0	0
21812	12	12043	3210	260	0	0
21812	13	15088	3210	260	0	0
21812	14	17364	2870	520	0	0
21812	15	11024	2690	660	0	0
21812	16	11047	2630	600	0	0
21812	17	11036	2770	620	0	0
21812	18	11024	2310	900	0	0
21812	19	12011	2350	720	0	0
21812	20	12015	2390	740	0	0
21812	21	11024	2090	1200	0	0
21812	22	12016	2110	1040	0	0
21812	23	12004	2190	1060	0	0
21813	1	12043	490	400	0	0
21813	2	12042	390	380	0	0
21813	3	12001	310	420	0	0
21813	4	17364	330	480	0	0
21813	5	12004	550	460	0	0
21813	6	12016	490	500	0	0
21813	7	15088	410	420	0	0
21813	8	13021	410	480	0	0
21813	9	13044	410	520	0	0
21814	1	17010	2670	780	221	3
21814	2	17010	2010	840	140	3
21814	3	17033	2890	560	102	1
21814	4	17033	770	920	106	1
21814	5	17033	3010	920	99	3
21814	6	12043	3970	1240	0	0
21814	7	12042	3850	1180	0	0
21814	8	11077	3830	1160	0	0
21814	9	17069	3830	1100	0	0
21814	10	17069	3770	1140	0	0
21814	11	17069	3870	1080	0	0
21814	12	17069	3790	1120	0	0
21814	13	17069	3730	1180	0	0
21814	14	17069	3710	1220	0	0
21814	15	17364	3990	1260	0	0
21814	16	12042	3970	1280	0	0
21814	17	12042	1310	1020	0	0
21814	18	11024	1590	1020	0	0
21814	19	17033	1670	980	0	0
21814	20	17033	1670	1060	0	0
21814	21	12016	3490	460	0	0
21814	22	12042	3410	460	0	0
21814	23	11024	810	540	0	0
21814	24	12042	810	640	0	0
21814	25	11208	770	760	0	0
21814	26	11209	850	760	0	0
21814	27	17033	730	520	0	0
21814	28	17033	890	520	0	0
21814	29	12042	810	640	0	0
21814	30	12043	3550	1020	0	0
21814	31	12042	3550	1080	0	0
21814	32	17364	3610	1000	0	0
21814	33	17364	3610	1080	0	0
21814	34	17364	3570	1140	0	0
21814	35	11024	3370	1000	0	0
21814	36	17033	3310	1000	0	0
21814	37	17033	3310	1080	0	0
21814	38	17033	3250	1040	0	0
21814	39	11036	3370	1060	0	0
21815	1	11036	350	400	0	0
21815	2	11067	450	380	0	0
21815	3	11024	370	460	0	0
21816	1	17328	510	920	174	1
21816	2	17329	1130	560	168	3
21816	3	17328	990	940	150	1
21816	4	17329	1970	940	179	3
21817	1	46073	2450	740	172	1
21817	2	46073	1250	660	190	1
21817	3	46073	630	580	179	3
21817	4	46074	870	900	140	1
21817	5	46074	1690	820	180	1
21817	6	46074	2850	920	160	3
21818	1	12043	430	260	0	0
21818	2	12042	470	260	0	0
21818	3	12011	510	260	0	0
21818	4	19045	430	340	0	0
21818	5	17364	510	340	0	0
21819	1	11206	150	580	0	0
21819	2	11001	210	500	0	0
21819	3	11158	430	600	0	0
21819	4	11159	370	180	0	0
21819	5	11207	1010	320	0	0
21819	6	11077	1150	320	0	0
21819	7	12043	130	740	0	0
21819	8	12042	50	800	0	0
21819	9	12011	190	900	0	0
21819	10	17364	210	740	0	0
21819	11	17364	250	840	0	0
21819	12	11001	110	800	0	0
21819	13	11077	170	820	0	0
21820	1	46079	1490	640	205	3
21820	2	46079	2190	1260	219	3
21820	3	46079	970	1400	236	3
21820	4	46080	930	920	233	3
21820	5	46080	1550	1160	247	3
21820	6	46080	2690	1440	200	3
21821	1	17336	690	660	210	3
21821	2	17337	1150	580	175	3
21821	3	17487	1190	1120	0	0
21821	4	17487	1250	1120	0	0
21821	5	17487	1290	1080	0	0
21821	6	17365	1050	1180	0	0
21821	7	17365	1090	1220	0	0
21821	8	17365	1130	1260	0	0
21821	9	17365	1390	1020	0	0
21821	10	17365	1430	1060	0	0
21821	11	17365	1470	1100	0	0
21821	12	17365	1070	920	0	0
21821	13	17365	1110	900	0	0
21821	14	17365	1150	880	0	0
21821	15	17365	1190	860	0	0
21821	16	17365	1230	840	0	0
21821	17	17365	1030	940	0	0
21821	18	11011	1130	1020	0	0
21821	19	11012	1230	980	0	0
21821	20	11202	1170	980	0	0
21821	21	12031	1230	1080	0	0
21823	1	17338	3450	900	147	3
21823	2	17338	2610	640	203	3
21823	3	17339	3130	620	192	3
21823	4	17339	1210	860	154	3
21823	5	17340	1790	860	214	1
21823	6	17340	2990	920	74	3
21823	7	17341	3650	660	175	1
21823	8	17341	2330	880	142	3
21824	1	12031	370	400	0	0
21824	2	20001	450	320	0	0
21826	1	17396	490	940	157	3
21826	2	17397	1290	520	166	1
21826	3	17396	1490	920	143	1
21826	4	17397	2010	880	158	1
21827	1	12070	350	400	0	0
21831	1	17054	1010	580	180	3
21831	2	17058	470	740	159	1
21831	3	17054	1030	1580	174	1
21831	4	17058	1510	1320	177	1
21831	5	17054	1130	960	166	1
21831	6	17058	1970	960	186	3
21831	7	17321	330	280	0	0
21831	8	12037	290	220	0	0
21831	9	12014	230	240	0	0
21831	10	12039	350	200	0	0
21831	11	12033	410	340	0	0
21831	12	12064	350	380	0	0
21831	13	12042	450	300	0	0
21831	14	12066	310	360	0	0
21831	15	12059	490	360	0	0
21831	16	11137	270	320	0	0
21831	17	12020	430	260	0	0
21831	18	15124	750	1100	0	0
21831	19	12001	550	420	0	0
21831	20	11003	490	460	0	0
21831	21	12033	230	280	0	0
21831	22	12027	170	240	0	0
21832	1	17212	850	560	161	1
21832	2	17225	1050	960	140	3
21832	3	17212	1430	560	149	3
21832	4	17225	1770	720	138	3
21832	5	15124	2110	1040	0	0
21832	6	11124	2050	920	0	0
21832	7	11132	2090	840	0	0
21832	8	11133	1950	880	0	0
21832	9	12053	370	900	0	0
21832	10	11033	610	1100	0	0
21833	1	17064	450	780	158	3
21833	2	17072	1310	520	169	1
21833	3	17064	1490	920	154	3
21833	4	17072	2550	900	171	1
21833	5	17064	2910	500	159	1
21833	6	17072	3250	900	175	3
21833	7	17064	4030	560	175	3
21833	8	17072	4210	920	149	1
21833	9	17464	4710	340	0	0
21833	10	11047	4790	320	0	0
21833	11	11040	4810	420	0	0
21833	12	17464	4710	500	0	0
21833	13	17094	1950	700	0	0
21833	14	11125	1990	800	0	0
21833	15	11113	1810	700	0	0
21833	16	11031	1790	840	0	0
21834	1	46085	590	580	190	3
21834	2	46085	670	1440	202	1
21834	3	46085	1310	960	213	3
21834	4	46086	1810	780	184	1
21834	5	46086	610	980	189	3
21834	6	46086	1070	1540	151	3
21836	1	17392	510	860	136	1
21836	2	17393	470	2060	181	3
21836	3	17392	870	1760	142	3
21836	4	17393	1110	1200	126	3
21837	1	17394	590	780	179	3
21837	2	17395	1010	720	190	3
21837	3	17394	1490	640	190	3
21837	4	17395	1790	880	154	3
21837	5	17394	530	1500	231	1
21837	6	17395	2030	1600	145	1
21837	7	17395	1550	1620	98	3
21837	8	12043	2110	640	0	0
21837	9	12033	2250	740	0	0
21837	10	12001	2190	680	0	0
21837	11	11020	2030	700	0	0
21837	12	11060	2070	780	0	0
21837	13	12065	1930	800	0	0
21841	1	17043	2630	500	88	3
21841	2	17043	870	720	197	3
21841	3	17043	1810	1380	159	1
21841	4	17044	1650	800	115	3
21841	5	17044	750	380	59	1
21841	6	17044	630	1200	126	3
21842	1	11001	470	420	0	0
21844	1	17045	410	380	137	1
21844	2	17045	830	1640	102	1
21844	3	17045	1010	1240	89	3
21844	4	17048	570	1180	198	1
21844	5	17048	750	420	83	3
21844	6	17048	1330	700	64	3
21846	1	13012	510	320	0	0
21847	1	17607	670	760	151	3
21847	2	17608	1090	1000	121	3
21847	3	17607	1370	640	193	3
21847	4	17607	1930	860	124	3
21847	5	17608	2090	520	145	3
21847	6	17608	1590	980	114	1
21847	7	14275	330	300	0	0
21847	8	13012	470	500	0	0
21847	9	17351	630	360	0	0
21847	10	17351	210	440	0	0
21847	11	17351	690	400	0	0
21847	12	17351	210	520	0	0
21847	13	13014	490	540	0	0
21847	14	13024	550	560	0	0
21847	15	13025	490	600	0	0
21847	16	14275	2490	720	0	0
21847	17	14572	2410	640	0	0
21847	18	14572	2630	620	0	0
21847	19	14572	2510	900	0	0
21847	20	13012	2650	800	0	0
21848	1	46077	770	600	182	3
21848	2	46077	1590	900	162	1
21848	3	46077	2850	620	180	3
21848	4	46078	2430	520	139	3
21848	5	46078	1230	520	168	3
21848	6	46078	450	960	151	1
21851	1	17350	830	860	220	1
21851	2	17351	1130	1500	194	3
21852	1	17352	750	760	238	3
21852	2	17352	1190	1860	217	1
21852	3	17352	2590	1520	214	3
21852	4	17353	2530	2100	192	3
21852	5	17353	1830	1260	253	1
21852	6	17353	1330	620	224	1
21853	1	12117	430	300	0	0
21855	1	17354	790	640	214	3
21855	2	17354	750	1460	170	3
21855	3	17354	2330	1460	164	3
21855	4	17354	2350	580	102	3
21855	5	17355	1430	1160	200	3
21855	6	17355	690	980	189	3
21855	7	17355	1870	1460	192	3
21856	1	12022	350	400	0	0
21856	2	20001	430	320	0	0
21857	1	12033	670	340	0	0
21857	2	12005	510	380	0	0
21857	3	20001	750	400	0	0
21861	1	17356	990	900	182	1
21861	2	17356	1730	560	162	3
21861	3	17356	2870	540	174	3
21861	4	17357	1350	560	178	3
21861	5	17357	1610	920	173	1
21861	6	17357	3250	860	205	3
21861	7	17356	3710	540	180	3
21861	8	17357	4510	900	147	3
21861	9	11024	4730	260	0	0
21861	10	11031	4810	280	0	0
21861	11	11154	4610	300	0	0
21861	12	12027	4610	560	0	0
21861	13	17196	4690	620	0	0
21861	14	17196	4510	580	0	0
21861	15	11050	2230	380	0	0
21861	16	11154	2370	420	0	0
21861	17	11066	2150	360	0	0
21861	18	12020	1990	600	0	0
21861	19	17452	1930	580	0	0
21861	20	17452	2050	620	0	0
21862	1	17358	530	760	176	1
21862	2	17359	950	900	176	1
21862	3	17358	1250	500	153	3
21862	4	17359	1670	840	179	1
21862	5	17358	2110	520	174	1
21862	6	17359	2470	860	186	1
21862	7	17358	2890	560	153	3
21862	8	17364	250	320	0	0
21862	9	12001	310	320	0	0
21862	10	12033	210	280	0	0
21862	11	13009	470	480	0	0
21862	12	13017	530	500	0	0
21862	13	13001	470	520	0	0
21862	14	12020	390	560	0	0
21862	15	12043	390	420	0	0
21862	16	12022	590	420	0	0
21862	17	12040	610	560	0	0
21862	18	13024	3250	400	0	0
21862	19	13009	3170	360	0	0
21862	20	12001	3090	460	0	0
21862	21	12043	3030	500	0	0
21862	22	12040	3070	560	0	0
21862	23	12020	2990	460	0	0
21862	24	12027	2950	420	0	0
21863	1	17362	570	880	159	3
21863	2	17363	1290	520	172	3
21863	3	17362	2070	1000	148	1
21863	4	17363	1370	900	133	1
21863	5	15300	1910	440	0	0
21863	6	11154	2110	620	0	0
21864	1	17360	450	960	148	3
21864	2	17361	1310	540	173	1
21864	3	17360	1650	900	175	3
21864	4	17361	3270	580	173	3
21864	5	17360	3350	920	161	1
21864	6	17361	3630	600	159	1
21864	7	12043	2430	520	0	0
21864	8	12042	2350	560	0	0
21864	9	11154	2610	740	0	0
21864	10	11060	2530	780	0	0
21864	11	11034	2610	820	0	0
21864	12	12011	2490	920	0	0
21864	13	17468	2790	680	0	0
21864	14	17123	2550	840	0	0
21871	1	17344	650	1460	214	1
21871	2	17344	570	580	145	1
21871	3	17345	1010	1460	155	3
21871	4	17345	1230	540	111	3
21871	5	13008	1030	820	0	0
21871	6	13028	950	820	0	0
21871	7	12033	1370	780	0	0
21871	8	13038	1350	800	0	0
21871	9	13009	1170	720	0	0
21871	10	13043	1130	680	0	0
21871	11	12001	1330	880	0	0
21872	1	17346	570	2140	201	3
21872	2	17346	1950	2180	155	3
21872	3	17346	750	1160	213	1
21872	4	17347	1570	1260	179	1
21872	5	17347	1710	720	177	3
21872	6	17347	690	1600	197	3
21872	7	14394	410	980	0	0
21872	8	13003	390	1120	0	0
21872	9	13014	1270	1960	0	0
21872	10	13044	1310	1880	0	0
21872	11	13044	1350	1900	0	0
21872	12	13044	1390	1920	0	0
21872	13	13025	1170	1900	0	0
21872	14	13024	1210	1880	0	0
21872	15	13016	2290	380	0	0
21872	16	13030	2150	380	0	0
21872	17	13005	2090	420	0	0
21873	1	14062	390	400	0	0
21873	2	14473	310	420	0	0
21873	3	20001	450	340	0	0
21873	4	13003	430	480	0	0
21873	5	14473	370	460	0	0
21873	6	13003	570	360	0	0
21873	7	13016	510	380	0	0
21874	1	17348	670	1460	206	3
21874	2	17348	1330	660	252	3
21874	3	17348	2730	1480	193	3
21874	4	17349	2110	1120	221	3
21874	5	17349	1810	680	234	1
21874	6	17349	1550	1380	241	3
21874	7	17364	2990	920	0	0
21874	8	12001	2830	900	0	0
21874	9	12033	2890	940	0	0
21874	10	12020	2830	1020	0	0
21874	11	12038	2770	1080	0	0
21874	12	12043	2770	980	0	0
21874	13	12027	2710	1040	0	0
21874	14	12042	2670	1080	0	0
21874	15	12011	2730	1120	0	0
21874	16	14465	2710	940	0	0
21874	17	12040	3010	520	0	0
21874	18	13009	2850	720	0	0
21874	19	13025	2910	740	0	0
21874	20	13032	2790	700	0	0
21874	21	13001	2970	760	0	0
21874	22	13017	2730	680	0	0
21874	23	12043	3050	660	0	0
21874	24	12022	2730	560	0	0
21874	25	12001	2910	500	0	0
21875	1	12033	490	420	0	0
21875	2	14465	350	380	0	0
21875	3	12001	390	360	0	0
21875	4	13030	330	460	0	0
21875	5	17065	290	520	0	0
21875	6	12043	370	480	0	0
21875	7	12020	490	480	0	0
21875	8	12042	350	540	0	0
21875	9	12027	450	500	0	0
21875	10	12014	250	480	0	0
21875	11	13009	390	440	0	0
21875	12	12063	290	460	0	0
21876	1	46093	650	780	238	3
21876	2	46093	1110	720	190	3
21876	3	46093	1550	840	192	3
21876	4	46094	1910	620	182	1
21876	5	46094	2330	740	197	3
21876	6	46094	2770	820	204	3
21881	1	17330	610	2060	189	1
21881	2	17330	850	840	294	3
21881	3	17330	1130	2200	162	3
21881	4	17331	1170	740	133	1
21881	5	17331	570	1760	94	3
21881	6	17331	550	680	162	3
21881	7	11005	270	2000	0	0
21881	8	11040	310	1940	0	0
21881	9	13028	390	1980	0	0
21881	10	13017	330	2080	0	0
21881	11	12092	1130	400	0	0
21881	12	12001	1290	360	0	0
21881	13	12041	1330	400	0	0
21881	14	12033	1250	420	0	0
21882	1	17332	590	580	160	3
21882	2	17332	730	2040	256	3
21882	3	17332	1790	1620	164	3
21882	4	17333	1370	2000	253	3
21882	5	17333	1590	580	128	3
21882	6	17333	1970	980	163	3
21882	7	11036	1630	1100	0	0
21882	8	13009	1430	1100	0	0
21882	9	13047	1370	1040	0	0
21882	10	13020	1350	1160	0	0
21882	11	13010	2310	340	0	0
21882	12	11036	2190	540	0	0
21882	13	17333	1510	1020	0	0
21883	1	13009	350	400	0	0
21883	2	13030	450	380	0	0
21883	3	13024	550	520	0	0
21883	4	15302	310	460	0	0
21883	5	11036	970	760	0	0
21883	6	13086	510	520	0	0
21884	1	17334	1150	660	140	1
21884	2	17335	670	540	91	3
21884	3	11058	630	960	0	0
21885	1	46083	710	560	173	3
21885	2	46083	1230	580	198	1
21885	3	46083	2030	820	155	1
21885	4	46084	1630	640	174	3
21885	5	46083	710	940	142	3
21885	6	46084	1050	960	117	3
21891	1	17342	750	2040	194	3
21891	2	17342	1410	640	197	3
21891	3	17342	1970	1620	144	1
21891	4	17343	1210	2040	209	3
21891	5	17343	690	1640	210	3
21891	6	17343	1370	1660	177	3
21891	7	12043	2230	420	0	0
21891	8	12032	2250	480	0	0
21891	9	12042	2170	420	0	0
21891	10	13062	2350	340	0	0
21891	11	40053	2330	280	0	0
21891	12	40053	2410	360	0	0
21891	13	40053	350	480	0	0
21891	14	40053	470	480	0	0
21891	15	40053	530	480	0	0
21891	16	40053	410	480	0	0
21891	17	40053	570	580	0	0
21891	18	40053	510	580	0	0
21891	19	40053	450	580	0	0
21891	20	40053	390	580	0	0
21891	21	40053	330	800	0	0
21891	22	40053	390	800	0	0
21891	23	40053	510	800	0	0
21891	24	40053	570	800	0	0
21891	25	40053	490	400	0	0
21891	26	40053	470	360	0	0
21891	27	40053	410	400	0	0
21891	28	40053	330	380	0	0
21891	29	40053	370	700	0	0
21891	30	40053	430	700	0	0
21891	31	40053	490	700	0	0
21891	32	40053	550	700	0	0
21891	33	13001	390	320	0	0
21891	34	13001	650	500	0	0
21891	35	13001	450	800	0	0
21891	36	12042	130	240	0	0
21891	37	12016	210	180	0	0
21891	38	12042	270	480	0	0
21891	39	12043	2090	2080	0	0
21891	40	12042	2150	2120	0	0
21891	41	13028	1950	2080	0	0
21891	42	13044	1890	2040	0	0
21891	43	13044	1890	2100	0	0
21891	44	17364	2150	2040	0	0
21891	45	12043	370	2240	0	0
21891	46	12042	350	2160	0	0
21891	47	17364	430	2280	0	0
21891	48	13028	510	2120	0	0
21891	49	13032	390	2040	0	0
21891	50	13008	570	2280	0	0
21891	51	13044	510	2020	0	0
21891	52	13044	610	2160	0	0
21891	53	12043	1190	1180	0	0
21891	54	17364	1150	1140	0	0
21891	55	17364	1230	1140	0	0
21891	56	17364	1190	1240	0	0
21891	57	15207	1390	1160	0	0
21891	58	15038	1230	1360	0	0
21891	59	15106	1070	1000	0	0
21891	60	15187	1030	1020	0	0
21891	61	13028	1290	1280	0	0
21891	62	13001	1010	1260	0	0
21891	63	13017	1310	1060	0	0
21891	64	13044	1250	980	0	0
21891	65	13044	1410	1060	0	0
21891	66	12042	1230	1140	0	0
21891	67	12016	1150	1220	0	0
21891	68	13005	1190	1180	0	0
21892	1	46087	1070	1240	162	3
21892	2	46087	590	1620	172	1
21892	3	46087	1130	2120	176	3
21892	4	46088	1070	1660	160	3
21892	5	46088	690	2040	161	1
21892	6	46088	630	1180	181	3
21892	7	12043	190	2520	0	0
21892	8	12042	190	2560	0	0
21892	9	12032	130	2520	0	0
21892	10	13027	310	2420	0	0
21892	11	40053	310	2360	0	0
21892	12	40053	370	2400	0	0
21892	13	12042	390	440	0	0
21892	14	12043	450	420	0	0
21892	15	12032	510	500	0	0
21892	16	40053	50	400	0	0
21892	17	40053	70	440	0	0
21892	18	40053	90	480	0	0
21892	19	40053	110	520	0	0
21892	20	40053	130	540	0	0
21892	21	40053	750	320	0	0
21892	22	40053	790	340	0	0
21892	23	40053	910	400	0	0
21892	24	40053	870	380	0	0
21892	25	40053	830	360	0	0
21892	26	40053	370	200	0	0
21892	27	40053	410	180	0	0
21892	28	40053	450	160	0	0
21892	29	40053	490	140	0	0
21892	30	40053	330	180	0	0
21892	31	40053	290	700	0	0
21892	32	40053	330	720	0	0
21892	33	40053	370	760	0	0
21892	34	40053	410	800	0	0
21892	35	40053	70	240	0	0
21892	36	40053	110	220	0	0
21892	37	40053	150	200	0	0
21892	38	40053	190	180	0	0
21892	39	40053	230	160	0	0
21892	40	40053	270	140	0	0
21892	41	40053	550	220	0	0
21892	42	40053	590	240	0	0
21892	43	40053	630	260	0	0
21892	44	40053	670	280	0	0
21892	45	40053	710	300	0	0
21892	46	40053	530	740	0	0
21892	47	40053	570	720	0	0
21892	48	40053	610	700	0	0
21892	49	40053	650	680	0	0
21892	50	40053	690	660	0	0
21892	51	40053	730	640	0	0
21892	52	40053	510	820	0	0
21892	53	40053	550	800	0	0
21892	54	40053	590	780	0	0
21892	55	40053	630	760	0	0
21892	56	40053	670	740	0	0
21892	57	40053	710	720	0	0
21892	58	40053	750	700	0	0
21892	59	40053	790	680	0	0
21892	60	40053	830	660	0	0
21892	61	13005	570	540	0	0
21892	62	13001	550	600	0	0
21892	63	13062	630	560	0	0
21892	64	13027	830	460	0	0
21892	65	12135	610	320	0	0
21896	1	12031	1070	1040	0	0
21896	2	17487	930	980	0	0
21896	3	17487	990	1100	0	0
21896	4	17487	930	1100	0	0
21896	5	17487	990	980	0	0
21896	6	17487	1050	1000	0	0
21896	7	17487	1050	1080	0	0
21896	8	17365	930	1040	0	0
21896	9	17365	1250	420	0	0
21896	10	17365	1370	420	0	0
21896	11	17487	1190	560	0	0
21896	12	17487	1230	580	0	0
21896	13	17487	1390	580	0	0
21896	14	17487	1430	560	0	0
21896	15	17487	1270	600	0	0
21896	16	17487	1350	600	0	0
21896	17	12031	1310	560	0	0
21896	18	12094	1310	460	0	0
21896	19	12094	330	320	0	0
21896	20	12031	410	400	0	0
21896	21	11024	430	300	0	0
21896	22	11028	270	400	0	0
21896	23	17365	270	480	0	0
21896	24	17365	230	420	0	0
21896	25	17365	190	360	0	0
21896	26	17365	230	300	0	0
21896	27	17365	290	260	0	0
21896	28	17365	350	240	0	0
21896	29	17365	450	220	0	0
21896	30	17365	510	260	0	0
21896	31	17365	570	300	0	0
21896	32	17487	330	440	0	0
21896	33	17487	370	460	0	0
21896	34	17487	430	460	0	0
21896	35	17487	470	440	0	0
21896	36	17487	490	400	0	0
21896	37	17487	470	360	0	0
21901	1	11203	1610	920	0	0
21901	2	11179	1610	1000	0	0
21901	3	11036	1670	860	0	0
21901	4	12043	1810	920	0	0
21901	5	11203	1850	1640	0	0
21901	6	11179	2090	1740	0	0
21901	7	11203	810	1140	0	0
21901	8	12016	830	1220	0	0
21902	1	11036	590	580	0	0
21902	2	11179	450	360	0	0
21902	3	11203	350	400	0	0
21902	4	17353	470	600	0	0
21902	5	12042	670	560	0	0
21903	1	12043	490	400	0	0
21903	2	12042	310	400	0	0
21903	3	12016	350	380	0	0
21903	4	12011	270	420	0	0
21903	5	12015	570	460	0	0
21903	6	12004	530	480	0	0
21903	7	12003	490	500	0	0
21903	8	17364	310	480	0	0
21903	9	12037	370	460	0	0
23001	1	17010	410	620	0	0
23001	2	17010	590	580	0	0
23001	3	16044	830	660	0	0
23001	4	13065	430	520	0	0
23001	5	15261	310	780	0	0
23002	1	15259	750	360	0	0
23002	2	15260	830	680	0	0
23002	3	15256	250	680	0	0
23002	4	15257	290	640	0	0
23002	5	17329	310	740	0	0
23002	6	16005	570	780	0	0
23003	1	15003	990	540	0	0
23003	2	15041	950	580	0	0
23003	3	15158	290	380	0	0
23003	4	15170	790	800	0	0
23003	5	15399	230	740	0	0
23003	6	13005	150	660	0	0
23011	1	14510	270	620	0	0
23011	2	17012	510	620	0	0
23011	3	17012	310	580	0	0
23011	4	12001	190	680	0	0
23011	5	12070	330	620	0	0
23011	6	12074	370	640	0	0
23011	7	17087	410	680	0	0
23011	8	13109	530	480	0	0
23011	9	12073	530	740	0	0
23011	10	13005	370	820	0	0
23011	11	13044	410	880	0	0
23011	12	13044	470	880	0	0
23012	1	15158	450	240	0	0
23012	2	16005	950	340	0	0
23012	3	17012	630	440	0	0
23012	4	15014	1030	560	0	0
23012	5	15018	70	380	0	0
23012	6	15186	350	460	0	0
23021	1	12083	850	300	0	0
23021	2	12020	430	220	0	0
23021	3	12089	330	180	0	0
23021	4	12090	390	160	0	0
23021	5	12010	450	340	0	0
23021	6	17331	510	260	0	0
23031	1	15186	1150	740	0	0
23031	2	15257	1210	700	0	0
23031	3	15043	930	620	0	0
23031	4	15302	990	580	0	0
23031	5	15193	930	540	0	0
23031	6	15032	870	580	0	0
23031	7	15400	990	740	0	0
23031	8	15261	1050	580	0	0
23031	9	15262	990	620	0	0
23031	10	15256	930	660	0	0
23041	1	15158	1510	400	0	0
23041	2	16005	1430	340	0	0
23041	3	17012	770	320	0	0
23041	4	17012	670	340	0	0
23041	5	15013	650	520	0	0
23041	6	15026	1090	340	0	0
23041	7	15047	410	280	0	0
23041	8	15133	450	460	0	0
23041	9	15089	390	500	0	0
23041	10	15081	310	420	0	0
23041	11	15076	370	400	0	0
23041	12	15062	270	500	0	0
23041	13	14511	1270	820	0	0
23041	14	12033	1290	920	0	0
23041	15	12001	1250	980	0	0
23041	16	12027	1350	980	0	0
23041	17	13110	1330	800	0	0
23051	1	15262	1110	920	0	0
23102	1	15302	450	260	0	0
23103	1	15193	530	360	0	0
23104	1	15250	310	360	0	0
23104	2	12044	510	340	0	0
23105	1	15279	310	380	0	0
23106	1	15268	470	260	0	0
23107	1	15267	330	320	0	0
23107	2	12023	530	320	0	0
23131	1	12069	490	360	0	0
23132	1	12081	310	340	0	0
23132	2	12033	290	440	0	0
23132	3	12022	430	320	0	0
23132	4	12001	310	480	0	0
23133	1	14509	550	360	0	0
23133	2	14508	350	320	0	0
23134	1	15032	330	340	0	0
23135	1	15043	350	320	0	0
23136	1	12018	590	300	0	0
23136	2	12042	550	300	0	0
23136	3	12059	290	400	0	0
23172	1	14397	530	360	0	0
23172	2	12022	390	420	0	0
23173	1	15090	330	360	0	0
23175	1	12084	330	340	0	0
23176	1	12010	550	280	0	0
23177	1	12083	550	300	0	0
23178	1	15007	590	360	0	0
23179	1	12015	490	360	0	0
23180	1	12080	510	380	0	0
23180	2	12042	450	380	0	0
23180	3	12059	570	500	0	0
23201	1	16010	570	360	0	0
23201	2	16021	310	360	0	0
23221	1	16008	270	360	0	0
23241	1	16016	310	400	0	0
23241	2	16018	370	400	0	0
23242	1	16018	470	400	0	0
23242	2	15265	310	400	0	0
23242	3	12073	270	500	0	0
23261	1	16004	430	240	0	0
23262	1	16004	430	240	0	0
23281	1	16006	650	260	0	0
23281	2	12122	430	440	0	0
23301	1	12022	510	320	0	0
23301	2	17412	610	360	0	0
23301	3	17412	710	400	0	0
23301	4	12040	250	440	0	0
23301	5	17412	350	480	0	0
23301	6	17412	450	520	0	0
23301	7	14515	270	320	0	0
23301	8	12022	530	440	0	0
23301	9	12040	230	340	0	0
23301	10	17412	530	460	0	0
23301	11	17412	570	440	0	0
23302	1	14511	250	320	0	0
23302	2	14512	510	320	0	0
23302	3	14513	250	420	0	0
23302	4	12027	350	360	0	0
23302	5	15306	390	340	0	0
23401	1	27004	890	180	0	0
23401	2	27005	990	240	0	0
23401	3	27003	1090	380	0	0
23401	4	15068	690	160	0	0
23403	1	15208	530	380	0	0
23403	2	15186	510	280	0	0
23411	1	10151	590	840	166	1
23411	2	10152	1250	500	160	3
23421	1	40057	750	1080	0	0
23421	2	40057	810	1040	0	0
23421	3	27146	990	1160	0	0
23422	1	40057	310	1140	0	0
23422	2	40057	350	1220	0	0
23422	3	40057	410	1120	0	0
23422	4	40057	510	1040	0	0
23422	5	40057	530	1100	0	0
23422	6	40057	610	1060	0	0
23422	7	40057	630	1080	0	0
23422	8	40057	730	980	0	0
23422	9	40057	710	940	0	0
23422	10	40057	750	1040	0	0
23422	11	27146	250	1240	0	0
23422	12	27146	630	880	0	0
23422	13	12087	30	80	0	0
23423	1	15166	470	480	0	0
23423	2	27002	170	720	0	0
23423	3	27146	110	740	0	0
23423	4	40057	230	880	0	0
23423	5	40057	290	900	0	0
23423	6	40057	330	860	0	0
23423	7	40058	270	840	0	0
23424	1	12087	570	420	0	0
23424	2	27146	470	380	0	0
23424	3	40057	430	480	0	0
23424	4	40057	510	480	0	0
23424	5	40057	610	460	0	0
23431	1	15256	510	520	0	0
23502	1	24001	610	260	0	0
23511	1	12055	1450	2100	0	0
23511	2	17331	1510	2120	0	0
23512	1	24001	310	320	0	0
23513	1	12005	3110	800	0	0
23513	2	17364	3170	820	0	0
23513	3	12059	3070	740	0	0
23514	1	24001	570	220	0	0
23516	1	20001	290	140	0	0
23522	1	24001	410	200	0	0
23526	1	24001	510	200	0	0
23529	1	17221	270	140	0	0
23529	2	14509	310	120	0	0
23529	3	14510	230	160	0	0
23529	4	12075	230	200	0	0
23529	5	14508	350	140	0	0
23529	6	12033	410	180	0	0
23529	7	12001	410	220	0	0
23529	8	17221	390	260	0	0
23529	9	17221	350	280	0	0
23529	10	17221	310	280	0	0
23529	11	17089	450	280	0	0
23529	12	12043	410	300	0	0
23535	1	24001	510	200	0	0
23568	1	17013	2010	200	0	0
23568	2	13002	2090	320	0	0
23568	3	12022	2110	480	0	0
23801	1	13005	150	520	0	0
23801	2	13105	330	420	0	0
23802	1	17398	1130	2180	144	1
23802	2	17399	1130	1520	179	3
23802	3	17398	610	1500	197	3
23802	4	17399	630	840	231	3
23802	5	17398	1050	1000	191	1
23802	6	13002	370	2020	0	0
23802	7	17366	290	1980	0	0
23802	8	17366	370	1960	0	0
23803	1	17400	1970	840	162	3
23803	2	17401	1430	560	170	1
23803	3	17400	990	580	166	3
23803	4	17401	550	580	171	3
23803	5	13005	330	1100	0	0
23803	6	13044	230	1120	0	0
23803	7	13044	2050	460	0	0
23804	1	13037	430	360	0	0
23804	2	13030	330	360	0	0
23804	3	13024	270	380	0	0
23804	4	13009	490	380	0	0
23806	1	17431	590	2020	176	3
23806	2	17432	990	1900	221	3
23806	3	17432	750	1520	280	3
23806	4	17431	510	900	158	3
23806	5	17432	1150	840	164	3
23807	1	12020	370	240	0	0
23807	2	17571	710	300	0	0
23807	3	17571	630	340	0	0
23807	4	17571	550	380	0	0
23807	5	12022	450	200	0	0
23808	1	17433	570	700	180	1
23808	2	17434	1110	960	184	3
23808	3	17434	650	1140	196	3
23808	4	17433	590	1560	166	1
23808	5	17434	1030	1280	182	3
23811	1	17402	490	440	152	3
23811	2	17403	1170	1000	219	3
23811	3	17403	690	2000	184	3
23811	4	17402	670	1700	191	3
23811	5	17402	1170	1320	142	1
23812	1	17404	710	1360	184	1
23812	2	17405	890	960	180	3
23812	3	17405	1850	1380	197	3
23812	4	17404	1650	620	191	3
23812	5	17405	2110	460	145	3
23812	6	17257	550	360	0	0
23812	7	12071	610	340	0	0
23812	8	14516	670	340	0	0
23812	9	12072	710	380	0	0
23812	10	12043	510	460	0	0
23812	11	12022	550	480	0	0
23812	12	12033	650	360	0	0
23812	13	12001	690	400	0	0
23812	14	12040	690	520	0	0
23812	15	17257	690	560	0	0
23812	16	17257	730	520	0	0
23812	17	17257	510	380	0	0
23821	1	17406	970	1460	265	3
23821	2	17407	1850	1000	163	3
23821	3	17406	1510	620	209	3
23821	4	17407	750	1000	317	3
23821	5	17406	610	620	211	3
23822	1	17408	610	1500	238	3
23822	2	17409	1130	1540	176	3
23822	3	17409	450	800	107	3
23822	4	17408	1210	560	137	1
23822	5	28001	330	320	0	0
23822	6	14512	330	240	0	0
23822	7	14513	250	280	0	0
23831	1	17411	570	1520	213	3
23831	2	17410	2650	1440	264	3
23831	3	17410	1330	1040	226	3
23831	4	17411	1210	560	187	3
23831	5	17411	1810	1480	233	3
23831	6	17410	2110	640	149	3
23831	7	17411	2450	980	218	3
23831	8	17410	2750	700	136	3
23831	9	12027	390	360	0	0
23831	10	14512	450	520	0	0
23831	11	14513	550	480	0	0
23831	12	17380	490	480	0	0
23831	13	12095	410	500	0	0
23831	14	12065	530	440	0	0
23841	1	17412	790	680	225	3
23841	2	17413	1990	900	132	3
23841	3	17412	2650	760	262	3
23841	4	17413	3390	600	99	1
23851	1	17414	690	1400	205	3
23851	2	17415	610	820	196	1
23851	3	17414	1650	600	202	1
23851	4	17415	1790	1300	219	1
23861	1	17424	710	680	241	3
23861	2	17425	1530	880	142	3
23861	3	17424	2570	720	219	1
23862	1	17426	610	480	134	3
23862	2	17427	630	1340	171	3
23862	3	17426	1270	1720	158	3
23862	4	17427	690	820	133	3
23872	1	17420	570	2120	189	3
23872	2	17421	1170	2240	180	3
23872	3	17420	910	1700	328	3
23872	4	17421	510	1440	187	1
23872	5	15274	550	860	0	0
23872	6	15274	590	920	0	0
23872	7	15274	1170	760	0	0
23872	8	15274	1210	840	0	0
23872	9	15274	1170	920	0	0
23872	10	15274	350	440	0	0
23872	11	15274	410	400	0	0
23872	12	15274	470	360	0	0
23873	1	17422	1910	800	258	1
23873	2	17423	450	980	124	1
23873	3	17422	950	560	111	3
23873	4	15274	2070	1100	0	0
23873	5	15274	2130	1100	0	0
23873	6	15274	2190	1100	0	0
23873	7	15274	2010	1100	0	0
23873	8	15274	610	500	0	0
23873	9	15274	550	540	0	0
23873	10	15274	550	480	0	0
23873	11	15274	490	520	0	0
23873	12	15400	370	440	0	0
23881	1	17416	750	840	231	1
23881	2	17417	1150	480	128	1
23881	3	17416	2050	760	177	3
23881	4	17417	2410	560	163	3
23881	5	17417	3630	580	135	3
23881	6	17416	3170	700	118	3
23882	1	17418	1170	960	182	1
23882	2	17419	530	580	140	1
23882	3	17418	770	880	185	1
23883	1	46095	630	580	183	3
23883	2	46095	990	900	179	1
23883	3	46095	1770	720	172	1
23883	4	46096	2170	620	185	1
23883	5	46096	2650	740	207	3
23883	6	46096	490	940	182	3
24000	1	11064	30	80	0	0
24001	1	17436	530	680	0	0
24001	2	17436	270	620	0	0
24001	3	16041	770	480	0	0
24002	1	16017	310	440	0	0
24002	2	15158	530	760	0	0
24003	1	16005	610	420	0	0
24011	1	17435	190	560	0	0
24011	2	17435	590	440	0	0
24011	3	16094	650	600	0	0
24012	1	16005	910	420	0	0
24012	2	14114	570	720	0	0
24012	3	18009	410	720	0	0
24012	4	15158	1150	760	0	0
24012	5	15146	350	440	0	0
24012	6	17317	530	580	0	0
24012	7	17244	450	620	0	0
24012	8	15390	630	620	0	0
24013	1	16017	1230	420	0	0
24013	2	15201	390	600	0	0
24013	3	15202	490	640	0	0
24013	4	15203	390	680	0	0
24021	1	16015	990	440	0	0
24021	2	16005	590	300	0	0
24021	3	17435	910	340	0	0
24021	4	15270	470	840	0	0
24021	5	17437	710	540	0	0
24021	6	17454	610	560	0	0
24021	7	17475	510	580	0	0
24021	8	17438	770	600	0	0
24021	9	17437	830	680	0	0
24021	10	17478	770	480	0	0
24021	11	17475	690	700	0	0
24021	12	17454	570	660	0	0
24021	13	17442	850	540	0	0
24021	14	15123	610	960	0	0
24021	15	11023	430	680	0	0
24021	16	11156	370	660	0	0
24021	17	12017	310	760	0	0
24021	18	17438	430	800	0	0
24021	19	17438	250	740	0	0
24021	20	12028	370	780	0	0
24021	21	12133	390	680	0	0
24021	22	11021	490	700	0	0
24021	23	11031	370	660	0	0
24021	24	12134	370	780	0	0
24031	1	15158	710	220	0	0
24031	2	14259	790	240	0	0
24031	3	17454	290	360	0	0
24031	4	17454	430	300	0	0
24031	5	15288	1090	460	0	0
24031	6	17558	950	620	0	0
24031	7	17422	950	740	0	0
24031	8	17422	1050	720	0	0
24031	9	17422	1090	640	0	0
24031	10	17437	890	860	0	0
24031	11	15425	230	860	0	0
24031	12	16094	290	620	0	0
24041	1	17446	390	380	0	0
24041	2	17663	850	620	0	0
24041	3	17686	910	600	0	0
24041	4	17686	790	640	0	0
24041	5	11191	990	740	0	0
24041	6	17445	990	680	0	0
24041	7	17445	1050	720	0	0
24041	8	11142	1050	800	0	0
24041	9	11218	950	900	0	0
24041	10	17773	630	640	0	0
24041	11	17773	610	700	0	0
24041	12	17773	750	440	0	0
24041	13	17773	790	480	0	0
24041	14	17773	390	440	0	0
24041	15	17773	450	400	0	0
24051	1	15158	770	260	0	0
24051	2	14259	570	620	0	0
24051	3	10090	350	600	0	0
24051	4	17663	1010	580	0	0
24051	5	17681	1070	540	0	0
24051	6	17682	950	620	0	0
24051	7	17684	850	620	0	0
24051	8	17683	1030	440	0	0
24051	9	17683	950	420	0	0
24051	10	17684	770	600	0	0
24051	11	14674	710	440	0	0
24051	12	17678	650	480	0	0
24051	13	17678	770	400	0	0
24051	14	15425	290	380	0	0
24051	15	14674	450	320	0	0
24051	16	15427	410	580	0	0
24051	17	15426	350	360	0	0
24051	18	15425	290	380	0	0
24051	19	14674	510	520	0	0
24051	20	17678	570	480	0	0
24051	21	17678	450	560	0	0
24051	22	15426	350	380	0	0
24101	1	15115	370	300	0	0
24102	1	14256	370	320	0	0
24102	2	14527	470	340	0	0
24102	3	14528	330	360	0	0
24102	4	12028	430	380	0	0
24102	5	14257	550	380	0	0
24102	6	12017	370	460	0	0
24103	1	14534	310	380	0	0
24104	1	14524	550	320	0	0
24104	2	17437	390	420	0	0
24104	3	14525	470	380	0	0
24104	4	14526	630	380	0	0
24104	5	12017	550	400	0	0
24104	6	17437	850	580	0	0
24105	1	14556	610	400	0	0
24105	2	14257	550	500	0	0
24105	3	14557	490	480	0	0
24105	4	14531	410	640	0	0
24105	5	14536	190	540	0	0
24106	1	12017	550	360	0	0
24106	2	12028	570	440	0	0
24106	3	11077	370	340	0	0
24106	4	17439	410	380	0	0
24131	1	14529	430	320	0	0
24131	2	14530	550	340	0	0
24132	1	15261	430	300	0	0
24133	1	15054	370	340	0	0
24133	2	15106	290	340	0	0
24134	1	14526	310	360	0	0
24134	2	14525	550	360	0	0
24135	1	14257	530	380	0	0
24135	2	14557	410	360	0	0
24136	1	14558	350	320	0	0
24171	1	15170	490	360	0	0
24171	2	12175	390	340	0	0
24172	1	15104	390	340	0	0
24174	1	14531	650	320	0	0
24174	2	14536	510	340	0	0
24175	1	14557	390	320	0	0
24175	2	14559	270	420	0	0
24221	1	16008	410	260	0	0
24241	1	16018	570	500	0	0
24241	2	17466	810	600	0	0
24241	3	17466	690	540	0	0
24242	1	16018	570	500	0	0
24242	2	15216	730	700	0	0
24242	3	15019	650	740	0	0
24242	4	14270	90	440	0	0
24242	5	17380	190	380	0	0
24242	6	17381	130	400	0	0
24243	1	16018	370	380	0	0
24243	2	15123	710	500	0	0
24243	3	10167	510	560	0	0
24243	4	12017	530	420	0	0
24243	5	12028	650	420	0	0
24243	6	15073	230	520	0	0
24243	7	15307	290	480	0	0
24261	1	16012	430	240	0	0
24262	1	16004	430	240	0	0
24302	1	11156	570	320	0	0
24302	2	11023	570	460	0	0
24302	3	11157	310	340	0	0
24302	4	17027	430	520	0	0
24401	1	15400	650	1020	0	0
24402	1	12017	350	400	0	0
24402	2	12028	470	340	0	0
24403	1	14533	790	260	0	0
24403	2	14535	710	480	0	0
24411	1	17461	3250	560	153	3
24411	2	17462	2950	880	168	3
24411	3	17461	1870	600	180	3
24411	4	17462	1510	860	174	3
24412	1	17463	550	940	175	1
24412	2	17464	510	1500	162	1
24412	3	17463	1050	1380	188	1
24412	4	17464	1170	2140	176	3
24415	1	11052	510	380	0	0
24417	1	11166	810	240	0	0
24417	2	11023	710	240	0	0
24417	3	15386	870	260	0	0
24421	1	17465	1990	540	129	1
24421	2	17466	1670	1360	196	1
24421	3	17465	1050	1500	193	1
24421	4	17466	910	560	159	3
24421	5	15106	2230	1660	0	0
24432	1	17473	2850	1180	187	1
24432	2	17473	670	1360	221	1
24432	3	17473	1250	840	240	3
24432	4	17474	690	820	266	3
24432	5	17474	2290	800	202	3
24432	6	17474	2410	1340	220	3
24443	1	15400	650	580	0	0
24443	2	17507	710	440	0	0
24443	3	17507	590	440	0	0
24443	4	17507	650	440	0	0
24501	1	17437	290	800	0	0
24501	2	17478	470	780	0	0
24501	3	17442	310	980	0	0
24501	4	15188	450	940	0	0
24501	5	17435	570	900	0	0
24501	6	17323	590	1020	0	0
24501	7	17435	490	1060	0	0
24501	8	15188	30	1200	0	0
24501	9	17440	1250	1060	0	0
24502	1	24001	570	240	0	0
24504	1	24001	450	260	0	0
24505	1	11156	1150	1460	0	0
24505	2	17124	1150	1400	0	0
24505	3	17129	1070	1460	0	0
24505	4	12017	1070	1680	0	0
24505	5	17773	510	280	0	0
24505	6	17773	510	380	0	0
24505	7	11191	770	320	0	0
24505	8	17445	830	280	0	0
24505	9	17445	830	340	0	0
24505	10	16094	30	80	0	0
24505	11	17686	270	320	0	0
24506	1	35050	1910	840	0	0
24506	2	14559	1990	920	0	0
24507	1	17701	2310	780	0	0
24507	2	17701	2310	780	0	0
24507	3	40061	2050	940	0	0
24507	4	40062	2110	980	0	0
24507	5	40062	1990	900	0	0
24507	6	40063	2030	1020	0	0
24507	7	40063	1970	980	0	0
24508	1	24001	570	240	0	0
24508	2	17686	330	300	0	0
24508	3	16094	30	80	0	0
24509	1	11013	650	1440	0	0
24509	2	11021	590	1400	0	0
24509	3	14525	430	1580	0	0
24509	4	14625	490	1620	0	0
24509	5	14626	370	1540	0	0
24509	6	14526	430	1580	0	0
24509	7	17686	510	2100	0	0
24509	8	16094	630	2200	0	0
24510	1	17437	390	240	0	0
24510	2	17437	490	160	0	0
24510	3	17437	330	160	0	0
24510	4	11041	430	400	0	0
24510	5	17343	370	440	0	0
24510	6	17444	490	520	0	0
24510	7	17343	490	440	0	0
24510	8	17444	370	520	0	0
24511	1	24001	2330	860	0	0
24521	1	25145	1310	320	0	0
24521	2	25145	1370	920	0	0
24521	3	25145	1170	1080	0	0
24521	4	25145	1410	940	0	0
24521	5	25145	330	300	0	0
24522	1	25145	1130	960	0	0
24522	2	25145	1030	320	0	0
24522	3	25145	1130	260	0	0
24522	4	25145	1150	240	0	0
24522	5	25145	1370	1560	0	0
24522	6	25145	1410	1600	0	0
24522	7	25145	530	1520	0	0
24522	8	25145	590	1560	0	0
24522	9	25145	570	1860	0	0
24522	10	25145	2030	1740	0	0
24522	11	25145	1350	2220	0	0
24522	12	25145	1390	2240	0	0
24522	13	25145	650	2240	0	0
24522	14	25145	2350	2480	0	0
24522	15	25145	2310	2460	0	0
24522	16	25145	1950	2160	0	0
24523	1	25146	550	240	0	0
24523	2	25146	590	280	0	0
24523	3	25146	230	560	0	0
24523	4	25146	1950	520	0	0
24523	5	25146	1890	480	0	0
24523	6	25146	1350	920	0	0
24523	7	25146	470	940	0	0
24523	8	25146	2150	940	0	0
24523	9	25146	1950	240	0	0
24524	1	25146	550	860	0	0
24524	2	25146	590	920	0	0
24524	3	25146	1090	300	0	0
24524	4	25146	2310	920	0	0
24524	5	25146	2270	880	0	0
24524	6	25146	1910	1180	0	0
24525	1	25147	590	280	0	0
24525	2	25147	530	220	0	0
24525	3	25147	230	560	0	0
24525	4	25147	590	940	0	0
24525	5	25147	550	880	0	0
24525	6	25147	290	860	0	0
24525	7	25147	1090	940	0	0
24525	8	25147	1370	460	0	0
24525	9	25147	2230	320	0	0
24525	10	25147	1370	1540	0	0
24525	11	25147	1410	1580	0	0
24525	12	25153	570	240	0	0
24525	13	25153	270	880	0	0
24802	1	17479	870	500	244	3
24802	2	17479	1430	840	279	3
24802	3	17479	2030	400	246	3
24802	4	17480	2090	1100	225	3
24802	5	17480	1190	1500	257	1
24802	6	17480	490	1020	238	1
24803	1	17481	1250	360	184	3
24803	2	17481	810	980	179	3
24803	3	17481	410	380	192	3
24803	4	17482	850	520	178	1
24803	5	17482	1270	900	200	1
24803	6	17482	390	800	178	1
24806	1	17563	630	1660	223	3
24806	2	17564	1110	1500	203	1
24806	3	17563	630	1040	206	3
24806	4	17564	1110	920	192	3
24806	5	12028	1330	2180	0	0
24806	6	11157	1390	2280	0	0
24806	7	12017	1250	2180	0	0
24806	8	17197	1390	2280	0	0
24806	9	12017	490	2320	0	0
24806	10	12028	550	2360	0	0
24806	11	11077	430	2280	0	0
24806	12	11023	430	2420	0	0
24806	13	11021	370	2380	0	0
24812	1	17485	1190	980	306	3
24812	2	17485	530	440	221	3
24812	3	17485	570	2120	261	3
24812	4	17486	1230	1880	229	3
24812	5	17486	570	1200	268	3
24812	6	17486	1090	380	209	3
24816	1	27037	370	420	0	0
24816	2	27038	310	360	0	0
24816	3	27038	410	360	0	0
24816	4	12017	330	440	0	0
24816	5	14524	510	620	0	0
24816	6	17477	430	700	0	0
24816	7	17477	530	720	0	0
24816	8	17477	610	680	0	0
24816	9	17454	450	460	0	0
24816	10	15057	1350	1260	0	0
24816	11	20003	1410	1080	0	0
24816	12	28037	1230	1020	0	0
24816	13	28037	1110	980	0	0
24816	14	28037	1230	920	0	0
24816	15	28037	1510	1100	0	0
24821	1	17451	2090	560	207	3
24821	2	17451	610	900	174	3
24821	3	17451	1290	560	196	3
24821	4	17452	990	900	181	1
24821	5	17452	1670	880	205	3
24821	6	17452	2390	940	136	3
24821	7	11171	370	300	0	0
24821	8	14065	2830	520	0	0
24821	9	14068	2890	480	0	0
24821	10	12017	3010	720	0	0
24821	11	12028	390	420	0	0
24821	12	12017	450	400	0	0
24821	13	11181	250	340	0	0
24821	14	11180	430	280	0	0
24821	15	11023	310	320	0	0
24821	16	12134	450	400	0	0
24821	17	11182	3030	1200	0	0
24821	18	11166	2990	1220	0	0
24821	19	11183	2950	1240	0	0
24821	20	11184	2910	1260	0	0
24821	21	15385	430	280	0	0
24821	22	11077	570	520	0	0
24821	23	12017	510	540	0	0
24821	24	12028	450	560	0	0
24822	1	46099	1430	580	179	3
24822	2	46099	590	940	150	1
24822	3	46099	1850	880	179	3
24822	4	46100	2690	860	188	3
24822	5	46100	2250	580	173	1
24822	6	46100	1010	880	161	3
24832	1	17455	1030	1240	229	3
24832	2	17455	490	2880	168	3
24832	3	17455	1070	1760	198	1
24832	4	17456	550	1540	219	1
24832	5	17456	670	2180	251	3
24832	6	17456	1150	2740	204	1
24834	1	17457	1250	660	136	1
24834	2	17457	490	720	146	1
24834	3	17457	770	960	138	3
24834	4	17458	1210	1000	145	1
24834	5	17458	910	700	114	3
24834	6	17458	430	1000	125	3
24834	7	14532	290	660	0	0
24841	1	17467	3690	860	176	3
24841	2	17467	510	920	188	3
24841	3	17467	2030	600	189	3
24841	4	17468	1190	560	205	3
24841	5	17468	1610	880	175	3
24841	6	17468	2510	880	174	1
24842	1	17471	490	940	183	3
24842	2	17471	1390	520	165	3
24842	3	17471	2410	900	168	3
24842	4	17472	1970	580	200	1
24842	5	17472	1550	880	179	3
24842	6	17472	970	860	201	1
24843	1	17469	2070	540	161	3
24843	2	17469	1530	880	183	3
24843	3	17469	1190	520	174	3
24843	4	17470	990	900	165	3
24843	5	17470	1550	520	144	1
24843	6	17470	1990	920	170	3
24851	1	17443	550	600	140	3
24851	2	17443	1650	780	130	3
24851	3	17443	2090	420	143	1
24851	4	17444	1950	740	131	1
24851	5	17444	830	800	128	3
24851	6	17444	1310	820	78	3
24852	1	17445	590	780	199	3
24852	2	17445	1270	1600	183	1
24852	3	17445	890	2120	125	1
24852	4	17446	1130	1200	217	3
24852	5	17446	630	1300	188	1
24852	6	17446	1150	1940	127	3
24854	1	17447	1350	480	104	1
24854	2	17447	990	2040	199	3
24854	3	17447	810	1080	115	3
24854	4	17448	510	440	183	1
24854	5	17448	1210	1000	217	3
24854	6	17448	570	1620	154	3
24855	1	17449	2150	420	158	3
24855	2	17449	1290	780	125	1
24855	3	17449	1590	860	132	3
24855	4	17450	470	920	94	3
24855	5	17450	1410	500	114	3
24855	6	17450	1950	700	145	3
24857	1	46091	570	620	193	3
24857	2	46091	730	1320	202	3
24857	3	46091	1890	660	177	1
24857	4	46092	1930	1220	185	3
24857	5	46092	1010	720	191	3
24857	6	46092	1450	620	169	3
24861	1	17459	2050	580	186	3
24861	2	17459	1150	1020	216	3
24861	3	17459	1910	1480	216	1
24861	4	17460	1730	1040	214	1
24861	5	17460	730	1080	196	3
24861	6	17460	790	1520	196	1
24871	1	17453	1250	580	163	3
24871	2	17453	610	860	248	1
24871	3	17453	630	1420	211	1
24871	4	17454	1090	1700	183	1
24871	5	17454	1070	1260	190	3
24871	6	17454	1170	900	150	3
24881	1	17475	570	1420	143	3
24881	2	17475	1130	580	196	3
24881	3	17475	1250	960	183	3
24881	4	17476	730	660	159	1
24881	5	17476	670	1020	204	3
24881	6	17476	1050	1360	184	3
24881	7	17437	290	480	0	0
24881	8	27038	310	600	0	0
24881	9	27038	430	500	0	0
24881	10	17442	350	500	0	0
24881	11	17682	1170	1640	0	0
24881	12	17681	1110	1600	0	0
24882	1	17477	930	540	124	3
24882	2	17477	690	1200	249	1
24882	3	17477	1250	1740	175	3
24882	4	17478	930	2080	156	3
24882	5	17478	1150	1340	216	1
24882	6	17478	610	580	184	3
24882	7	14524	1350	400	0	0
24882	8	11021	1130	560	0	0
24882	9	17705	1410	1060	0	0
24882	10	17681	1470	1120	0	0
24882	11	17682	1350	1020	0	0
24891	1	17483	590	900	209	1
24891	2	17484	1150	460	188	3
24891	3	17483	1450	900	210	3
24891	4	17484	1610	380	169	3
24901	1	11191	330	1160	0	0
24901	2	17445	390	1180	0	0
24901	3	11142	310	900	0	0
24901	4	15456	470	1040	0	0
24901	5	17773	550	1040	0	0
24901	6	17773	570	1100	0	0
24901	7	17773	410	980	0	0
24901	8	17773	490	1000	0	0
24901	9	11218	670	1100	0	0
24901	10	17445	670	1020	0	0
24901	11	17445	630	940	0	0
24901	12	17445	590	880	0	0
24901	13	17445	530	840	0	0
24901	14	17445	450	840	0	0
24901	15	17445	370	860	0	0
24901	16	11191	2350	720	0	0
24901	17	17445	2410	760	0	0
24901	18	15456	2510	620	0	0
24901	19	17773	2610	700	0	0
24901	20	17773	2590	620	0	0
24901	21	17773	2510	560	0	0
24901	22	17773	2430	540	0	0
24901	23	11191	1390	880	0	0
24901	24	17445	1450	920	0	0
24901	25	15456	1570	780	0	0
24901	26	17773	1510	700	0	0
24901	27	17773	1610	700	0	0
24901	28	17773	1670	760	0	0
24901	29	17773	1690	860	0	0
25000	1	11144	30	80	0	0
25000	2	11040	70	80	0	0
25000	3	14529	110	80	0	0
25001	1	12095	670	520	0	0
25001	2	17488	590	500	0	0
25001	3	17488	450	540	0	0
25001	4	16017	290	640	0	0
25001	5	14537	650	580	0	0
25001	6	14538	530	560	0	0
25001	7	12092	830	600	0	0
25001	8	14544	530	520	0	0
25001	9	12029	590	600	0	0
25001	10	12093	710	560	0	0
25001	11	12106	570	700	0	0
25001	12	12017	770	600	0	0
25001	13	12033	710	600	0	0
25001	14	12001	670	640	0	0
25001	15	12027	770	600	0	0
25002	1	16005	1130	820	0	0
25002	2	15158	510	560	0	0
25002	3	17519	210	860	0	0
25002	4	17519	130	920	0	0
25002	5	12012	1210	680	0	0
25002	6	15216	1130	600	0	0
25002	7	15089	1090	640	0	0
25002	8	15034	1050	680	0	0
25002	9	12092	1290	640	0	0
25002	10	15086	690	860	0	0
25002	11	15451	750	880	0	0
25003	1	12096	1170	700	0	0
25003	2	15059	710	280	0	0
25003	3	15063	190	560	0	0
25004	1	12106	710	240	0	0
25004	2	17520	890	300	0	0
25004	3	17520	950	280	0	0
25004	4	17520	1090	340	0	0
25004	5	17520	1030	380	0	0
25004	6	15058	130	560	0	0
25004	7	15070	450	660	0	0
25004	8	15071	590	880	0	0
25004	9	12033	910	360	0	0
25004	10	17491	730	420	0	0
25004	11	17491	650	460	0	0
25004	12	17491	570	500	0	0
25004	13	17491	490	540	0	0
25004	14	17491	810	460	0	0
25004	15	17491	730	500	0	0
25004	16	17491	650	540	0	0
25004	17	17491	570	600	0	0
25004	18	17491	970	360	0	0
25004	19	12001	830	420	0	0
25004	20	12114	950	420	0	0
25004	21	12101	790	320	0	0
25004	22	12027	890	420	0	0
25004	23	12093	790	380	0	0
25004	24	12015	830	280	0	0
25004	25	12020	830	340	0	0
25004	26	19056	410	120	0	0
25004	27	12148	490	160	0	0
25004	28	17488	570	160	0	0
25004	29	17488	610	140	0	0
25004	30	12001	410	120	0	0
25004	31	12005	310	200	0	0
25004	32	12018	350	220	0	0
25004	33	12029	390	240	0	0
25004	34	12039	250	220	0	0
25004	35	12080	290	240	0	0
25004	36	12101	330	260	0	0
25004	37	12154	190	240	0	0
25004	38	12025	230	260	0	0
25004	39	12035	270	280	0	0
25004	40	19056	450	120	0	0
25004	41	12025	490	200	0	0
25004	42	12154	450	220	0	0
25005	1	17503	310	420	0	0
25005	2	17503	150	440	0	0
25006	1	12001	210	520	0	0
25006	2	12001	210	520	0	0
25006	3	12148	270	560	0	0
25011	1	17490	590	480	0	0
25011	2	17490	410	540	0	0
25011	3	10228	230	560	0	0
25011	4	10232	470	580	0	0
25011	5	10230	330	720	0	0
25011	6	10228	310	800	0	0
25011	7	10228	410	760	0	0
25011	8	15184	170	640	0	0
25011	9	10229	330	640	0	0
25011	10	10229	230	680	0	0
25011	11	11032	570	560	0	0
25012	1	16005	150	380	0	0
25012	2	15158	230	240	0	0
25012	3	17490	490	220	0	0
25012	4	17490	370	260	0	0
25013	1	15201	890	560	0	0
25013	2	15209	1150	380	0	0
25013	3	15088	950	520	0	0
25013	4	10228	830	440	0	0
25013	5	10230	810	460	0	0
25013	6	10228	790	380	0	0
25013	7	10228	730	420	0	0
25013	8	15201	890	700	0	0
25013	9	10232	350	480	0	0
25013	10	10235	410	420	0	0
25013	11	11032	410	540	0	0
25013	12	11047	290	400	0	0
25014	1	12040	470	340	0	0
25014	2	12028	610	320	0	0
25014	3	17491	590	720	0	0
25014	4	17491	650	700	0	0
25014	5	17491	650	800	0	0
25014	6	17491	710	780	0	0
25014	7	17491	690	880	0	0
25014	8	17491	750	860	0	0
25014	9	17492	730	680	0	0
25014	10	17492	790	660	0	0
25014	11	17492	790	760	0	0
25014	12	17492	850	740	0	0
25014	13	17492	850	840	0	0
25014	14	17492	910	820	0	0
25014	15	17504	950	620	0	0
25014	16	17504	1010	600	0	0
25014	17	17504	1010	700	0	0
25014	18	17504	1070	680	0	0
25014	19	17504	1090	780	0	0
25014	20	17504	1150	760	0	0
25014	21	17499	1090	580	0	0
25014	22	17499	1150	560	0	0
25014	23	17499	1170	660	0	0
25014	24	17499	1230	640	0	0
25014	25	17499	1290	720	0	0
25014	26	17499	1230	740	0	0
25021	1	17487	510	420	0	0
25021	2	17487	630	440	0	0
25021	3	15130	190	620	0	0
25021	4	16041	590	800	0	0
25021	5	12092	590	380	0	0
25021	6	12103	490	480	0	0
25021	7	12110	550	480	0	0
25021	8	12103	330	640	0	0
25021	9	12110	370	680	0	0
25021	10	12001	490	480	0	0
25021	11	12018	550	480	0	0
25022	1	16005	610	560	0	0
25022	2	15146	830	360	0	0
25022	3	15337	750	360	0	0
25022	4	15360	490	360	0	0
25022	5	17618	410	400	0	0
25022	6	17618	550	420	0	0
25022	7	27089	470	200	0	0
25022	8	27063	510	200	0	0
25023	1	15158	1130	340	0	0
25023	2	17520	690	360	0	0
25023	3	17520	490	360	0	0
25031	1	17515	410	620	0	0
25031	2	17515	570	580	0	0
25031	3	15059	330	740	0	0
25031	4	27035	510	840	0	0
25031	5	27036	430	880	0	0
25031	6	27036	490	740	0	0
25031	7	27034	630	820	0	0
25031	8	10165	730	740	0	0
25031	9	10165	670	760	0	0
25031	10	10165	610	780	0	0
25031	11	10177	730	780	0	0
25031	12	10165	790	720	0	0
25031	13	12103	650	700	0	0
25031	14	12046	170	200	0	0
25031	15	12020	390	480	0	0
25031	16	15454	670	580	0	0
25032	1	15158	130	260	0	0
25032	2	15018	290	720	0	0
25032	3	16005	970	340	0	0
25032	4	15047	1090	800	0	0
25032	5	15142	610	240	0	0
25032	6	15143	530	780	0	0
25033	1	15188	150	200	0	0
25033	2	15199	1090	580	0	0
25033	3	15202	530	240	0	0
25041	1	17510	570	480	0	0
25041	2	17510	390	540	0	0
25041	3	12092	670	440	0	0
25041	4	14538	370	240	0	0
25041	5	12001	670	580	0	0
25041	6	12009	590	600	0	0
25041	7	14546	610	680	0	0
25041	8	14547	710	640	0	0
25041	9	12027	490	560	0	0
25041	10	12022	810	700	0	0
25041	11	12001	470	500	0	0
25041	12	17654	750	540	0	0
25041	13	17654	790	560	0	0
25041	14	17654	830	580	0	0
25042	1	15158	510	340	0	0
25042	2	16005	390	480	0	0
25042	3	15070	210	800	0	0
25042	4	15237	850	300	0	0
25051	1	15158	1390	700	0	0
25051	2	15170	890	300	0	0
25051	3	16013	350	640	0	0
25051	4	15196	710	780	0	0
25051	5	17535	290	240	0	0
25051	6	17535	190	300	0	0
25051	7	15183	90	420	0	0
25051	8	15131	170	420	0	0
25051	9	15148	1490	940	0	0
25051	10	14549	550	1000	0	0
25051	11	14550	470	1020	0	0
25051	12	17503	570	940	0	0
25051	13	17503	530	880	0	0
25051	14	17503	470	840	0	0
25051	15	17503	410	1000	0	0
25051	16	15211	730	1140	0	0
25051	17	15148	1250	260	0	0
25051	18	15290	1350	320	0	0
25051	19	14554	1230	320	0	0
25051	20	17503	1110	320	0	0
25051	21	17503	1150	340	0	0
25051	22	17503	1190	360	0	0
25051	23	17503	1230	380	0	0
25051	24	17503	1270	400	0	0
25051	25	15211	1030	320	0	0
25051	26	15136	1030	380	0	0
25051	27	15136	1050	420	0	0
25051	28	15104	1090	440	0	0
25051	29	15104	1170	480	0	0
25051	30	15136	1130	460	0	0
25051	31	15104	1250	480	0	0
25051	32	15136	1210	480	0	0
25051	33	14236	730	300	0	0
25051	34	28022	670	280	0	0
25051	35	17056	130	360	0	0
25052	1	12027	1610	920	0	0
25052	2	12017	1690	900	0	0
25052	3	12020	1530	940	0	0
25052	4	12022	1770	880	0	0
25052	5	12101	950	1120	0	0
25052	6	12158	1030	1100	0	0
25052	7	12080	870	1140	0	0
25052	8	12114	790	1160	0	0
25052	9	17491	1210	1140	0	0
25052	10	12012	910	440	0	0
25052	11	12001	970	460	0	0
25052	12	12033	670	460	0	0
25052	13	12033	670	460	0	0
25052	14	17491	1150	1160	0	0
25052	15	17491	1370	1220	0	0
25052	16	17491	1030	1200	0	0
25052	17	17491	970	1220	0	0
25052	18	17491	1250	1180	0	0
25052	19	17491	1190	1200	0	0
25052	20	17491	1310	1240	0	0
25052	21	17491	1070	1240	0	0
25052	22	17491	1010	1260	0	0
25052	23	17491	1630	1040	0	0
25052	24	17491	1690	1020	0	0
25052	25	17491	1670	1080	0	0
25052	26	17491	1730	1060	0	0
25052	27	17491	1410	1260	0	0
25052	28	17491	1870	960	0	0
25052	29	17491	1810	980	0	0
25052	30	17491	1850	1020	0	0
25052	31	17491	1910	1000	0	0
25052	32	17491	1830	1140	0	0
25052	33	17491	1890	1120	0	0
25052	34	17491	1870	1180	0	0
25052	35	17488	870	1020	0	0
25052	36	17488	810	1040	0	0
25052	37	17488	750	1060	0	0
25052	38	17488	1390	860	0	0
25052	39	17488	1450	840	0	0
25052	40	17488	1510	820	0	0
25052	41	12040	1850	860	0	0
25052	42	12098	470	1080	0	0
25052	43	12163	430	440	0	0
25052	44	12047	470	460	0	0
25052	45	12089	1990	840	0	0
25052	46	12090	1930	860	0	0
25052	47	12148	730	500	0	0
25052	48	12114	690	560	0	0
25052	49	12012	750	540	0	0
25052	50	12001	810	520	0	0
25052	51	12040	870	500	0	0
25052	52	12106	910	440	0	0
25052	53	12151	530	1120	0	0
25052	54	12152	590	1160	0	0
25052	55	12153	650	1200	0	0
25052	56	12154	1610	720	0	0
25052	57	12155	1690	760	0	0
25052	58	12156	1770	800	0	0
25052	59	12157	1530	680	0	0
25052	60	12148	1530	940	0	0
25052	61	12162	490	420	0	0
25052	62	12160	650	340	0	0
25052	63	12161	710	320	0	0
25052	64	12159	1450	640	0	0
25101	1	12093	270	340	0	0
25101	2	12033	490	360	0	0
25101	3	12001	530	400	0	0
25101	4	13029	410	320	0	0
25102	1	15451	390	300	0	0
25102	2	15454	490	320	0	0
25102	3	15116	470	420	0	0
25102	4	17014	530	440	0	0
25102	5	17014	450	460	0	0
25102	6	15452	310	360	0	0
25102	7	15455	470	420	0	0
25103	1	12001	550	360	0	0
25103	2	12012	350	380	0	0
25103	3	12101	390	440	0	0
25103	4	12114	450	460	0	0
25103	5	12080	510	480	0	0
25103	6	12001	550	360	0	0
25103	7	12033	610	420	0	0
25103	8	12106	570	480	0	0
25103	9	12158	350	380	0	0
25103	10	12004	310	420	0	0
25103	11	12006	390	440	0	0
25104	1	11021	350	320	0	0
25104	2	11164	250	340	0	0
25105	1	12110	470	280	0	0
25106	1	15262	330	300	0	0
25106	2	20001	190	340	0	0
25107	1	12008	370	340	0	0
25107	2	12006	330	380	0	0
25107	3	12033	490	300	0	0
25107	4	12001	550	340	0	0
25107	5	12022	430	440	0	0
25107	6	12020	550	460	0	0
25107	7	12012	270	400	0	0
25107	8	12108	210	380	0	0
25107	9	12120	490	460	0	0
25107	10	12017	590	420	0	0
25108	1	14543	530	360	0	0
25108	2	14553	270	400	0	0
25108	3	14552	290	440	0	0
25133	1	12092	350	300	0	0
25133	2	12012	270	360	0	0
25133	3	12094	550	400	0	0
25134	1	12012	350	360	0	0
25134	2	17487	530	440	0	0
25135	1	15025	550	360	0	0
25136	1	10236	350	300	0	0
25137	1	12009	310	380	0	0
25137	2	12097	490	340	0	0
25138	1	15073	490	280	0	0
25138	2	27051	570	360	0	0
25138	3	27051	510	440	0	0
25138	4	27051	250	400	0	0
25138	5	27051	310	340	0	0
25138	6	27051	430	460	0	0
25139	1	15329	290	400	0	0
25139	2	15331	630	340	0	0
25139	3	15332	490	300	0	0
25139	4	15161	590	480	0	0
25139	5	17515	350	300	0	0
25139	6	17515	290	340	0	0
25139	7	15330	350	320	0	0
25140	1	12102	550	360	0	0
25141	1	12104	390	340	0	0
25141	2	12105	310	360	0	0
25141	3	12019	490	340	0	0
25142	1	12001	390	320	0	0
25142	2	12148	510	340	0	0
25142	3	12035	310	400	0	0
25142	4	17364	470	420	0	0
25143	1	15453	430	260	0	0
25143	2	15454	590	320	0	0
25143	3	15451	370	340	0	0
25143	4	15455	530	480	0	0
25151	1	12033	590	320	0	0
25151	2	12001	650	400	0	0
25151	3	12006	370	460	0	0
25171	1	12094	570	400	0	0
25172	1	12029	430	340	0	0
25172	2	12033	530	460	0	0
25172	3	12001	590	420	0	0
25173	1	15455	390	300	0	0
25173	2	15451	310	320	0	0
25174	1	12101	290	420	0	0
25175	1	10236	410	320	0	0
25177	1	10230	370	380	0	0
25177	2	15201	330	440	0	0
25178	1	12109	370	340	0	0
25179	1	15286	430	320	0	0
25179	2	15031	350	320	0	0
25179	3	28022	290	340	0	0
25181	1	15290	350	340	0	0
25181	2	17437	450	460	0	0
25181	3	17437	530	420	0	0
25181	4	20001	490	440	0	0
25181	5	15147	390	400	0	0
25181	6	15148	430	380	0	0
25181	7	14543	290	380	0	0
25181	8	14555	290	420	0	0
25181	9	14554	90	580	0	0
25182	1	12103	370	360	0	0
25183	1	15329	470	360	0	0
25183	2	15330	250	360	0	0
25183	3	15286	230	400	0	0
25201	1	16003	590	400	0	0
25201	2	16021	290	360	0	0
25202	1	16003	590	420	0	0
25202	2	16021	290	360	0	0
25203	1	16010	330	320	0	0
25221	1	16002	430	260	0	0
25222	1	16002	550	320	0	0
25223	1	16008	550	340	0	0
25241	1	16018	570	520	0	0
25241	2	15018	830	560	0	0
25241	3	15063	670	580	0	0
25242	1	16018	350	380	0	0
25243	1	16018	490	380	0	0
25243	2	15145	690	540	0	0
25243	3	12009	290	460	0	0
25244	1	16018	490	400	0	0
25244	2	15024	150	480	0	0
25244	3	15198	430	460	0	0
25245	1	16018	370	380	0	0
25245	2	15088	630	420	0	0
25245	3	15292	550	420	0	0
25246	1	16018	490	400	0	0
25246	2	15147	370	420	0	0
25246	3	14547	310	440	0	0
25246	4	17503	310	480	0	0
25246	5	17503	270	460	0	0
25246	6	15104	550	560	0	0
25246	7	15148	590	500	0	0
25261	1	16004	430	240	0	0
25262	1	16004	410	240	0	0
25263	1	16004	410	240	0	0
25263	2	15371	390	340	0	0
25263	3	15215	650	380	0	0
25264	1	16004	430	240	0	0
25265	1	16004	430	240	0	0
25266	1	16012	430	240	0	0
25281	1	16006	670	260	0	0
25281	2	10058	910	500	0	0
25282	1	16006	670	260	0	0
25282	2	15164	430	440	0	0
25282	3	15293	550	280	0	0
25282	4	15274	710	400	0	0
25283	1	12111	870	440	0	0
25283	2	15183	630	260	0	0
25301	1	12033	370	260	0	0
25301	2	12001	290	320	0	0
25301	3	12027	750	260	0	0
25301	4	12017	850	300	0	0
25301	5	12101	430	480	0	0
25301	6	12114	530	520	0	0
25301	7	12080	630	560	0	0
25301	8	12029	1050	500	0	0
25301	9	12012	330	440	0	0
25301	10	12042	630	340	0	0
25301	11	13029	510	400	0	0
25301	12	17491	910	520	0	0
25301	13	12040	570	380	0	0
25301	14	12022	430	380	0	0
25301	15	12020	950	340	0	0
25302	1	14537	290	340	0	0
25302	2	12093	510	340	0	0
25302	3	12098	590	360	0	0
25302	4	14542	350	480	0	0
25302	5	14551	270	440	0	0
25302	6	12012	390	400	0	0
25302	7	12092	470	420	0	0
25302	8	14544	550	400	0	0
25302	9	14538	410	320	0	0
25302	10	17488	450	520	0	0
25302	11	12094	450	380	0	0
25303	1	19053	1250	340	0	0
25304	1	12033	830	240	0	0
25304	2	12148	650	240	0	0
25304	3	12001	550	320	0	0
25304	4	12012	390	340	0	0
25304	5	12114	370	400	0	0
25304	6	12080	350	460	0	0
25304	7	12096	330	520	0	0
25304	8	12002	950	460	0	0
25304	9	12029	290	640	0	0
25304	10	12027	910	340	0	0
25304	11	12098	310	580	0	0
25304	12	12008	930	400	0	0
25304	13	17488	510	780	0	0
25304	14	17488	790	780	0	0
25304	15	17488	890	780	0	0
25304	16	17488	410	780	0	0
25304	17	12059	510	300	0	0
25304	18	12060	970	520	0	0
25304	19	17491	650	400	0	0
25304	20	12045	750	400	0	0
25304	21	17364	650	500	0	0
25304	22	17364	650	440	0	0
25304	23	17364	650	360	0	0
25304	24	12015	710	400	0	0
25304	25	12016	590	400	0	0
25304	26	12152	990	580	0	0
25304	27	12155	1010	640	0	0
25304	28	12109	270	700	0	0
25304	29	12031	650	360	0	0
25304	30	17491	690	400	0	0
25304	31	12109	610	400	0	0
25304	32	12017	650	360	0	0
25304	33	12016	650	380	0	0
25304	34	12106	550	480	0	0
25304	35	12027	490	380	0	0
25304	36	12001	510	400	0	0
25304	37	12093	530	420	0	0
25304	38	12164	570	440	0	0
25304	39	12015	610	460	0	0
25304	40	12057	650	460	0	0
25304	41	12022	690	460	0	0
25304	42	12071	730	440	0	0
25304	43	12072	770	420	0	0
25304	44	12117	790	400	0	0
25304	45	12102	810	380	0	0
25304	46	12101	510	340	0	0
25304	47	19055	590	200	0	0
25304	48	12154	610	380	0	0
25304	49	12025	690	380	0	0
25304	50	12035	650	380	0	0
25304	51	13072	730	360	0	0
25304	52	12107	790	460	0	0
25304	53	12080	750	480	0	0
25304	54	12021	710	500	0	0
25304	55	12146	610	500	0	0
25304	56	12145	570	480	0	0
25304	57	12027	550	520	0	0
25304	58	12040	530	460	0	0
25304	59	12002	730	700	0	0
25304	60	12102	630	700	0	0
25305	1	12001	590	360	0	0
25305	2	12024	690	400	0	0
25305	3	12008	290	500	0	0
25305	4	12102	790	440	0	0
25305	5	12103	390	540	0	0
25305	6	12033	310	340	0	0
25305	7	17491	490	580	0	0
25306	1	10232	270	300	0	0
25306	2	10236	290	440	0	0
25306	3	10237	430	500	0	0
25306	4	10235	530	340	0	0
25306	5	11032	650	380	0	0
25306	6	12017	530	440	0	0
25306	7	17489	730	440	0	0
25306	8	10233	250	400	0	0
25306	9	10234	410	340	0	0
25308	1	12033	350	280	0	0
25308	2	12001	450	320	0	0
25308	3	12009	390	400	0	0
25308	4	12018	510	380	0	0
25308	5	12027	330	400	0	0
25308	6	12015	450	400	0	0
25308	7	12162	290	300	0	0
25308	8	12163	410	260	0	0
25308	9	12033	250	380	0	0
25308	10	12177	570	360	0	0
25308	11	12001	450	320	0	0
25309	1	12046	390	420	0	0
25309	2	12099	350	340	0	0
25309	3	12100	570	420	0	0
25309	4	10232	330	440	0	0
25309	5	17487	290	440	0	0
25309	6	17488	330	460	0	0
25309	7	14072	590	320	0	0
25309	8	15215	350	440	0	0
25309	9	12020	490	360	0	0
25310	1	14538	290	320	0	0
25310	2	14539	290	440	0	0
25310	3	17510	570	460	0	0
25311	1	12020	430	460	0	0
25401	1	12027	750	580	0	0
25404	1	12027	790	500	0	0
25404	2	12008	810	460	0	0
25404	3	17436	570	540	0	0
25404	4	17436	750	480	0	0
25411	1	12092	470	540	0	0
25411	2	12055	390	500	0	0
25411	3	14555	330	800	0	0
25411	4	14554	250	800	0	0
25411	5	30010	130	1020	0	0
25411	6	30010	210	1020	0	0
25411	7	30010	190	920	0	0
25411	8	30010	270	920	0	0
25411	9	10228	310	740	0	0
25411	10	17042	310	680	0	0
25411	11	12046	430	580	0	0
25411	12	12022	370	580	0	0
25411	13	12094	450	480	0	0
25412	1	12033	790	400	0	0
25412	2	12079	850	400	0	0
25412	3	12041	730	400	0	0
25412	4	14508	890	440	0	0
25413	1	12055	470	500	0	0
25413	2	10233	550	720	0	0
25413	3	10235	490	720	0	0
25413	4	10228	610	780	0	0
25413	5	10228	550	780	0	0
25413	6	10228	490	780	0	0
25413	7	12033	590	860	0	0
25413	8	12017	710	980	0	0
25413	9	12001	530	840	0	0
25413	10	12020	610	880	0	0
25413	11	12055	630	860	0	0
25413	12	12098	710	960	0	0
25415	1	17498	630	640	195	3
25415	2	17497	970	880	195	1
25415	3	17497	1270	520	161	3
25415	4	17498	1730	780	241	3
25415	5	17497	2230	640	213	1
25415	6	12094	2430	700	0	0
25415	7	12018	2370	740	0	0
25415	8	12117	2350	820	0	0
25415	9	12122	2370	880	0	0
25415	10	12017	2590	820	0	0
25415	11	12017	530	440	0	0
25415	12	12020	270	200	0	0
25415	13	12033	210	180	0	0
25415	14	12022	310	260	0	0
25415	15	12046	410	240	0	0
25415	16	12055	370	300	0	0
25415	17	12094	450	300	0	0
25415	18	12031	250	320	0	0
25415	19	11028	390	480	0	0
25415	20	11085	450	440	0	0
25415	21	17490	470	520	0	0
25415	22	12033	290	1140	0	0
25415	23	12001	230	1040	0	0
25415	24	12027	390	940	0	0
25415	25	12022	410	1020	0	0
25415	26	12119	490	1020	0	0
25415	27	17491	310	980	0	0
25416	1	12028	470	440	0	0
25416	2	12017	610	420	0	0
25416	3	12098	430	520	0	0
25416	4	10230	510	560	0	0
25416	5	10236	390	500	0	0
25417	1	12022	770	480	0	0
25417	2	17491	830	500	0	0
25417	3	17490	890	300	0	0
25417	4	11031	830	320	0	0
25417	5	12046	930	220	0	0
25417	6	17491	1010	240	0	0
25417	7	17491	890	380	0	0
25417	8	12046	810	380	0	0
25417	9	11028	410	640	0	0
25417	10	11085	470	640	0	0
25417	11	17490	530	620	0	0
25418	1	11028	890	340	0	0
25418	2	11085	930	380	0	0
25418	3	17490	970	340	0	0
25419	1	17500	790	1060	170	3
25419	2	17499	610	1480	221	3
25419	3	17499	1410	1420	218	3
25419	4	17500	1970	1480	197	3
25419	5	17499	1490	920	214	1
25419	6	17500	1950	660	211	3
25419	7	11032	2230	400	0	0
25419	8	10228	2330	420	0	0
25419	9	10228	2150	360	0	0
25419	10	10228	2270	360	0	0
25419	11	11028	270	1760	0	0
25419	12	11085	310	1840	0	0
25419	13	17490	330	1780	0	0
25419	14	12022	1010	760	0	0
25419	15	12119	1090	760	0	0
25419	16	12027	850	780	0	0
25419	17	12102	790	760	0	0
25419	18	17491	870	720	0	0
25419	19	11047	1070	960	0	0
25419	20	11031	970	940	0	0
25419	21	11024	1050	880	0	0
25419	22	17355	1170	940	0	0
25419	23	17355	1050	1040	0	0
25420	1	12027	350	400	0	0
25420	2	12102	470	380	0	0
25420	3	12022	450	440	0	0
25420	4	12119	450	500	0	0
25421	1	12092	310	620	0	0
25425	1	17523	690	760	228	3
25425	2	17523	1630	620	164	3
25425	3	17524	2010	860	163	1
25425	4	17524	1070	540	152	3
25425	5	17523	3310	820	223	3
25425	6	17524	1270	860	157	3
25427	1	17525	570	800	236	3
25427	2	17525	990	1060	160	3
25427	3	17526	1010	540	132	1
25427	4	17526	1250	800	124	1
25431	1	14549	770	480	0	0
25431	2	14550	590	560	0	0
25431	3	17369	550	280	0	0
25431	4	12022	1010	720	0	0
25431	5	12033	950	760	0	0
25433	1	12033	390	460	0	0
25433	2	12041	450	460	0	0
25433	3	12031	490	600	0	0
25433	4	12022	350	520	0	0
25433	5	12040	350	580	0	0
25433	6	12012	510	480	0	0
25433	7	12109	550	560	0	0
25435	1	17507	790	1360	182	3
25435	2	17507	1170	1580	186	3
25435	3	17508	570	840	133	3
25435	4	14540	1090	800	0	0
25435	5	14541	1090	920	0	0
25435	6	12040	1150	840	0	0
25435	7	12022	1010	900	0	0
25435	8	12033	910	840	0	0
25435	9	12109	1030	1000	0	0
25435	10	12041	850	880	0	0
25435	11	12006	990	840	0	0
25435	12	12008	970	900	0	0
25435	13	12007	930	920	0	0
25435	14	12020	810	940	0	0
25437	1	14538	130	460	0	0
25437	2	12042	250	440	0	0
25437	3	12040	310	480	0	0
25437	4	12041	310	420	0	0
25437	5	17491	370	560	0	0
25437	6	12041	350	420	0	0
25439	1	12033	290	140	0	0
25439	2	12022	230	180	0	0
25439	3	14538	330	180	0	0
25439	4	14539	210	100	0	0
25439	5	17496	390	240	0	0
25440	1	17509	530	740	168	3
25440	2	17509	1390	560	105	3
25440	3	17510	1690	880	169	1
25440	4	17510	1070	500	113	3
25440	5	14540	1130	1040	0	0
25440	6	17197	1070	1060	0	0
25440	7	12022	1270	1020	0	0
25440	8	12033	1330	1040	0	0
25441	1	12033	410	560	0	0
25441	2	12001	370	540	0	0
25441	3	12041	470	540	0	0
25441	4	12012	310	660	0	0
25441	5	12094	370	720	0	0
25443	1	11031	450	600	0	0
25443	2	40059	390	540	0	0
25443	3	40059	470	540	0	0
25443	4	12020	430	540	0	0
25443	5	40059	410	480	0	0
25443	6	12040	490	720	0	0
25443	7	12020	550	720	0	0
25445	1	40059	970	400	0	0
25445	2	40059	890	380	0	0
25445	3	40059	930	360	0	0
25446	1	40059	810	440	0	0
25446	2	40059	810	500	0	0
25446	3	40059	750	480	0	0
25447	1	17501	630	840	247	1
25447	2	17502	1130	920	196	3
25447	3	17501	550	2060	167	3
25447	4	11040	770	2040	0	0
25447	5	11038	830	2120	0	0
25447	6	12027	1010	1940	0	0
25447	7	12020	270	260	0	0
25447	8	17491	410	400	0	0
25447	9	12040	410	360	0	0
25447	10	12026	350	400	0	0
25447	11	12020	450	500	0	0
25447	12	11031	690	500	0	0
25447	13	17500	550	460	0	0
25447	14	17500	550	500	0	0
25447	15	17500	550	540	0	0
25447	16	17491	470	420	0	0
25447	17	17491	390	500	0	0
25447	18	17491	470	580	0	0
25447	19	15110	350	580	0	0
25447	20	15121	410	580	0	0
25448	1	12033	890	400	0	0
25448	2	12001	530	400	0	0
25448	3	12012	410	460	0	0
25448	4	12040	290	520	0	0
25448	5	12027	970	640	0	0
25448	6	12046	850	680	0	0
25448	7	14259	1030	600	0	0
25448	8	17491	690	560	0	0
25449	1	12022	390	400	0	0
25451	1	12018	730	1460	0	0
25451	2	12075	610	640	0	0
25451	3	12076	2290	1480	0	0
25451	4	12001	2110	180	0	0
25451	5	12064	1950	360	0	0
25452	1	17493	630	720	178	3
25452	2	17494	1590	720	218	3
25452	3	17493	2830	600	157	3
25452	4	17494	3170	920	104	3
25452	5	12056	670	320	0	0
25452	6	12119	470	420	0	0
25452	7	12103	510	440	0	0
25452	8	12110	610	480	0	0
25452	9	12120	650	500	0	0
25453	1	15104	690	480	0	0
25453	2	35036	710	580	0	0
25453	3	38026	750	540	0	0
25453	4	15337	790	460	0	0
25453	5	27062	830	420	0	0
25453	6	27063	870	440	0	0
25453	7	15336	1590	840	0	0
25463	1	15284	450	400	0	0
25464	1	14523	530	340	0	0
25464	2	15010	350	380	0	0
25464	3	10210	330	420	0	0
25464	4	10206	290	380	0	0
25464	5	14538	330	360	0	0
25464	6	14539	310	400	0	0
25464	7	14540	250	380	0	0
25464	8	14541	270	420	0	0
25464	9	15284	570	480	0	0
25464	10	14523	30	80	0	0
25471	1	15063	190	400	0	0
25471	2	15237	550	540	0	0
25471	3	15215	650	500	0	0
25473	1	14560	470	300	0	0
25481	1	17460	1390	3580	0	0
25481	2	28036	1510	3640	0	0
25481	3	15059	1130	3700	0	0
25481	4	17528	1250	3520	0	0
25481	5	15458	630	3460	0	0
25481	6	15458	490	1440	0	0
25481	7	15458	1250	840	0	0
25481	8	15458	1290	600	0	0
25481	9	15009	550	1480	0	0
25481	10	28038	430	1360	0	0
25481	11	28020	450	1300	0	0
25481	12	28017	310	1300	0	0
25481	13	28018	350	1380	0	0
25481	14	28019	390	1300	0	0
25481	15	14522	1630	80	0	0
25481	16	14215	1350	900	0	0
25481	17	28033	1150	700	0	0
25481	18	27049	1130	820	0	0
25481	19	27101	1230	720	0	0
25481	20	28004	1170	800	0	0
25481	21	28009	1230	780	0	0
25481	22	28073	1170	540	0	0
25481	23	28072	1170	480	0	0
25481	24	28072	1110	480	0	0
25481	25	28072	1110	540	0	0
25481	26	28072	1030	480	0	0
25481	27	28072	950	420	0	0
25481	28	28072	1090	440	0	0
25481	29	28072	1230	420	0	0
25481	30	28073	1170	540	0	0
25481	31	15459	1210	1620	0	0
25481	32	15459	1210	1620	0	0
25481	33	15458	1210	1620	0	0
25482	1	28040	890	580	0	0
25482	2	15009	730	660	0	0
25482	3	14522	670	700	0	0
25482	4	14215	790	620	0	0
25482	5	15458	730	660	0	0
25483	1	14225	530	380	0	0
25483	2	17430	430	560	0	0
25483	3	17408	310	580	0	0
25483	4	17408	390	660	0	0
25483	5	14522	170	820	0	0
25483	6	15458	170	820	0	0
25483	7	15009	170	820	0	0
25491	1	15063	470	460	0	0
25491	2	12001	630	500	0	0
25491	3	12097	810	560	0	0
25491	4	17001	890	580	0	0
25491	5	17001	850	600	0	0
25501	1	12040	290	1400	0	0
25501	2	14540	410	1540	0	0
25502	1	24001	410	260	0	0
25503	1	12022	290	780	0	0
25503	2	14541	390	920	0	0
25504	1	14553	3690	1580	0	0
25504	2	12022	3610	1520	0	0
25504	3	12078	1950	320	0	0
25504	4	12001	2050	240	0	0
25504	5	14538	2130	320	0	0
25504	6	12027	2190	220	0	0
25504	7	12020	2230	300	0	0
25504	8	12022	2210	380	0	0
25504	9	12040	2130	420	0	0
25511	1	11032	270	800	0	0
25511	2	12065	2910	240	0	0
25511	3	12033	2990	300	0	0
25511	4	12041	2850	300	0	0
25511	5	14549	2970	440	0	0
25511	6	14550	2890	440	0	0
25513	1	10232	1190	480	0	0
25513	2	10233	1050	280	0	0
25513	3	10235	1250	280	0	0
25513	4	12012	1150	360	0	0
25513	5	17503	1090	360	0	0
25513	6	17503	1210	360	0	0
25513	7	10056	1470	280	0	0
25513	8	17284	1270	540	0	0
25514	1	24001	230	200	0	0
25515	1	12019	2310	960	0	0
25517	1	12045	390	160	0	0
25521	1	14547	1290	420	0	0
25521	2	14548	1170	480	0	0
25521	3	12022	1110	320	0	0
25522	1	24001	510	240	0	0
25523	1	20001	1930	160	0	0
25523	2	20001	2290	2940	0	0
25523	3	14546	1990	260	0	0
25523	4	14627	1890	240	0	0
25523	5	14628	2030	180	0	0
25523	6	12009	2230	200	0	0
25523	7	12022	2190	500	0	0
25524	1	20001	1390	1040	0	0
25524	2	24001	2090	920	0	0
25524	3	24001	2910	260	0	0
25524	4	12130	2810	700	0	0
25524	5	12020	2990	700	0	0
25524	6	12031	2170	1500	0	0
25524	7	17487	2070	1420	0	0
25524	8	17487	2130	1420	0	0
25524	9	17487	2190	1420	0	0
25524	10	17487	2250	1420	0	0
25525	1	24001	410	440	0	0
25526	1	20001	1110	1700	0	0
25526	2	20001	530	160	0	0
25527	1	20001	290	840	0	0
25531	1	24001	1410	900	0	0
25531	2	12046	1150	900	0	0
25531	3	12020	1050	1000	0	0
25533	1	10177	1170	880	0	0
25533	2	28022	1290	860	0	0
25534	1	12111	250	940	0	0
25534	2	12046	410	980	0	0
25540	1	14554	1170	220	0	0
25540	2	17503	1250	240	0	0
25540	3	17503	1290	260	0	0
25540	4	17503	1130	280	0	0
25540	5	17503	1150	320	0	0
25542	1	24001	1370	920	0	0
25552	1	24001	330	240	0	0
25701	1	14547	790	1640	0	0
25701	2	17487	750	1580	0	0
25701	3	17487	830	1580	0	0
25701	4	14548	1190	560	0	0
25701	5	17503	1210	620	0	0
25701	6	17503	1270	580	0	0
25701	7	14537	1690	900	0	0
25701	8	14538	1630	900	0	0
25701	9	14539	1630	840	0	0
25701	10	14540	1630	960	0	0
25701	11	14541	1570	900	0	0
25701	12	12033	1830	900	0	0
25701	13	12041	1890	900	0	0
25701	14	12022	1890	960	0	0
25701	15	12040	1890	840	0	0
25701	16	12031	1950	900	0	0
25702	1	14537	330	340	0	0
25702	2	12107	570	360	0	0
25702	3	14540	270	480	0	0
25702	4	14541	690	400	0	0
25702	5	12114	370	520	0	0
25703	1	14538	490	400	0	0
25703	2	14539	530	600	0	0
25706	1	12072	2310	760	0	0
25706	2	17331	2170	640	0	0
25706	3	17331	2170	800	0	0
25706	4	12071	710	620	0	0
25706	5	17365	750	680	0	0
25706	6	17365	790	620	0	0
25706	7	14537	1590	600	0	0
25706	8	12033	1650	600	0	0
25706	9	14538	1490	640	0	0
25706	10	12041	1750	640	0	0
25706	11	12040	1790	720	0	0
25706	12	14539	1450	720	0	0
25706	13	14540	1450	800	0	0
25706	14	12031	1790	800	0	0
25706	15	17487	1630	740	0	0
25707	1	12033	890	420	0	0
25707	2	12012	510	400	0	0
25707	3	12094	950	620	0	0
25707	4	12031	850	680	0	0
25707	5	12042	390	460	0	0
25707	6	12055	270	520	0	0
25707	7	12041	990	460	0	0
25708	1	12041	490	400	0	0
25709	1	12022	410	340	0	0
25709	2	12040	450	500	0	0
25711	1	15021	730	340	0	0
25731	1	17490	1210	600	165	3
25731	2	17489	790	940	165	3
25731	3	17490	1130	1440	192	3
25731	4	17489	610	1540	169	1
25731	5	17490	1090	2060	173	1
25731	6	17489	950	2540	184	3
25731	7	17490	730	3020	185	3
25731	8	11047	690	640	0	0
25731	9	11065	730	660	0	0
25731	10	11031	830	600	0	0
25731	11	11021	630	740	0	0
25731	12	11024	770	640	0	0
25731	13	11050	690	700	0	0
25731	14	17184	730	720	0	0
25731	15	17184	810	680	0	0
25731	16	10232	390	380	0	0
25731	17	10236	330	400	0	0
25731	18	11077	430	340	0	0
25731	19	17490	370	320	0	0
25731	20	17490	330	340	0	0
25731	21	11077	770	700	0	0
25731	22	17549	810	680	0	0
25731	23	17549	770	700	0	0
25731	24	17549	730	720	0	0
25731	25	12001	510	660	0	0
25731	26	12020	850	760	0	0
25731	27	12022	830	600	0	0
25731	28	12027	630	740	0	0
25732	1	17490	1130	940	177	3
25732	2	17491	1070	1580	184	3
25732	3	17490	630	1680	195	1
25732	4	17491	970	2540	186	3
25732	5	17490	550	2760	168	3
25732	6	11047	310	3000	0	0
25732	7	11065	350	2980	0	0
25732	8	11077	210	3080	0	0
25732	9	17697	150	3080	0	0
25732	10	17699	230	3140	0	0
25733	1	11047	850	580	0	0
25733	2	11065	810	560	0	0
25733	3	11077	1070	660	0	0
25733	4	17490	1090	720	0	0
25733	5	17490	1130	660	0	0
25733	6	17184	910	680	0	0
25733	7	11024	890	580	0	0
25733	8	11050	1150	720	0	0
25733	9	11031	1110	560	0	0
25733	10	11021	1170	600	0	0
25733	11	15131	2130	1420	0	0
25733	12	11047	2310	400	0	0
25733	13	11050	2170	400	0	0
25801	1	10090	650	240	0	0
25801	2	15184	730	300	0	0
25801	3	10165	430	360	0	0
25801	4	10165	490	320	0	0
25801	5	10165	550	380	0	0
25801	6	12022	250	380	0	0
25801	7	12031	350	460	0	0
25801	8	12046	350	400	0	0
25801	9	11085	1010	240	0	0
25801	10	17491	790	240	0	0
25801	11	17491	810	300	0	0
25801	12	38149	890	240	0	0
25802	1	17549	630	660	199	1
25802	2	17549	670	1260	240	1
25802	3	17549	590	2120	235	3
25802	4	17550	1070	880	213	3
25802	5	17550	1430	1240	271	3
25802	6	17550	1610	1920	402	1
25802	7	11173	350	300	0	0
25802	8	12046	2070	2440	0	0
25802	9	12022	350	420	0	0
25802	10	11031	290	320	0	0
25802	11	11028	410	280	0	0
25802	12	43043	490	460	0	0
25802	13	12046	650	500	0	0
25803	1	11028	410	340	0	0
25803	2	11085	150	420	0	0
25806	1	17519	670	1500	230	3
25806	2	17519	750	940	256	1
25806	3	17519	1890	700	254	3
25806	4	17520	1330	740	254	3
25806	5	17520	1690	1520	204	1
25807	1	10232	730	440	0	0
25807	2	11032	790	440	0	0
25807	3	10236	890	440	0	0
25807	4	10232	2010	1660	0	0
25807	5	11032	1950	1680	0	0
25807	6	10235	2030	1580	0	0
25807	7	10236	1890	1640	0	0
25807	8	11050	2130	1720	0	0
25807	9	10236	830	740	0	0
25807	10	10232	910	820	0	0
25807	11	10235	890	880	0	0
25807	12	11047	870	1000	0	0
25807	13	11021	850	1140	0	0
25807	14	11031	790	1140	0	0
25807	15	11024	910	1140	0	0
25807	16	11050	970	1140	0	0
25807	17	11065	830	1040	0	0
25807	18	17184	1030	1180	0	0
25807	19	17184	730	1180	0	0
25808	1	12094	1190	500	0	0
25811	1	12022	650	420	0	0
25811	2	12013	570	380	0	0
25811	3	17491	510	440	0	0
25811	4	12012	570	420	0	0
25812	1	17553	590	3480	182	1
25812	2	17553	630	2580	192	3
25812	3	17553	1050	1960	196	3
25812	4	17553	690	1060	221	3
25812	5	17554	1010	2880	227	3
25812	6	17554	550	1580	185	3
25812	7	17554	1010	1440	231	1
25812	8	17554	1190	600	222	3
25812	9	11040	1130	3620	0	0
25812	10	11031	1070	3680	0	0
25812	11	12022	750	3540	0	0
25812	12	12022	830	700	0	0
25812	13	11021	470	480	0	0
25812	14	11028	550	560	0	0
25812	15	12012	830	600	0	0
25813	1	17561	770	1420	223	3
25813	2	17561	1270	1080	234	1
25813	3	17562	1230	620	156	3
25813	4	17562	1870	820	249	3
25813	5	17562	1550	1520	181	3
25813	6	17553	690	540	0	0
25813	7	17554	670	620	0	0
25816	1	17012	290	380	0	0
25816	2	11021	170	500	0	0
25816	3	11031	230	540	0	0
25816	4	10234	470	500	0	0
25816	5	17676	530	520	0	0
25817	1	11021	330	560	0	0
25817	2	10233	510	600	0	0
25818	1	11032	590	340	0	0
25818	2	10233	590	440	0	0
25818	3	10234	330	340	0	0
25818	4	17489	250	480	0	0
25819	1	12033	2850	2420	0	0
25819	2	12001	2790	2380	0	0
25819	3	12022	2970	2320	0	0
25819	4	12027	2930	2380	0	0
25819	5	12002	2930	2260	0	0
25819	6	11024	2830	2180	0	0
25819	7	17399	2750	2220	0	0
25819	8	17399	450	320	0	0
25819	9	11024	450	400	0	0
25819	10	12022	530	700	0	0
25819	11	12027	670	640	0	0
25819	12	17491	610	700	0	0
25819	13	17491	470	760	0	0
25819	14	17491	730	600	0	0
25819	15	11047	490	540	0	0
25819	16	17399	570	540	0	0
25819	17	17491	3010	2380	0	0
25819	18	17399	1430	820	226	1
25819	19	17399	950	1140	229	3
25819	20	17399	750	1780	266	3
25819	21	17399	1810	1960	232	3
25819	22	17399	2670	1680	236	3
25819	23	17399	1570	1420	251	3
25820	1	11047	1870	780	0	0
25820	2	11024	1930	780	0	0
25820	3	11052	1890	720	0	0
25820	4	17399	1990	760	0	0
25820	5	17491	530	1740	0	0
25820	6	12033	410	1640	0	0
25820	7	12001	350	1640	0	0
25820	8	12022	270	1720	0	0
25820	9	12027	290	1660	0	0
25820	10	11047	1050	1040	0	0
25820	11	11024	1170	1040	0	0
25820	12	12033	1250	1000	0	0
25820	13	12001	1190	940	0	0
25821	1	17555	490	2080	149	3
25821	2	17555	1050	620	219	3
25821	3	17555	730	1280	238	3
25821	4	17556	570	720	213	3
25821	5	17556	1670	2060	260	3
25821	6	17556	1770	1340	301	3
25821	7	15248	350	360	0	0
25821	8	10230	530	480	0	0
25821	9	10229	530	580	0	0
25821	10	10229	630	540	0	0
25821	11	11047	330	2400	0	0
25821	12	11024	410	2380	0	0
25821	13	11050	330	2340	0	0
25821	14	10234	270	2500	0	0
25821	15	10233	210	2460	0	0
25821	16	11047	2270	360	0	0
25821	17	11024	2330	380	0	0
25821	18	11021	2090	360	0	0
25821	19	11031	2150	320	0	0
25821	20	10233	2110	560	0	0
25821	21	10234	2050	520	0	0
25821	22	17489	2110	660	0	0
25821	23	17491	1950	540	0	0
25821	24	11031	1450	840	0	0
25821	25	11024	1510	900	0	0
25821	26	12022	1350	960	0	0
25821	27	12119	1350	1040	0	0
25821	28	17355	1350	840	0	0
25821	29	17355	1510	1020	0	0
25821	30	17355	1230	900	0	0
25821	31	17355	1450	1120	0	0
25821	32	17491	1250	1060	0	0
25821	33	11003	1150	1140	0	0
25821	34	17355	1050	1120	0	0
25821	35	17355	1170	1240	0	0
25821	36	12027	870	1900	0	0
25821	37	11200	1030	1820	0	0
25821	38	11201	990	1780	0	0
25821	39	17355	970	1700	0	0
25821	40	17355	890	1700	0	0
25821	41	12027	1290	1160	0	0
25821	42	12119	2130	2440	0	0
25821	43	11003	2050	2360	0	0
25821	44	17355	2150	2540	0	0
25821	45	17355	2230	2480	0	0
25821	46	17355	1950	2320	0	0
25821	47	12027	2130	2240	0	0
25821	48	12027	1070	1860	0	0
25822	1	17262	890	460	0	0
25822	2	17262	750	660	0	0
25822	3	11047	410	540	0	0
25822	4	11021	290	500	0	0
25822	5	11020	410	460	0	0
25822	6	11036	410	620	0	0
25822	7	11050	470	500	0	0
25822	8	11024	470	580	0	0
25822	9	11031	290	580	0	0
25822	10	11047	1310	460	0	0
25822	11	11065	1230	440	0	0
25822	12	11020	1090	460	0	0
25822	13	11031	1130	540	0	0
25823	1	11047	650	360	0	0
25823	2	11050	410	360	0	0
25823	3	11077	290	400	0	0
25823	4	11031	670	500	0	0
25823	5	11024	570	540	0	0
25823	6	11020	190	440	0	0
25823	7	11006	470	580	0	0
25823	8	11040	410	480	0	0
25824	1	11063	490	400	0	0
25825	1	12002	570	220	0	0
25825	2	12118	470	260	0	0
25826	1	17125	410	480	0	0
25826	2	17125	210	340	0	0
25827	1	11021	470	420	0	0
25827	2	10233	550	500	0	0
25827	3	17678	530	580	0	0
25827	4	17678	590	540	0	0
25827	5	17678	650	500	0	0
25827	6	17678	650	560	0	0
25827	7	17678	590	600	0	0
25827	8	17012	470	340	0	0
25827	9	17012	410	360	0	0
25828	1	11021	230	420	0	0
25828	2	11031	190	460	0	0
25831	1	17537	610	1340	192	3
25831	2	17537	1110	700	234	3
25831	3	17538	590	620	225	3
25831	4	17538	1090	1220	223	3
25831	5	12017	1170	1680	0	0
25833	1	12022	730	520	0	0
25833	2	11165	590	460	0	0
25833	3	12012	530	500	0	0
25833	4	17491	670	600	0	0
25833	5	17553	990	800	0	0
25833	6	17553	930	820	0	0
25833	7	17553	870	820	0	0
25833	8	17553	1030	760	0	0
25833	9	11021	1010	860	0	0
25833	10	11052	1030	820	0	0
25833	11	11028	950	840	0	0
25833	12	17554	890	860	0	0
25833	13	17554	1070	780	0	0
25833	14	12022	1070	900	0	0
25833	15	17491	1130	900	0	0
25833	16	17491	1050	940	0	0
25836	1	17521	590	2140	223	3
25836	2	17521	830	1180	169	1
25836	3	17522	590	1600	207	1
25836	4	17522	1110	1580	201	3
25841	1	12001	290	540	0	0
25841	2	12015	190	600	0	0
25841	3	17491	290	500	0	0
25841	4	17491	350	520	0	0
25842	1	17527	490	560	157	3
25842	2	17528	1170	1020	118	3
25843	1	17529	550	880	217	3
25843	2	17529	2050	540	158	3
25843	3	17529	2270	860	184	3
25843	4	17530	990	640	228	1
25843	5	17530	1610	860	224	3
25843	6	17530	2750	920	173	3
25843	7	17515	2750	500	0	0
25843	8	17269	2650	480	0	0
25843	9	28022	2610	600	0	0
25844	1	11031	410	340	0	0
25846	1	17533	1890	860	171	3
25846	2	17533	490	900	188	3
25846	3	17534	1450	580	179	3
25851	1	17535	1050	1200	186	3
25851	2	17536	550	2080	188	1
25851	3	17535	710	1660	186	3
25851	4	17536	1130	1580	177	3
25851	5	17535	1270	420	0	0
25851	6	17535	1210	480	0	0
25851	7	17535	1170	380	0	0
25851	8	12020	1210	400	0	0
25851	9	12020	1210	400	0	0
25861	1	17515	810	580	157	3
25861	2	17516	590	1440	185	3
25861	3	17516	1030	980	186	1
25861	4	17515	1070	1360	178	3
25862	1	12020	530	460	0	0
25862	2	12089	390	440	0	0
25862	3	12090	330	460	0	0
25862	4	17515	370	600	0	0
25862	5	17042	310	540	0	0
25863	1	17518	630	820	198	3
25863	2	17517	1130	680	205	3
25863	3	17518	950	1780	229	3
25863	4	17517	590	2160	201	1
25863	5	17517	1370	2040	0	0
25863	6	17515	1210	2040	0	0
25865	1	12046	750	380	0	0
25865	2	12020	810	380	0	0
25871	1	17531	590	580	194	3
25871	2	17531	2650	780	296	3
25871	3	17532	1770	840	257	1
25871	4	12013	3010	420	0	0
25871	5	12046	2910	600	0	0
25871	6	12020	2850	540	0	0
25881	1	17543	690	1300	250	3
25881	2	17543	1150	660	198	1
25881	3	17543	1510	1540	121	3
25881	4	17544	570	740	137	1
25881	5	17544	1810	680	199	3
25881	6	17544	1990	1140	219	3
25881	7	12092	1470	380	0	0
25882	1	17545	630	760	196	3
25882	2	17545	1690	780	196	3
25882	3	17546	1150	620	238	3
25891	1	17559	1110	820	227	1
25891	2	17559	3570	860	217	1
25891	3	17560	2490	880	147	1
25891	4	17560	1770	700	264	3
25894	1	17557	590	2440	177	3
25894	2	17557	490	860	159	3
25894	3	17557	1130	1580	175	3
25894	4	17558	610	1680	190	3
25894	5	17558	1130	960	177	3
25894	6	17558	890	2800	170	3
25895	1	17551	950	640	190	3
25895	2	17551	2370	880	125	3
25895	3	17552	590	760	179	3
25895	4	17552	2870	540	197	3
25896	1	17547	610	940	152	3
25896	2	17547	1450	860	196	1
25896	3	17548	1110	540	147	3
25896	4	17548	1970	780	217	3
26000	1	26025	4590	1440	0	0
26000	2	26025	4590	1500	0	0
26001	1	17573	310	580	0	0
26001	2	17573	530	640	0	0
26001	3	16042	610	800	0	0
26002	1	15044	410	680	0	0
26002	2	28007	310	320	0	0
26002	3	15080	690	580	0	0
26002	4	15258	730	480	0	0
26002	5	15180	850	480	0	0
26002	6	15073	830	580	0	0
26002	7	15145	1130	360	0	0
26002	8	28010	910	120	0	0
26003	1	16005	410	780	0	0
26003	2	15158	110	460	0	0
26003	3	15075	1130	560	0	0
26003	4	15276	330	360	0	0
26003	5	28001	370	400	0	0
26003	6	15146	950	440	0	0
26003	7	15093	430	480	0	0
26003	8	15090	470	420	0	0
26003	9	15089	450	340	0	0
26004	1	17572	270	220	0	0
26004	2	17572	470	200	0	0
26004	3	15315	230	280	0	0
26011	1	17575	310	600	0	0
26011	2	17575	530	640	0	0
26011	3	15158	610	780	0	0
26011	4	13085	510	480	0	0
26012	1	16005	90	440	0	0
26012	2	14709	310	680	0	0
26012	3	13085	250	720	0	0
26021	1	15158	1190	1120	0	0
26021	2	16023	1530	480	0	0
26021	3	15068	230	1020	0	0
26021	4	28006	830	120	0	0
26021	5	28008	910	180	0	0
26021	6	15205	210	560	0	0
26021	7	17578	1530	820	0	0
26021	8	14562	1490	760	0	0
26021	9	13007	1370	920	0	0
26031	1	16023	650	320	0	0
26031	2	15158	1250	320	0	0
26031	3	15289	510	880	0	0
26031	4	15300	810	300	0	0
26031	5	15326	590	680	0	0
26031	6	10225	590	780	0	0
26031	7	10227	630	680	0	0
26031	8	10227	550	680	0	0
26031	9	13011	690	820	0	0
26051	1	15138	470	220	0	0
26051	2	15132	370	1080	0	0
26103	1	15279	470	320	0	0
26103	2	15260	290	400	0	0
26103	3	15013	370	420	0	0
26103	4	12049	530	360	0	0
26103	5	40105	430	300	0	0
26104	1	14567	370	320	0	0
26104	2	13007	370	520	0	0
26104	3	17577	610	300	0	0
26104	4	17577	670	320	0	0
26105	1	15204	490	300	0	0
26106	1	15186	510	320	0	0
26107	1	15312	530	360	0	0
26108	1	15146	330	300	0	0
26110	1	14624	530	360	0	0
26131	1	14566	530	320	0	0
26134	1	13007	430	280	0	0
26135	1	13152	490	340	0	0
26135	2	13153	550	380	0	0
26135	3	13044	290	320	0	0
26135	4	13085	350	300	0	0
26138	1	15313	550	320	0	0
26138	2	15315	550	480	0	0
26138	3	17340	330	380	0	0
26138	4	17572	310	420	0	0
26139	1	15315	290	340	0	0
26172	1	13011	410	300	0	0
26177	1	15326	410	300	0	0
26177	2	13011	330	320	0	0
26177	3	10249	190	380	0	0
26177	4	10249	630	360	0	0
26177	5	14584	490	460	0	0
26181	1	15113	490	300	0	0
26181	2	15130	550	320	0	0
26201	1	16003	570	360	0	0
26201	2	16021	270	360	0	0
26221	1	16002	210	320	0	0
26241	1	16018	730	540	0	0
26241	2	16015	190	460	0	0
26241	3	17572	470	620	0	0
26241	4	17572	590	560	0	0
26241	5	15111	930	560	0	0
26241	6	15115	350	360	0	0
26241	7	15070	390	360	0	0
26241	8	15030	1050	340	0	0
26242	1	16018	350	400	0	0
26242	2	16015	410	400	0	0
26242	3	15096	610	400	0	0
26242	4	17596	250	540	0	0
26261	1	16004	410	240	0	0
26262	1	16012	470	240	0	0
26281	1	16006	690	280	0	0
26281	2	15260	550	500	0	0
26281	3	15259	430	440	0	0
26281	4	15271	610	400	0	0
26281	5	15205	870	300	0	0
26281	6	15309	430	280	0	0
26281	7	15297	530	300	0	0
26301	1	14561	250	300	0	0
26301	2	14565	530	340	0	0
26301	3	14564	310	440	0	0
26301	4	15179	530	440	0	0
26301	5	27062	530	480	0	0
26301	6	27063	610	440	0	0
26302	1	14563	590	320	0	0
26302	2	14562	650	380	0	0
26411	1	15316	290	280	0	0
26411	2	15317	490	340	0	0
26411	3	14576	530	460	0	0
26411	4	17596	590	480	0	0
26411	5	17597	510	520	0	0
26421	1	15111	150	400	0	0
26514	1	24001	210	200	0	0
26515	1	15156	1990	1380	0	0
26515	2	38026	2010	1500	0	0
26515	3	27051	2110	1500	0	0
26515	4	38026	2150	1420	0	0
26515	5	27050	2070	1460	0	0
26522	1	10265	570	220	0	0
26522	2	10266	490	220	0	0
26522	3	10267	630	260	0	0
26522	4	10268	410	260	0	0
26523	1	43021	1210	2760	0	0
26523	2	43022	1330	2760	0	0
26523	3	43020	1210	2580	0	0
26523	4	43019	1330	2580	0	0
26523	5	43020	1210	2420	0	0
26523	6	43019	1330	2420	0	0
26523	7	43021	1210	2260	0	0
26523	8	43022	1330	2260	0	0
26523	9	26001	1210	1940	0	0
26523	10	26001	1330	1940	0	0
26523	11	26001	1190	1800	0	0
26523	12	26001	1350	1800	0	0
26523	13	26001	1210	1480	0	0
26523	14	26001	1330	1480	0	0
26523	15	26001	1190	1320	0	0
26523	16	26001	1310	1320	0	0
26523	17	10266	1270	180	0	0
26523	18	43021	1210	200	0	0
26523	19	43019	1330	200	0	0
26525	1	43019	3830	400	0	0
26525	2	43020	3830	340	0	0
26525	3	43022	3650	340	0	0
26525	4	43021	3650	400	0	0
26525	5	43022	3490	320	0	0
26525	6	43019	3490	380	0	0
26525	7	43019	3270	320	0	0
26525	8	43020	3270	400	0	0
26525	9	43022	3130	400	0	0
26525	10	43020	3130	320	0	0
26525	11	43020	2990	420	0	0
26525	12	43021	2990	340	0	0
26525	13	10265	290	960	0	0
26525	14	43019	210	980	0	0
26525	15	43019	330	900	0	0
26525	16	43020	250	1020	0	0
26525	17	43020	370	940	0	0
26525	18	13048	450	1100	0	0
26525	19	26001	2610	320	0	0
26525	20	26001	2630	380	0	0
26525	21	26001	2510	320	0	0
26525	22	26001	2510	380	0	0
26525	23	26001	2410	320	0	0
26525	24	26001	2410	380	0	0
26525	25	26001	2190	340	0	0
26525	26	26001	2270	380	0	0
26525	27	26001	2030	520	0	0
26525	28	26001	2150	520	0	0
26525	29	26001	2050	640	0	0
26525	30	26001	2130	640	0	0
26525	31	26001	2030	760	0	0
26525	32	26001	2130	760	0	0
26525	33	26001	2030	900	0	0
26525	34	26001	2130	920	0	0
26525	35	26001	1910	1000	0	0
26525	36	26001	2050	1040	0	0
26525	37	26001	1750	980	0	0
26525	38	26001	1810	1020	0	0
26525	39	26001	1590	980	0	0
26525	40	26001	1690	1020	0	0
26525	41	26001	1450	1000	0	0
26525	42	26001	1530	1040	0	0
26525	43	10267	30	80	0	0
26529	1	14584	450	240	0	0
26529	2	10226	510	240	0	0
26529	3	10226	390	240	0	0
26529	4	13011	510	320	0	0
26529	5	15326	450	320	0	0
26529	6	10225	510	320	0	0
26531	1	35041	390	380	0	0
26531	2	15130	570	400	0	0
26541	1	25164	1130	460	0	0
26541	2	25164	1850	1200	0	0
26541	3	25166	2330	900	0	0
26541	4	25166	3010	600	0	0
26541	5	25170	2190	480	0	0
26541	6	25170	1530	1200	0	0
26542	1	25163	390	440	0	0
26542	2	25163	2330	540	0	0
26542	3	25167	1010	2480	0	0
26542	4	25167	1370	480	0	0
26542	5	25169	1850	1080	0	0
26542	6	25169	1350	1880	0	0
26543	1	25165	2050	440	0	0
26543	2	25165	1930	2440	0	0
26543	3	25168	570	1220	0	0
26543	4	25168	1350	600	0	0
26543	5	25171	570	1860	0	0
26543	6	25171	1330	1660	0	0
26551	1	25173	1110	940	0	0
26551	2	25173	2330	1820	0	0
26551	3	25176	1170	1420	0	0
26551	4	25176	190	1820	0	0
26551	5	25178	270	240	0	0
26551	6	25178	1690	1060	0	0
26552	1	25172	1330	500	0	0
26552	2	25172	210	460	0	0
26552	3	25177	3010	620	0	0
26552	4	25177	2290	260	0	0
26552	5	25179	2210	1100	0	0
26552	6	25179	3950	420	0	0
26553	1	25174	1150	1360	0	0
26553	2	25174	270	260	0	0
26553	3	25175	850	420	0	0
26553	4	25175	1090	960	0	0
26553	5	25180	230	1200	0	0
26553	6	25180	1270	540	0	0
26554	1	25174	1450	880	0	0
26554	2	25175	530	940	0	0
26554	3	25180	1090	1160	0	0
26554	4	25180	1470	520	0	0
26554	5	25174	170	340	0	0
26554	6	25175	1150	240	0	0
26801	1	17576	750	1760	274	1
26801	2	17577	1130	1160	229	3
26801	3	17577	550	1160	183	3
26801	4	15126	1430	260	0	0
26802	1	17578	550	1060	212	3
26802	2	17578	1810	1560	176	3
26802	3	17579	1130	1580	194	3
26802	4	17579	1350	560	198	3
26802	5	17578	1710	1160	358	1
26806	1	10244	630	540	194	3
26806	2	10244	970	940	187	1
26806	3	10245	1330	520	197	1
26806	4	10245	1510	940	171	3
26811	1	17588	690	800	229	3
26811	2	17588	2570	780	152	1
26811	3	17589	1830	780	160	3
26812	1	17590	770	1200	220	1
26812	2	17591	770	680	164	3
26816	1	10246	490	780	147	3
26816	2	10246	590	1280	228	1
26816	3	10247	1050	1520	173	3
26816	4	10247	1190	1040	156	3
26821	1	17598	630	560	227	3
26821	2	17598	1330	920	193	3
26821	3	17598	2350	520	203	3
26821	4	17598	2890	940	179	3
26821	5	17599	1250	500	210	1
26821	6	17599	890	980	171	3
26821	7	17599	2170	920	192	3
26821	8	17599	2730	580	166	1
26831	1	17580	650	600	174	3
26831	2	17580	1990	1480	293	3
26831	3	17581	1250	580	247	1
26831	4	17581	690	1160	191	3
26831	5	17581	1570	900	133	1
26841	1	17582	790	800	236	3
26841	2	17582	2670	700	213	3
26841	3	17583	1250	580	234	3
26841	4	17583	2430	940	161	3
26841	5	17583	1590	920	134	3
26841	6	17582	2130	680	225	3
26842	1	31001	490	540	0	0
26842	2	31002	810	660	0	0
26842	3	31003	1330	1000	0	0
26842	4	31004	410	1040	0	0
26851	1	10252	950	580	189	3
26851	2	10252	510	1520	203	3
26851	3	10252	1990	1540	204	1
26851	4	10252	2090	500	130	3
26851	5	10253	490	840	159	3
26851	6	10253	1330	940	188	3
26851	7	10253	1390	1500	189	3
26851	8	10253	1870	1100	208	1
26852	1	10254	590	580	182	1
26852	2	10254	1150	960	170	3
26852	3	10255	1190	560	175	3
26852	4	10255	670	920	155	3
26861	1	17592	1010	1540	252	3
26861	2	17592	1790	800	205	1
26861	3	17593	1710	1500	233	1
26861	4	17593	1450	580	182	1
26862	1	17594	1030	700	266	3
26862	2	17595	1550	940	157	1
26871	1	13085	730	520	0	0
26871	2	13152	770	480	0	0
26871	3	13153	670	500	0	0
26871	4	14707	830	580	0	0
26871	5	14706	770	600	0	0
26872	1	17596	670	1080	211	3
26872	2	17596	1110	1480	237	3
26872	3	17596	650	2040	217	1
26872	4	17596	1130	2780	229	1
26872	5	17597	1130	920	192	3
26872	6	17597	590	1480	236	1
26872	7	17597	1130	2120	225	3
26872	8	17597	630	2760	246	1
26872	9	13085	450	780	0	0
26872	10	14708	410	680	0	0
26872	11	14709	490	680	0	0
26872	12	14562	450	620	0	0
26872	13	14563	530	620	0	0
26872	14	14564	370	620	0	0
26872	15	13152	670	760	0	0
26872	16	13153	210	760	0	0
26872	17	13044	610	700	0	0
26872	18	13044	550	740	0	0
26872	19	13044	290	700	0	0
26872	20	13044	350	760	0	0
26872	21	13044	590	880	0	0
26881	1	17574	1230	500	173	3
26881	2	17574	1090	920	196	3
26881	3	17575	1670	760	201	3
26881	4	17575	2830	780	128	3
26891	1	17584	2750	840	192	3
26891	2	17584	950	800	272	1
26891	3	17585	2430	620	189	1
26891	4	17585	1470	600	208	3
26891	5	17585	2070	840	168	3
26892	1	17586	750	2140	251	1
26892	2	17586	1130	900	208	3
26892	3	17587	750	1200	219	1
26892	4	17587	1150	2080	206	3
27001	1	15348	1390	740	0	0
27001	2	14314	390	380	0	0
27001	3	11174	450	420	0	0
27001	4	17196	450	500	0	0
27001	5	17254	310	400	0	0
27001	6	14597	630	360	0	0
27001	7	15367	1250	240	0	0
27001	8	15368	1150	240	0	0
27001	9	15363	250	1140	0	0
27011	1	14610	330	660	0	0
27011	2	17610	510	340	0	0
27011	3	17610	330	400	0	0
27011	4	14261	930	380	0	0
27011	5	15158	630	520	0	0
27011	6	16054	1150	500	0	0
27011	7	15111	770	600	0	0
27021	1	14611	330	360	0	0
27021	2	14612	410	340	0	0
27021	3	17611	990	400	0	0
27021	4	17611	790	320	0	0
27021	5	15158	150	500	0	0
27021	6	16054	970	660	0	0
27021	7	14260	650	520	0	0
27031	1	18001	1590	660	0	0
27031	2	18002	1910	500	0	0
27031	3	15348	1570	440	0	0
27031	4	18015	470	500	0	0
27031	5	18015	930	780	0	0
27031	6	18015	290	1020	0	0
27031	7	18001	1730	420	0	0
27031	8	17328	1770	500	0	0
27031	9	17329	1790	460	0	0
27031	10	15111	2470	80	0	0
27101	1	14589	650	360	0	0
27101	2	14596	450	360	0	0
27101	3	14408	550	300	0	0
27101	4	17611	570	620	0	0
27102	1	14590	550	320	0	0
27131	1	11116	330	260	0	0
27134	1	14591	490	380	0	0
27134	2	14592	350	380	0	0
27134	3	14408	350	500	0	0
27134	4	14589	310	480	0	0
27134	5	17610	230	440	0	0
27134	6	17611	290	400	0	0
27135	1	14594	350	380	0	0
27135	2	14595	490	380	0	0
27136	1	11175	450	300	0	0
27171	1	15349	470	320	0	0
27171	2	15350	410	300	0	0
27171	3	14597	530	340	0	0
27171	4	11174	330	420	0	0
27171	5	17129	390	440	0	0
27171	6	17150	270	400	0	0
27173	1	14597	410	320	0	0
27173	2	15290	450	460	0	0
27176	1	14593	330	360	0	0
27401	1	15366	650	480	0	0
27411	1	17610	710	700	0	0
27411	2	15364	170	660	0	0
27421	1	15365	1010	620	0	0
27421	2	18004	1230	800	0	0
27421	3	18006	1170	720	0	0
27421	4	14679	850	680	0	0
27431	1	15111	1370	1100	0	0
27501	1	15290	430	1520	0	0
27501	2	15348	350	1520	0	0
27501	3	14597	430	1620	0	0
27521	1	25181	450	1200	0	0
27521	2	25184	470	1840	0	0
27521	3	25187	2150	1160	0	0
27522	1	25182	450	220	0	0
27522	2	25185	3130	1000	0	0
27522	3	25188	2110	220	0	0
27523	1	25183	410	240	0	0
27523	2	25189	2150	220	0	0
27523	3	25186	2130	860	0	0
27531	1	18001	1270	1700	0	0
27531	2	18001	1210	1700	0	0
27531	3	15111	1150	1580	0	0
27531	4	40064	1190	1600	0	0
27531	5	40065	1330	1760	0	0
27531	6	40066	1370	1720	0	0
27531	7	40066	1370	1800	0	0
27531	8	40066	1270	1780	0	0
27801	1	17634	610	600	199	1
27801	2	17635	1230	500	110	1
27801	3	17634	1150	880	159	1
27801	4	17635	690	1020	172	3
27801	5	17634	570	1480	200	3
27801	6	17635	1050	1800	183	3
27801	7	17634	530	2140	204	3
27801	8	17635	970	2180	181	3
27802	1	17636	530	540	151	3
27802	2	17637	910	880	159	3
27802	3	17636	1210	980	146	1
27802	4	17637	510	920	165	3
27811	1	17624	570	720	215	3
27811	2	17625	1210	680	151	1
27811	3	17624	1070	1020	197	3
27811	4	17625	630	1240	215	3
27811	5	17624	1130	1440	200	3
27811	6	17625	610	1660	186	3
27811	7	17624	1050	1860	215	1
27811	8	17625	630	2060	205	1
27811	9	17624	650	2440	183	3
27811	10	17625	1050	2220	183	3
27811	11	17624	1030	2660	162	1
27821	1	17620	650	580	154	3
27821	2	17621	1070	580	165	1
27821	3	17620	1950	560	153	1
27821	4	17621	2370	560	161	3
27821	5	17620	2730	560	147	3
27821	6	17621	3750	560	151	3
27821	7	17620	4470	640	159	3
27821	8	17621	810	920	153	3
27821	9	17620	1890	920	138	3
27821	10	17621	2970	880	151	3
27821	11	17620	3410	900	166	1
27821	12	17621	4130	940	142	1
27822	1	17622	1210	560	160	3
27822	2	17623	1010	860	190	1
27822	3	17622	670	1200	186	3
27822	4	17623	1050	1380	185	3
27822	5	17622	530	1560	185	3
27831	1	17612	590	920	166	3
27831	2	17613	490	520	156	3
27831	3	17612	1010	740	149	1
27831	4	17613	2090	900	137	3
27831	5	17612	2570	920	155	3
27831	6	17613	2490	560	153	3
27831	7	17612	2990	700	168	3
27831	8	17613	3470	660	153	3
27841	1	17614	510	520	111	3
27841	2	17614	1770	580	162	3
27841	3	17614	2690	680	176	3
27841	4	17615	750	780	141	3
27841	5	17615	1470	860	120	1
27841	6	17615	2230	700	187	3
27851	1	17616	490	660	125	1
27851	2	17617	910	640	139	3
27851	3	17617	1290	640	133	1
27851	4	17616	1650	560	141	3
27851	5	17617	1950	640	114	3
27851	6	17617	990	1360	202	3
27851	7	17616	1430	1300	177	3
27851	8	17617	1910	1460	196	1
27851	9	17616	1670	1940	273	1
27851	10	17617	1130	1860	199	1
27851	11	17616	690	2040	153	1
27851	12	17617	1070	2220	120	3
27851	13	17616	650	1680	170	3
27852	1	17618	710	2060	195	3
27852	2	17619	1070	1940	157	3
27852	3	17618	1110	1620	162	3
27852	4	17619	610	1660	168	3
27852	5	17618	650	1300	178	3
27852	6	17619	1050	1320	172	1
27852	7	17618	1130	960	180	3
27852	8	17619	690	880	189	3
27852	9	17618	1150	600	189	1
27861	1	17630	590	420	110	3
27861	2	17631	1470	1060	125	1
27861	3	17630	1550	540	142	3
27861	4	17631	2010	520	178	3
27861	5	17630	2130	1000	156	1
27861	6	17631	1790	900	159	3
27861	7	17630	690	960	181	1
27861	8	17631	650	1360	195	3
27861	9	17630	1270	1340	172	3
27861	10	17631	1790	1400	175	1
27862	1	17632	630	700	132	1
27862	2	17633	1330	440	90	3
27862	3	17632	1230	900	144	3
27862	4	17633	630	1080	144	3
27862	5	17632	570	1440	121	1
27862	6	17633	1030	1360	189	1
27871	1	17626	670	420	178	3
27871	2	17627	1050	560	178	3
27871	3	17626	1130	900	193	3
27871	4	17627	570	820	200	3
27871	5	17626	930	1220	163	3
27871	6	17627	570	1760	167	3
27871	7	17626	1070	1960	186	3
27871	8	17627	550	2080	168	3
27872	1	17628	1490	420	173	3
27872	2	17629	1890	420	185	3
27872	3	17628	1990	820	158	1
27872	4	17629	1530	780	180	3
27872	5	17628	430	860	95	3
27873	1	11101	370	420	0	0
28001	1	17374	590	580	0	0
28001	2	17374	390	620	0	0
28001	3	15400	570	400	0	0
28002	1	17329	590	580	0	0
28002	2	17328	370	620	0	0
28002	3	17374	230	820	0	0
28002	4	27168	850	120	0	0
28002	5	27168	850	120	0	0
28002	6	15450	1110	300	0	0
28003	1	17374	1290	480	0	0
28003	2	15142	730	420	0	0
28003	3	15130	650	440	0	0
28003	4	15062	670	480	0	0
28003	5	15047	730	480	0	0
28004	1	15158	750	340	0	0
28004	2	16005	490	780	0	0
28004	3	17374	250	280	0	0
28004	4	16003	610	860	0	0
28011	1	15387	330	340	0	0
28011	2	15388	230	380	0	0
28011	3	15393	270	300	0	0
28012	1	15390	790	220	0	0
28012	2	15392	570	340	0	0
28012	3	15394	1010	880	0	0
28012	4	16081	910	540	0	0
28012	5	15158	1210	300	0	0
28012	6	16080	790	580	0	0
28012	7	14236	390	520	0	0
28012	8	15126	1130	440	0	0
28012	9	15130	1050	360	0	0
28012	10	17244	650	220	0	0
28012	11	15317	790	320	0	0
28021	1	15158	110	440	0	0
28021	2	16080	830	160	0	0
28021	3	14236	250	320	0	0
28021	4	15397	910	460	0	0
28021	5	15396	610	880	0	0
28031	1	15158	130	420	0	0
28031	2	16080	1250	500	0	0
28031	3	14236	970	280	0	0
28031	4	16081	450	320	0	0
28031	5	15398	950	580	0	0
28031	6	15131	550	280	0	0
28031	7	15401	30	80	0	0
28101	1	15389	230	360	0	0
28102	1	15389	450	320	0	0
28103	1	14635	510	360	0	0
28131	1	14630	390	260	0	0
28133	1	15398	350	320	0	0
28134	1	14634	570	380	0	0
28135	1	15057	350	360	0	0
28171	1	15023	370	320	0	0
28171	2	15450	490	420	0	0
28171	3	15450	370	320	0	0
28172	1	14629	290	440	0	0
28173	1	15395	570	300	0	0
28174	1	15395	630	320	0	0
28201	1	16010	550	380	0	0
28201	2	16021	330	320	0	0
28221	1	16083	230	320	0	0
28241	1	16018	570	520	0	0
28261	1	16012	410	240	0	0
28301	1	14632	830	320	0	0
28301	2	14633	890	420	0	0
28301	3	17658	610	420	0	0
28301	4	17658	890	480	0	0
28301	5	17658	530	500	0	0
28301	6	17658	830	580	0	0
28301	7	17658	430	580	0	0
28301	8	17658	770	680	0	0
28301	9	15390	510	120	0	0
28401	1	15397	450	440	0	0
28401	2	27100	450	440	0	0
28401	3	14639	330	380	0	0
28401	4	27100	370	540	0	0
28401	5	27100	230	400	0	0
28511	1	15319	2210	980	0	0
28511	2	17244	2110	940	0	0
28511	3	17244	2110	1020	0	0
28511	4	15390	2410	700	0	0
28801	1	17677	470	600	148	1
28801	2	17677	1010	500	217	3
28801	3	17677	1470	1040	125	3
28801	4	17677	2010	420	147	1
28801	5	17677	1970	1540	135	1
28801	6	17678	1350	1580	153	3
28801	7	17678	730	1500	191	3
28801	8	17678	490	1060	145	3
28801	9	17678	1150	960	141	3
28801	10	17678	2110	1100	160	3
28811	1	17675	610	620	173	3
28811	2	17675	1130	620	187	3
28811	3	17675	1930	1340	155	3
28811	4	17675	970	1260	185	3
28811	5	17676	590	1040	123	1
28811	6	17676	1630	600	138	3
28811	7	17676	2090	960	174	3
28821	1	17671	550	500	167	3
28821	2	17671	670	1240	173	1
28821	3	17671	670	1900	134	3
28821	4	17671	1110	1540	164	1
28821	5	17672	1110	1020	141	3
28821	6	17672	650	860	151	3
28821	7	17672	630	1620	131	3
28822	1	17673	650	880	165	1
28822	2	17673	1050	1400	157	3
28822	3	17673	1130	1000	121	3
28822	4	17674	650	1340	163	3
28822	5	17674	1150	600	186	3
28831	1	17667	730	400	167	3
28831	2	17667	1130	880	209	3
28831	3	17667	2310	440	131	3
28831	4	17667	2370	900	163	3
28831	5	17667	3230	440	174	3
28831	6	17667	3810	840	147	3
28831	7	17668	3710	440	151	3
28831	8	17668	3230	880	156	3
28831	9	17668	2710	380	136	3
28831	10	17668	1790	700	177	3
28831	11	17668	530	880	198	3
28832	1	17669	590	400	154	1
28832	2	17669	1190	1380	154	3
28832	3	17669	790	1620	131	3
28832	4	17670	570	1040	213	3
28832	5	17670	1130	480	223	3
28841	1	17659	970	860	157	3
28841	2	17659	610	480	185	3
28841	3	17660	490	840	190	3
28841	4	17660	970	420	186	3
28842	1	17661	590	540	180	3
28842	2	17661	2110	880	177	1
28842	3	17661	1270	740	198	3
28842	4	17662	1770	440	155	1
28842	5	17662	710	880	168	3
28842	6	17662	1650	840	166	3
28851	1	17665	3710	380	195	3
28851	2	17666	3770	860	200	1
28851	3	17665	2970	880	200	1
28851	4	17666	2930	460	192	3
28851	5	17665	2410	480	198	3
28851	6	17666	2350	900	191	1
28851	7	17665	1890	500	187	3
28851	8	17666	1770	960	136	3
28851	9	17666	1230	480	191	1
28851	10	17665	1230	900	181	3
28851	11	17666	570	440	209	1
28861	1	46105	630	640	207	1
28861	2	46105	1830	1080	206	3
28861	3	46105	1530	660	215	3
28861	4	46106	1350	1400	222	3
28861	5	46106	650	1420	185	3
28861	6	46106	1110	960	217	3
28862	1	46107	590	640	175	3
28862	2	46107	2730	660	181	1
28862	3	46107	2090	720	182	1
28862	4	46108	890	880	172	3
28862	5	46108	1670	740	150	3
28862	6	46108	2390	880	139	1
29001	1	15387	710	340	0	0
29001	2	15391	770	380	0	0
29001	3	15400	430	400	0	0
29002	1	15395	1230	220	0	0
29002	2	15394	490	240	0	0
29002	3	15138	670	360	0	0
29002	4	15387	750	340	0	0
29003	1	15393	910	420	0	0
29003	2	15057	150	640	0	0
29011	1	15158	270	400	0	0
29011	2	10255	290	580	0	0
29011	3	10255	550	640	0	0
29012	1	16081	110	220	0	0
29012	2	15390	1030	680	0	0
29013	1	15391	1030	660	0	0
29013	2	15394	630	360	0	0
29013	3	16003	830	380	0	0
29013	4	14636	610	520	0	0
29013	5	17658	590	460	0	0
29013	6	17658	670	480	0	0
29013	7	15389	350	700	0	0
29013	8	15390	290	700	0	0
29013	9	15392	430	680	0	0
29013	10	15393	370	740	0	0
29013	11	40033	550	500	0	0
29013	12	40034	510	500	0	0
29013	13	40035	470	500	0	0
29013	14	40036	430	500	0	0
29013	15	40037	670	540	0	0
29013	16	40038	690	580	0	0
29013	17	40039	710	620	0	0
29013	18	40040	730	660	0	0
29013	19	15401	30	80	0	0
29021	1	15395	470	540	0	0
29021	2	16081	330	300	0	0
29021	3	15401	30	80	0	0
29021	4	16054	1070	580	0	0
29021	5	14641	70	80	0	0
29021	6	17689	210	480	0	0
29021	7	17690	270	540	0	0
29031	1	15158	370	140	0	0
29031	2	15391	410	340	0	0
29102	1	14639	390	320	0	0
29104	1	14642	450	320	0	0
29131	1	14637	390	280	0	0
29133	1	14641	310	360	0	0
29135	1	14641	350	360	0	0
29241	1	16084	690	520	0	0
29241	2	15400	590	600	0	0
29241	3	17670	890	720	0	0
29261	1	16080	410	240	0	0
29281	1	16082	670	280	0	0
29301	1	14636	510	420	0	0
29302	1	14638	790	420	0	0
29303	1	14640	270	300	0	0
29303	2	10184	290	460	0	0
29303	3	10184	550	340	0	0
29303	4	14641	90	120	0	0
29403	1	15397	490	380	0	0
29403	2	27079	490	380	0	0
29403	3	14639	630	400	0	0
29403	4	27079	770	540	0	0
29403	5	27079	630	560	0	0
29508	1	14637	1370	1580	0	0
29508	2	17695	1430	1540	0	0
29508	3	17695	1430	1500	0	0
29508	4	17696	1430	1620	0	0
29508	5	17696	1430	1660	0	0
29508	6	14641	1370	1520	0	0
29511	1	25200	1090	1200	0	0
29511	2	25202	2230	1180	0	0
29511	3	25206	690	300	0	0
29512	1	25199	490	220	0	0
29512	2	25204	630	1560	0	0
29512	3	25205	1130	220	0	0
29513	1	25201	550	1180	0	0
29513	2	25201	530	1200	0	0
29513	3	25201	350	880	0	0
29513	4	25201	310	920	0	0
29513	5	25203	550	1520	0	0
29513	6	25203	590	1540	0	0
29513	7	25203	250	1820	0	0
29513	8	25207	290	1840	0	0
29513	9	25207	2310	1540	0	0
29801	1	17703	670	680	146	3
29801	2	17703	2030	1520	201	3
29801	3	17703	1450	1000	209	3
29801	4	17703	950	1520	206	1
29801	5	17704	1970	940	173	3
29801	6	17704	1670	620	157	3
29801	7	17704	1130	740	177	3
29801	8	17704	1470	1400	187	3
29811	1	17689	4550	480	193	3
29811	2	17690	3870	840	214	1
29811	3	17689	3150	600	211	3
29811	4	17690	2450	440	174	1
29811	5	17689	2070	920	169	3
29811	6	17690	1630	500	205	3
29811	7	17689	1070	900	201	3
29811	8	17690	450	660	209	1
29811	9	14641	4770	60	0	0
29811	10	14640	350	1080	0	0
29811	11	17689	4870	120	0	0
29811	12	17690	4910	180	0	0
29811	13	17689	370	1020	0	0
29811	14	17690	430	1080	0	0
29812	1	46113	510	400	179	3
29812	2	46115	490	900	185	3
29812	3	46113	1210	620	221	3
29812	4	46115	1930	560	203	3
29812	5	46113	2490	940	172	3
29812	6	46115	2650	440	173	3
29812	7	46113	3230	660	199	3
29812	8	46115	3870	840	234	1
29812	9	46113	4550	420	174	3
29813	1	17679	770	440	0	0
29813	2	17680	770	360	0	0
29813	3	17680	830	400	0	0
29813	4	14641	670	440	0	0
29813	5	15138	730	520	0	0
29813	6	40068	670	440	0	0
29813	7	40068	730	420	0	0
29813	8	40069	650	540	0	0
29813	9	40069	730	600	0	0
29813	10	40067	610	480	0	0
29813	11	17679	270	540	0	0
29813	12	17695	1130	480	0	0
29813	13	14642	450	360	0	0
29814	1	46114	470	720	214	3
29814	2	46116	1210	920	177	3
29814	3	46114	1890	400	201	1
29814	4	46116	2050	880	221	1
29814	5	46114	1050	440	163	3
29821	1	17683	410	800	192	3
29821	2	17684	1930	360	177	3
29821	3	17683	2130	900	179	3
29821	4	17684	1150	940	176	1
29821	5	17683	2390	1200	0	0
29821	6	17684	2330	1240	0	0
29821	7	14641	1810	1280	0	0
29822	1	17685	470	460	188	3
29822	2	17686	1250	700	176	1
29822	3	17685	450	1000	188	3
29822	4	17686	1250	1220	206	1
29822	5	17685	550	1860	206	3
29822	6	17686	1210	2060	219	3
29822	7	17705	390	2300	0	0
29822	8	17685	370	2220	0	0
29822	9	17686	470	2340	0	0
29822	10	14641	50	2340	0	0
29831	1	17697	510	440	185	3
29831	2	17697	2730	820	194	3
29831	3	17697	1770	500	151	3
29831	4	17698	2230	700	176	3
29831	5	17698	1810	940	159	3
29831	6	17698	970	420	128	3
29831	7	17698	510	880	180	1
29841	1	17691	1970	1180	187	3
29841	2	17692	770	1280	207	1
29841	3	17691	730	680	185	3
29841	4	17692	1690	680	186	3
29842	1	17693	1030	2000	172	1
29842	2	17694	1150	1360	192	1
29842	3	17693	630	1520	188	3
29842	4	17694	590	640	186	3
29842	5	17693	1190	480	164	1
29851	1	17687	430	880	213	3
29851	2	17688	1050	480	205	3
29851	3	17687	2050	780	217	3
29862	1	17699	450	720	169	3
29862	2	17699	1970	560	225	3
29862	3	17699	1710	2140	176	3
29862	4	17700	1050	1020	164	3
29862	5	17700	2090	1880	178	3
29862	6	17700	2050	1020	215	3
29862	7	17701	610	2140	205	3
29862	8	17701	1650	340	128	3
29862	9	17701	1170	1380	141	3
29862	10	17702	1170	1800	178	3
29862	11	17702	910	600	164	3
29862	12	17702	1630	1140	174	1
29871	1	17681	530	680	200	3
29871	2	17682	1330	800	219	1
29871	3	17681	2030	540	206	1
29871	4	17682	2790	740	237	1
29871	5	17681	3630	680	204	3
30001	1	17707	530	460	0	0
30002	1	15405	890	420	0	0
30002	2	15407	430	400	0	0
30002	3	15410	490	400	0	0
30003	1	16087	1010	520	0	0
30003	2	17707	170	740	0	0
30003	3	15414	770	540	0	0
30003	4	14665	470	420	0	0
30004	1	17707	710	440	0	0
30004	2	15411	370	740	0	0
30004	3	15409	610	260	0	0
30004	4	28061	190	440	0	0
30004	5	17714	250	400	0	0
30005	1	14651	470	280	0	0
30011	1	17713	1410	820	0	0
30011	2	17713	1190	860	0	0
30011	3	14652	650	380	0	0
30011	4	16041	1390	320	0	0
30011	5	15016	730	700	0	0
30011	6	15033	810	700	0	0
30011	7	17713	1030	540	0	0
30011	8	17713	970	560	0	0
30011	9	17713	910	580	0	0
30011	10	17225	870	480	0	0
30011	11	17655	690	420	0	0
30011	12	15121	1350	900	0	0
30011	13	15138	1430	880	0	0
30011	14	15102	1450	960	0	0
30011	15	15082	1610	840	0	0
30011	16	14236	1550	820	0	0
30011	17	15082	30	80	0	0
30011	18	17713	690	420	0	0
30011	19	14668	1350	900	0	0
30011	20	17713	1270	880	0	0
30011	21	17713	1330	860	0	0
30011	22	12001	1450	960	0	0
30011	23	17491	1530	960	0	0
30011	24	17491	1490	1000	0	0
30011	25	14652	1290	960	0	0
30012	1	15272	1370	280	0	0
30012	2	27174	1430	300	0	0
30012	3	15350	30	80	0	0
30012	4	27165	1450	980	0	0
30012	5	15138	70	80	0	0
30021	1	17708	370	460	0	0
30021	2	12001	490	380	0	0
30022	1	15405	290	540	0	0
30022	2	17708	850	420	0	0
30022	3	17723	890	700	0	0
30022	4	17728	930	720	0	0
30022	5	17722	970	800	0	0
30022	6	17722	1010	780	0	0
30022	7	17717	790	660	0	0
30022	8	17717	830	640	0	0
30023	1	17716	790	660	0	0
30023	2	14667	850	680	0	0
30023	3	15413	670	220	0	0
30023	4	17725	770	380	0	0
30024	1	17708	170	380	0	0
30024	2	28062	310	480	0	0
30024	3	17715	1130	420	0	0
30025	1	17708	790	760	0	0
30025	2	17708	730	760	0	0
30025	3	28061	350	520	0	0
30025	4	28061	350	600	0	0
30025	5	28062	510	560	0	0
30025	6	28061	950	460	0	0
30031	1	17712	370	360	0	0
30031	2	17712	690	720	0	0
30031	3	17712	890	720	0	0
30031	4	14669	1130	320	0	0
30031	5	17715	1090	440	0	0
30031	6	17716	1150	440	0	0
30031	7	14644	790	700	0	0
30031	8	40093	770	600	0	0
30031	9	40093	710	600	0	0
30031	10	40093	830	600	0	0
30031	11	40093	890	600	0	0
30041	1	17709	670	380	0	0
30041	2	17710	330	380	0	0
30041	3	15405	1190	380	0	0
30041	4	14663	670	800	0	0
30041	5	14662	730	800	0	0
30041	6	12001	510	560	0	0
30041	7	12027	610	620	0	0
30041	8	12103	610	700	0	0
30041	9	12040	410	620	0	0
30041	10	12135	410	700	0	0
30041	11	17491	510	760	0	0
30041	12	14658	450	760	0	0
30041	13	14646	570	760	0	0
30041	14	14644	470	800	0	0
30041	15	14645	530	800	0	0
30041	16	14644	470	800	0	0
30041	17	17709	670	380	0	0
30041	18	17710	330	380	0	0
30041	19	15405	1190	380	0	0
30041	20	14663	670	800	0	0
30041	21	14662	730	800	0	0
30041	22	14645	810	320	0	0
30041	23	14662	830	360	0	0
30041	24	14664	830	280	0	0
30041	25	14665	850	400	0	0
30041	26	14658	850	240	0	0
30041	27	40086	890	260	0	0
30041	28	40086	930	300	0	0
30041	29	40086	890	320	0	0
30041	30	40086	930	340	0	0
30041	31	40086	890	380	0	0
30041	32	12103	730	280	0	0
30041	33	12135	730	340	0	0
30041	34	17491	610	280	0	0
30041	35	17491	670	260	0	0
30041	36	17491	670	300	0	0
30041	37	17491	670	340	0	0
30041	38	17491	610	320	0	0
30041	39	12103	730	280	0	0
30041	40	12135	730	340	0	0
30101	1	14648	410	400	0	0
30102	1	15121	610	400	0	0
30102	2	15138	590	460	0	0
30102	3	15102	410	340	0	0
30102	4	27162	150	620	0	0
30102	5	15037	210	460	0	0
30103	1	14657	530	400	0	0
30103	2	17708	410	400	0	0
30103	3	17708	330	440	0	0
30103	4	12001	570	460	0	0
30104	1	14665	450	400	0	0
30104	2	14664	510	440	0	0
30105	1	14659	410	340	0	0
30105	2	14670	310	360	0	0
30105	3	14669	250	380	0	0
30105	4	14644	330	440	0	0
30105	5	14645	410	480	0	0
30105	6	14646	250	460	0	0
30105	7	14658	330	520	0	0
30106	1	14645	390	380	0	0
30106	2	14704	450	380	0	0
30107	1	17491	590	460	0	0
30107	2	17491	510	500	0	0
30107	3	17491	430	540	0	0
30107	4	17491	870	580	0	0
30107	5	17491	790	620	0	0
30107	6	17491	690	660	0	0
30107	7	12001	810	480	0	0
30107	8	12002	590	580	0	0
30107	9	14652	650	620	0	0
30108	1	14647	470	380	0	0
30108	2	12001	570	460	0	0
30108	3	17491	570	500	0	0
30108	4	17491	630	460	0	0
30108	5	17491	690	520	0	0
30133	1	14650	530	400	0	0
30134	1	15037	530	360	0	0
30134	2	15349	570	380	0	0
30134	3	15138	370	360	0	0
30134	4	15272	690	420	0	0
30134	5	15350	30	80	0	0
30134	6	27165	450	580	0	0
30134	7	14260	570	460	0	0
30135	1	15078	570	380	0	0
30135	2	15078	610	500	0	0
30135	3	15037	370	360	0	0
30135	4	15349	310	380	0	0
30135	5	15138	410	440	0	0
30135	6	27167	550	480	0	0
30135	7	28071	630	420	0	0
30139	1	17711	450	340	0	0
30171	1	14654	470	400	0	0
30172	1	14655	350	420	0	0
30173	1	12002	590	340	0	0
30174	1	40077	570	540	0	0
30174	2	40075	590	480	0	0
30174	3	40076	650	540	0	0
30174	4	40075	650	460	0	0
30174	5	40076	710	500	0	0
30174	6	40076	790	460	0	0
30174	7	40075	730	420	0	0
30174	8	12139	490	560	0	0
30174	9	12140	410	560	0	0
30174	10	12141	470	620	0	0
30174	11	12142	350	600	0	0
30174	12	12144	390	640	0	0
30174	13	12143	390	640	0	0
30174	14	12139	270	580	0	0
30201	1	16089	430	400	0	0
30241	1	16091	430	360	0	0
30242	1	16092	310	460	0	0
30261	1	16011	410	240	0	0
30261	2	16005	590	300	0	0
30262	1	16088	370	400	0	0
30301	1	14668	270	340	0	0
30301	2	17713	510	320	0	0
30301	3	17713	610	360	0	0
30301	4	14652	430	400	0	0
30301	5	17713	490	400	0	0
30303	1	14644	850	400	0	0
30303	2	14646	950	520	0	0
30303	3	14656	790	600	0	0
30303	4	14645	690	440	0	0
30303	5	12103	730	440	0	0
30303	6	12135	770	460	0	0
30303	7	12028	610	480	0	0
30303	8	40086	650	420	0	0
30303	9	14662	710	460	0	0
30303	10	14664	730	480	0	0
30303	11	14665	750	500	0	0
30303	12	14658	690	480	0	0
30303	13	14703	730	480	0	0
30401	1	14648	950	640	0	0
30401	2	14651	850	720	0	0
30401	3	17729	830	620	0	0
30401	4	17729	770	660	0	0
30401	5	17729	890	580	0	0
30401	6	14652	1010	740	0	0
30401	7	17713	1030	800	0	0
30401	8	17713	1090	740	0	0
30403	1	14648	390	420	0	0
30403	2	14651	490	460	0	0
30403	3	17729	450	340	0	0
30403	4	17729	510	320	0	0
30403	5	17729	530	380	0	0
30412	1	12040	1270	440	0	0
30413	1	14650	1950	1740	0	0
30413	2	14648	1910	1780	0	0
30413	3	17770	1990	1760	0	0
30413	4	17770	1970	1780	0	0
30413	5	17770	1950	1800	0	0
30413	6	17770	2030	1780	0	0
30413	7	17770	1990	1820	0	0
30413	8	12040	1850	1720	0	0
30413	9	17491	1850	1660	0	0
30413	10	17491	1830	1680	0	0
30413	11	17491	1810	1700	0	0
30413	12	17491	1790	1720	0	0
30413	13	17491	1770	1740	0	0
30413	14	14649	1930	1760	0	0
30413	15	12002	1890	1680	0	0
30413	16	12102	1810	1760	0	0
30413	17	12040	1450	1300	0	0
30413	18	17491	1410	1260	0	0
30413	19	17491	1490	1260	0	0
30413	20	17770	1490	1440	0	0
30413	21	17770	1410	1440	0	0
30413	22	17770	1530	1440	0	0
30413	23	17770	1450	1440	0	0
30413	24	14649	1450	1380	0	0
30413	25	17770	790	460	0	0
30413	26	17770	790	500	0	0
30413	27	17770	750	500	0	0
30413	28	17770	710	480	0	0
30413	29	17770	750	460	0	0
30413	30	17770	790	700	0	0
30413	31	17770	790	740	0	0
30413	32	17770	750	740	0	0
30413	33	17770	750	700	0	0
30413	34	17770	710	700	0	0
30413	35	12001	630	560	0	0
30413	36	12040	630	620	0	0
30413	37	14649	710	540	0	0
30413	38	17491	770	540	0	0
30413	39	17491	770	580	0	0
30413	40	17491	770	620	0	0
30413	41	17491	610	500	0	0
30413	42	17491	610	680	0	0
30413	43	14650	710	620	0	0
30413	44	17770	930	540	0	0
30413	45	17770	990	600	0	0
30413	46	17770	930	660	0	0
30421	1	17730	1970	580	185	1
30421	2	17730	650	1060	177	3
30421	3	17730	1310	720	250	3
30421	4	17730	1350	1420	232	3
30421	5	17730	670	1480	229	3
30421	6	17730	1930	1040	185	1
30421	7	14659	2310	1700	0	0
30421	8	14670	2450	1740	0	0
30421	9	14669	2330	1820	0	0
30421	10	17712	2250	1800	0	0
30421	11	14644	2370	1740	0	0
30421	12	12040	650	600	0	0
30421	13	17491	570	580	0	0
30421	14	17491	530	600	0	0
30421	15	14659	770	680	0	0
30421	16	14659	770	680	0	0
30421	17	14670	750	760	0	0
30421	18	14669	830	680	0	0
30421	19	17712	870	740	0	0
30421	20	17712	810	780	0	0
30421	21	14669	830	680	0	0
30421	22	14670	750	760	0	0
30421	23	14669	710	640	0	0
30422	1	17711	370	180	0	0
30422	2	12040	270	220	0	0
30422	3	17491	290	160	0	0
30422	4	17491	210	200	0	0
30431	1	14661	610	500	0	0
30431	2	14657	770	600	0	0
30432	1	15406	470	240	0	0
30461	1	12028	490	540	0	0
30461	2	17491	550	580	0	0
30461	3	14644	630	500	0	0
30461	4	40086	630	440	0	0
30462	1	17727	610	500	138	3
30462	2	17720	850	840	110	3
30462	3	17727	490	880	77	1
30462	4	14644	1710	800	0	0
30462	5	40086	1710	880	0	0
30462	6	12027	1590	840	0	0
30462	7	17491	1530	780	0	0
30462	8	17491	1530	900	0	0
30463	1	17720	2750	1280	180	1
30463	2	17727	2330	1380	181	3
30463	3	17720	1630	1420	172	1
30463	4	17727	670	780	170	3
30463	5	17727	1270	1380	155	1
30463	6	14644	1390	800	0	0
30463	7	14646	1470	800	0	0
30463	8	40086	1350	860	0	0
30463	9	40086	1510	860	0	0
30463	10	12002	1570	780	0	0
30463	11	17491	1570	860	0	0
30463	12	12135	1290	780	0	0
30463	13	17491	1290	860	0	0
30464	1	46117	1170	740	193	3
30464	2	46118	610	860	192	1
30464	3	46117	1070	1300	221	3
30464	4	46118	1030	2060	165	3
30464	5	46117	590	1380	142	3
30465	1	17720	2870	540	168	3
30465	2	17727	2650	1380	207	3
30465	3	17720	2270	1080	185	3
30465	4	17727	1590	1400	184	1
30465	5	17720	730	1340	218	3
30466	1	46119	570	500	181	3
30466	2	46120	1070	880	218	3
30466	3	46119	650	1360	208	3
30466	4	14644	1310	460	0	0
30466	5	17727	1210	360	0	0
30466	6	17723	1270	400	0	0
30466	7	17728	1390	400	0	0
30466	8	17724	1330	360	0	0
30467	1	17723	530	380	0	0
30467	2	17725	610	380	0	0
30467	3	14652	570	340	0	0
30467	4	12028	330	580	0	0
30467	5	17491	270	580	0	0
30467	6	17491	310	460	0	0
30467	7	17491	370	500	0	0
30467	8	17491	390	440	0	0
30467	9	14654	470	520	0	0
30467	10	17729	550	520	0	0
30467	11	17729	530	460	0	0
30467	12	17729	470	440	0	0
30467	13	30005	470	380	0	0
30467	14	30005	590	400	0	0
30467	15	30005	630	500	0	0
30467	16	17717	510	560	0	0
30467	17	17720	450	540	0	0
30467	18	17721	410	500	0	0
30471	1	17714	990	500	0	0
30471	2	14652	990	500	0	0
30471	3	12040	590	860	0	0
30471	4	17491	490	860	0	0
30471	5	17491	510	880	0	0
30471	6	17491	530	920	0	0
30471	7	17491	570	940	0	0
30471	8	17491	650	940	0	0
30471	9	17491	610	940	0	0
30471	10	14644	710	740	0	0
30471	11	14656	770	760	0	0
30471	12	17729	830	720	0	0
30471	13	17729	870	660	0	0
30471	14	17729	910	700	0	0
30471	15	14650	330	1000	0	0
30471	16	14649	390	1040	0	0
30471	17	17770	370	920	0	0
30471	18	17770	430	960	0	0
30471	19	17770	490	1020	0	0
30472	1	15102	370	440	0	0
30473	1	14650	830	240	0	0
30473	2	14649	890	280	0	0
30473	3	17770	950	200	0	0
30473	4	17770	950	320	0	0
30473	5	14650	210	240	0	0
30473	6	14649	270	280	0	0
30473	7	17770	330	200	0	0
30473	8	17770	330	320	0	0
30473	9	14652	450	160	0	0
30473	10	17713	530	200	0	0
30473	11	17713	590	240	0	0
30474	1	17729	930	420	0	0
30481	1	14669	750	800	0	0
30481	2	17716	830	800	0	0
30481	3	28066	690	900	0	0
30481	4	28066	750	900	0	0
30481	5	14652	890	780	0	0
30481	6	14652	610	780	0	0
30481	7	17491	1090	280	0	0
30481	8	17491	1190	240	0	0
30481	9	12040	1150	320	0	0
30481	10	12028	1210	300	0	0
30481	11	14644	1270	400	0	0
30481	12	40091	1250	380	0	0
30481	13	40088	1330	400	0	0
30481	14	40089	1230	440	0	0
30481	15	40092	1210	500	0	0
30481	16	40092	1270	500	0	0
30481	17	40092	1330	460	0	0
30481	18	40092	1390	420	0	0
30481	19	14644	1190	340	0	0
30482	1	28064	610	580	185	3
30482	2	28065	1170	620	179	1
30482	3	28064	790	940	169	3
30482	4	28065	1170	1220	163	1
30482	5	28064	670	1380	165	1
30482	6	14644	1010	1560	0	0
30482	7	14646	1050	1520	0	0
30482	8	40093	1190	1540	0	0
30482	9	40093	1130	1560	0	0
30482	10	40093	1050	1600	0	0
30482	11	40093	970	1620	0	0
30482	12	12103	910	1420	0	0
30482	13	12135	850	1460	0	0
30482	14	17491	830	1520	0	0
30482	15	17491	830	1620	0	0
30482	16	17491	990	1380	0	0
30482	17	17491	1070	1380	0	0
30482	18	14644	1010	1560	0	0
30483	1	14659	550	660	0	0
30483	2	14670	530	820	0	0
30483	3	14669	670	560	0	0
30483	4	17712	670	700	0	0
30483	5	17712	430	740	0	0
30483	6	17712	650	880	0	0
30483	7	17712	830	1000	0	0
30483	8	17712	1070	980	0	0
30483	9	14659	550	660	0	0
30483	10	40088	1110	1040	0	0
30483	11	40091	1110	960	0	0
30483	12	40089	1150	980	0	0
30483	13	40092	1270	980	0	0
30483	14	40092	1210	940	0	0
30483	15	40092	1230	1000	0	0
30483	16	40092	1190	1060	0	0
30483	17	12040	970	940	0	0
30483	18	30005	1330	940	0	0
30483	19	30005	1370	1020	0	0
30483	20	30005	1290	1060	0	0
30483	21	12001	910	960	0	0
30483	22	12028	890	1000	0	0
30483	23	17491	910	900	0	0
30483	24	17491	850	940	0	0
30483	25	12028	1290	1000	0	0
30483	26	17491	1270	940	0	0
30483	27	17491	1210	1000	0	0
30483	28	12001	1270	1000	0	0
30483	29	14652	1310	980	0	0
30511	1	25208	250	1060	0	0
30511	2	25211	290	180	0	0
30511	3	25214	1470	880	0	0
30512	1	25208	1110	1060	0	0
30512	2	25211	1930	1060	0	0
30512	3	25214	1110	400	0	0
30513	1	25209	290	400	0	0
30513	2	25212	630	280	0	0
30514	1	25209	590	280	0	0
30514	2	25215	270	440	0	0
30515	1	25210	1050	900	0	0
30515	2	25213	1490	340	0	0
30515	3	25216	230	440	0	0
30516	1	25209	1430	900	0	0
30516	2	25212	1030	240	0	0
30516	3	25215	1930	440	0	0
30517	1	25208	530	440	0	0
30517	2	25211	1030	240	0	0
30517	3	25214	1370	440	0	0
30518	1	25210	650	380	0	0
30518	2	25213	290	280	0	0
30519	1	25210	1350	440	0	0
30519	2	25215	290	120	0	0
30519	3	25213	530	440	0	0
30521	1	25217	610	920	0	0
30521	2	25221	1410	920	0	0
30521	3	25223	1130	200	0	0
30522	1	25218	590	200	0	0
30522	2	25220	250	180	0	0
30522	3	25224	190	480	0	0
30523	1	25225	630	500	0	0
30523	2	25222	190	500	0	0
30523	3	25219	590	200	0	0
30524	1	25225	1110	220	0	0
30524	2	25222	650	300	0	0
30524	3	25219	1470	520	0	0
30525	1	25218	1130	220	0	0
30525	2	25220	1490	520	0	0
30525	3	25224	450	300	0	0
30526	1	25223	270	180	0	0
30526	2	25221	630	940	0	0
30526	3	25217	1110	1500	0	0
30527	1	25217	1250	380	0	0
30527	2	25221	2010	300	0	0
30527	3	25223	890	280	0	0
30528	1	25218	1150	300	0	0
30528	2	25220	1970	860	0	0
30528	3	25224	670	900	0	0
30531	1	25208	1330	340	0	0
30531	2	25208	930	1600	0	0
30531	3	25211	1350	1680	0	0
30531	4	25211	610	900	0	0
30531	5	25208	670	2860	0	0
30531	6	25214	210	1060	0	0
30531	7	25214	610	2240	0	0
30531	8	25214	210	3100	0	0
30532	1	25208	170	500	0	0
30532	2	25211	610	500	0	0
30532	3	25214	210	240	0	0
30533	1	25208	510	420	0	0
30533	2	25211	310	720	0	0
30533	3	25214	510	1060	0	0
30534	1	25208	530	880	0	0
30534	2	25211	250	1200	0	0
30534	3	25214	2010	1180	0	0
30535	1	25209	610	220	0	0
30535	2	25212	650	520	0	0
30535	3	25216	170	500	0	0
30536	1	25209	630	260	0	0
30536	2	25212	210	420	0	0
30536	3	25216	490	920	0	0
30537	1	25209	270	260	0	0
30537	2	25212	1210	420	0	0
30537	3	25216	550	560	0	0
30538	1	25209	650	260	0	0
30538	2	25216	190	1780	0	0
30538	3	25212	1270	1720	0	0
30538	4	25212	1330	1060	0	0
30539	1	25210	1250	340	0	0
30539	2	25210	230	1600	0	0
30539	3	25213	690	1840	0	0
30539	4	25213	1870	1820	0	0
30539	5	25215	2330	1580	0	0
30539	6	25215	1170	1360	0	0
30551	1	15407	2310	240	0	0
30551	2	17716	510	300	0	0
30556	1	15413	1490	900	0	0
30556	2	14667	1410	900	0	0
30559	1	28061	1450	240	0	0
30559	2	28061	1530	280	0	0
30559	3	15411	1370	280	0	0
30562	1	17711	1210	1540	0	0
30562	2	17711	1290	1540	0	0
30562	3	17712	1130	1700	0	0
30562	4	17712	1210	1700	0	0
30562	5	17712	1290	1700	0	0
30562	6	17712	1370	1700	0	0
30562	7	17712	1430	1600	0	0
30562	8	17711	2930	520	0	0
30562	9	17712	2770	320	0	0
30562	10	17712	2830	360	0	0
30562	11	17712	3030	320	0	0
30562	12	17712	3090	360	0	0
30563	1	16087	1490	280	0	0
30564	1	14662	1010	360	0	0
30564	2	28063	1190	260	0	0
30564	3	28063	1490	280	0	0
30564	4	28061	1250	540	0	0
30564	5	28061	1430	420	0	0
30572	1	14653	430	1820	0	0
30572	2	28064	610	1780	0	0
30573	1	16090	2310	260	0	0
30574	1	14666	1450	1560	0	0
30574	2	14667	1370	1540	0	0
30574	3	17729	1150	1600	0	0
30574	4	17729	1210	1640	0	0
30574	5	17729	1370	1680	0	0
30574	6	17729	1430	1720	0	0
30574	7	17729	1190	1760	0	0
30574	8	17729	1250	1800	0	0
30576	1	14664	1210	220	0	0
30581	1	14665	2210	1180	0	0
30582	1	28061	310	240	0	0
30582	2	28062	430	260	0	0
30582	3	15407	490	480	0	0
30582	4	15408	570	520	0	0
30584	1	14658	430	240	0	0
30591	1	25210	610	240	0	0
30591	2	25213	610	500	0	0
30591	3	25215	150	460	0	0
30592	1	25210	230	1200	0	0
30592	2	25213	2170	1060	0	0
30592	3	25215	1330	340	0	0
30601	1	25208	530	600	0	0
30601	2	25212	330	320	0	0
30601	3	25223	330	900	0	0
30602	1	25209	590	200	0	0
30602	2	25211	210	220	0	0
30602	3	25215	150	500	0	0
30602	4	12143	30	80	0	0
30602	5	12144	70	80	0	0
30602	6	40075	350	420	0	0
30602	7	40076	450	420	0	0
30603	1	25210	630	300	0	0
30603	2	25213	570	300	0	0
30603	3	25216	150	300	0	0
30604	1	25209	1190	300	0	0
30604	2	25211	1110	300	0	0
30604	3	25215	430	300	0	0
30604	4	12144	30	80	0	0
30604	5	40075	970	340	0	0
30604	6	40075	970	400	0	0
30605	1	25208	1070	300	0	0
30605	2	25212	1970	220	0	0
30605	3	25214	1450	920	0	0
30605	4	40075	970	400	0	0
30605	5	40075	970	340	0	0
30605	6	12144	30	80	0	0
30606	1	25209	410	300	0	0
30606	2	25211	1130	220	0	0
30606	3	25215	1490	520	0	0
30607	1	25210	470	300	0	0
30607	2	25213	1310	300	0	0
30607	3	25216	910	280	0	0
30607	4	12144	30	80	0	0
30607	5	40075	710	320	0	0
30607	6	40075	710	380	0	0
30608	1	25210	370	300	0	0
30608	2	25213	750	300	0	0
30608	3	25216	1170	300	0	0
30608	4	40076	530	340	0	0
30608	5	40076	530	400	0	0
30608	6	12143	30	80	0	0
30609	1	25210	530	580	0	0
30609	2	25213	1030	940	0	0
30609	3	25216	1090	220	0	0
30609	4	12143	30	80	0	0
30609	5	40076	430	1060	0	0
30609	6	40076	390	1120	0	0
30610	1	25208	590	200	0	0
30610	2	25212	230	180	0	0
30610	3	25214	150	260	0	0
30611	1	25209	490	300	0	0
30611	2	25211	1310	300	0	0
30611	3	25215	890	280	0	0
30611	4	40076	770	340	0	0
30611	5	40076	810	380	0	0
30611	6	12143	30	80	0	0
30612	1	25208	610	200	0	0
30612	2	25212	230	180	0	0
30612	3	25214	190	500	0	0
30612	4	12143	30	80	0	0
30612	5	40075	450	220	0	0
30612	6	40076	490	260	0	0
30612	7	40076	570	300	0	0
30612	8	40075	550	220	0	0
30612	9	40077	530	280	0	0
30612	10	12144	70	80	0	0
30613	1	25208	630	200	0	0
30613	2	25212	210	1540	0	0
30613	3	25214	1070	940	0	0
30613	4	40076	1210	580	0	0
30613	5	40076	1310	580	0	0
30613	6	12143	30	80	0	0
30613	7	40076	1750	320	0	0
30613	8	40076	1750	400	0	0
30613	9	40076	2030	780	0	0
30613	10	40076	2130	780	0	0
30613	11	12144	70	80	0	0
30801	1	14650	350	520	0	0
30801	2	14649	430	540	0	0
30801	3	17770	290	520	0	0
30801	4	17770	390	580	0	0
30801	5	17770	330	580	0	0
30801	6	17770	270	580	0	0
30801	7	14651	470	420	0	0
30801	8	17772	530	400	0	0
30801	9	17772	470	360	0	0
30801	10	17772	530	340	0	0
30803	1	28061	610	1980	154	3
30803	2	28061	1110	1540	199	3
30803	3	28061	630	1140	237	3
30803	4	17725	690	1540	305	3
30803	5	17725	1010	2140	190	1
30803	6	17725	1090	1240	146	3
30804	1	17729	910	400	0	0
30805	1	14651	550	380	0	0
30811	1	14650	530	460	0	0
30811	2	14649	450	440	0	0
30811	3	17770	390	400	0	0
30811	4	17770	470	360	0	0
30812	1	28062	1730	540	207	3
30812	2	17716	1650	960	150	3
30812	3	17716	1130	900	203	3
30812	4	28062	1350	560	209	1
30815	1	14650	550	400	0	0
30822	1	17725	1150	820	233	3
30822	2	17725	2090	540	213	3
30822	3	17719	2470	900	214	1
30822	4	17725	1670	920	215	3
30822	5	17719	570	560	209	3
30823	1	14654	730	720	0	0
30823	2	28061	450	820	0	0
30823	3	28061	970	720	0	0
30823	4	28061	410	520	0	0
30825	1	14655	550	420	0	0
30825	2	17729	430	660	0	0
30825	3	17729	710	660	0	0
30831	1	17717	1130	1520	205	1
30831	2	17717	610	1660	238	3
30831	3	17723	890	2180	224	3
30831	4	17723	710	1120	239	3
30831	5	14648	450	460	0	0
30831	6	14650	470	560	0	0
30831	7	17770	510	600	0	0
30831	8	17770	430	600	0	0
30831	9	17770	550	600	0	0
30831	10	17770	390	600	0	0
30831	11	14649	450	420	0	0
30832	1	28063	1910	1180	221	3
30832	2	28064	1370	540	211	1
30832	3	28063	650	780	234	1
30832	4	28064	1470	1520	237	3
30832	5	28064	910	1560	198	3
30841	1	17714	1230	520	178	1
30841	2	17714	1710	540	180	3
30841	3	17719	1110	920	188	3
30841	4	17719	1650	940	175	3
30841	5	17719	2270	980	137	3
30841	6	12040	2430	380	0	0
30841	7	12027	2350	340	0	0
30841	8	12001	2370	440	0	0
30842	1	28062	770	740	183	3
30842	2	28062	1210	640	178	1
30842	3	28062	630	1340	184	3
30842	4	17716	1070	1100	197	3
30842	5	17716	1610	1140	189	3
30842	6	17716	1770	1540	187	3
30843	1	28062	970	920	217	1
30843	2	28062	830	520	175	3
30843	3	17719	1390	500	180	3
30843	4	17719	2530	520	211	1
30843	5	28062	2190	900	214	3
30843	6	17719	2730	900	201	1
30844	1	14653	530	480	0	0
30851	1	17722	1510	520	170	1
30851	2	17724	2010	560	162	1
30851	3	17722	1990	1340	140	3
30851	4	17724	1270	880	138	1
30851	5	17722	1110	1260	126	1
30851	6	12001	1690	1440	0	0
30851	7	17491	1610	1460	0	0
30851	8	12027	1670	1560	0	0
30851	9	12040	1810	1440	0	0
30851	10	12028	1750	1600	0	0
30851	11	14644	1990	1640	0	0
30851	12	14660	1930	1680	0	0
30851	13	40086	1990	1720	0	0
30851	14	46123	1870	1660	0	0
30851	15	46132	1810	1700	0	0
30851	16	46120	1950	1600	0	0
30851	17	46121	2010	1560	0	0
30851	18	40086	2050	1680	0	0
30851	19	14645	1770	1520	0	0
30851	20	12040	730	1540	0	0
30851	21	12027	810	1600	0	0
30851	22	17491	770	1460	0	0
30851	23	17491	910	1580	0	0
30851	24	14645	550	960	0	0
30851	25	14662	630	940	0	0
30851	26	14664	490	920	0	0
30851	27	14665	510	860	0	0
30851	28	40086	410	940	0	0
30851	29	40086	530	1040	0	0
30851	30	12027	730	780	0	0
30851	31	17491	810	720	0	0
30851	32	12040	770	740	0	0
30851	33	12027	1870	1040	0	0
30851	34	12040	1950	1040	0	0
30851	35	14645	1910	940	0	0
30851	36	14664	1870	900	0	0
30851	37	14665	1950	900	0	0
30851	38	40086	1830	920	0	0
30851	39	40086	1990	920	0	0
30851	40	12028	1910	820	0	0
30851	41	17491	1850	800	0	0
30851	42	17491	1970	800	0	0
30851	43	17491	2030	1020	0	0
30851	44	17491	1790	1020	0	0
30851	45	12001	850	560	0	0
30851	46	12040	930	560	0	0
30851	47	12027	790	600	0	0
30851	48	17491	970	680	0	0
30851	49	40087	850	680	0	0
30851	50	12001	690	1620	0	0
30851	51	17491	630	1620	0	0
30851	52	17491	710	1680	0	0
30851	53	12027	850	1500	0	0
30851	54	12028	930	1580	0	0
30851	55	12040	810	1480	0	0
30851	56	12102	770	1440	0	0
30851	57	12103	730	1420	0	0
30851	58	12135	950	1600	0	0
30851	59	14652	890	1540	0	0
30851	60	14644	770	1560	0	0
30851	61	14645	730	1520	0	0
30851	62	14646	830	1600	0	0
30851	63	17491	770	1500	0	0
30851	64	17491	810	1540	0	0
30851	65	17491	850	1580	0	0
30851	66	12027	630	1680	0	0
30851	67	14652	630	1680	0	0
30851	68	12028	630	1680	0	0
30851	69	14644	630	1680	0	0
30851	70	12040	630	1680	0	0
30851	71	12102	630	1680	0	0
30851	72	12103	630	1680	0	0
30851	73	12027	850	1500	0	0
30851	74	14662	30	480	0	0
30851	75	14645	30	560	0	0
30851	76	14645	330	260	0	0
30851	77	12028	410	360	0	0
30851	78	17491	390	460	0	0
30851	79	17491	430	440	0	0
30851	80	17491	470	420	0	0
30851	81	17491	510	400	0	0
30851	82	17491	550	380	0	0
30851	83	12040	450	680	0	0
30851	84	17491	370	740	0	0
30851	85	17491	410	740	0	0
30851	86	17491	450	740	0	0
30851	87	17491	490	740	0	0
30851	88	17491	530	740	0	0
30851	89	12027	1950	1160	0	0
30851	90	17491	1830	1220	0	0
30851	91	17491	1890	1220	0	0
30851	92	17491	1950	1220	0	0
30851	93	17491	2010	1220	0	0
30851	94	17491	2070	1220	0	0
30851	95	17491	2130	1900	0	0
30851	96	17491	2190	1900	0	0
30851	97	17491	2250	1880	0	0
30851	98	17491	2290	1860	0	0
30851	99	12001	2210	1860	0	0
30851	100	14662	2150	1680	0	0
30852	1	46121	570	620	162	1
30852	2	46121	2050	520	108	3
30852	3	46122	1250	500	161	1
30852	4	46121	930	940	160	1
30852	5	46122	1550	900	168	3
30853	1	46123	530	660	157	1
30853	2	46124	1010	920	149	3
30853	3	46123	1210	500	166	3
30853	4	46124	1730	540	165	3
30853	5	46123	1690	920	178	1
30853	6	46124	2850	760	128	3
30861	1	28063	490	720	153	1
30861	2	28063	1310	600	153	3
30861	3	28063	1790	520	153	1
30861	4	17718	1010	960	153	3
30861	5	17718	1670	960	178	3
30862	1	17722	770	720	196	3
30862	2	17724	1270	580	194	1
30862	3	17722	810	1200	199	1
30862	4	17724	1430	1080	186	3
30862	5	17722	1870	1440	186	3
30863	1	17714	970	2120	224	3
30863	2	17714	930	1540	268	3
30863	3	17714	630	1120	183	3
30863	4	17719	1090	1300	190	3
30863	5	17719	710	1780	204	3
30871	1	17721	1090	1180	241	3
30871	2	17728	1150	2720	192	3
30871	3	17728	1110	1880	228	1
30871	4	17728	590	1480	234	3
30871	5	17721	550	2740	189	3
30872	1	28061	610	3180	167	1
30872	2	28061	1190	2460	158	3
30872	3	28061	630	2760	193	1
30872	4	28061	1170	1960	205	3
30872	5	28061	590	1040	198	3
30872	6	17725	990	3440	187	3
30872	7	17725	1150	2960	178	3
30872	8	17725	750	1980	170	3
30872	9	17725	1110	1200	189	3
30872	10	17725	1150	780	186	1
30873	1	12144	1250	600	0	0
30873	2	12143	1330	660	0	0
30874	1	12139	790	480	0	0
30874	2	12140	610	460	0	0
30874	3	12141	490	520	0	0
30874	4	12142	950	700	0	0
30882	1	15415	390	340	0	0
30882	2	15416	430	380	0	0
30882	3	15419	730	220	0	0
30882	4	23003	850	560	0	0
30882	5	15416	950	640	0	0
30882	6	15049	1110	540	0	0
30891	1	17726	570	620	168	1
30891	2	17729	990	880	187	3
30891	3	17726	2370	840	187	3
30891	4	17729	2770	580	157	3
30891	5	17726	3690	700	169	1
30891	6	14652	3830	280	0	0
30891	7	14652	2990	960	0	0
30891	8	14652	1230	1060	0	0
30891	9	17491	3390	420	0	0
30891	10	17491	2630	400	0	0
30891	11	17491	2490	420	0	0
30891	12	17491	1890	1120	0	0
30891	13	17491	1230	420	0	0
30891	14	17491	270	720	0	0
30891	15	17491	1970	440	0	0
30891	16	17491	1610	520	0	0
30891	17	17491	1410	960	0	0
30891	18	17491	3190	1080	0	0
30892	1	17715	610	940	210	1
30892	2	17715	610	1660	152	1
30892	3	17715	950	2640	182	3
30892	4	28066	970	1340	193	3
30892	5	28066	1010	1860	180	3
30892	6	12002	570	3020	0	0
30892	7	17491	1410	1380	0	0
30892	8	17491	1430	2960	0	0
30892	9	17491	910	900	0	0
30892	10	17491	390	2380	0	0
30892	11	17491	290	2000	0	0
30892	12	17491	1370	2060	0	0
30892	13	17491	790	400	0	0
30892	14	17491	270	700	0	0
30892	15	17491	350	1180	0	0
30892	16	12002	290	1180	0	0
30892	17	12002	1070	2440	0	0
30892	18	17491	1130	2420	0	0
30893	1	17491	890	900	0	0
30893	2	17491	1150	800	0	0
30893	3	17491	1010	700	0	0
30893	4	17491	930	740	0	0
30893	5	17491	890	700	0	0
30893	6	17491	970	660	0	0
30893	7	17491	890	640	0	0
30894	1	27155	790	360	0	0
30894	2	17491	330	380	0	0
30894	3	17491	310	420	0	0
30894	4	12001	390	420	0	0
30894	5	12002	50	520	0	0
30894	6	14652	110	560	0	0
30894	7	27155	190	480	0	0
30901	1	17722	1890	1480	241	1
30901	2	17728	1510	980	177	3
30901	3	17728	1050	700	209	1
30901	4	12001	490	1400	0	0
30901	5	17491	570	1380	0	0
30901	6	17491	430	1440	0	0
30901	7	14644	710	1560	0	0
30901	8	40086	690	1620	0	0
30901	9	23005	570	1500	0	0
30901	10	12040	710	1460	0	0
30901	11	23005	570	1500	0	0
30901	12	12040	30	1400	0	0
30902	1	17728	1910	680	246	3
30902	2	17722	1290	740	242	3
30902	3	17728	650	960	249	1
30902	4	17722	1070	1440	211	3
30902	5	15415	550	480	0	0
30902	6	12001	2150	1500	0	0
30902	7	12040	2050	1380	0	0
30902	8	12102	1890	1380	0	0
30902	9	12002	1810	1380	0	0
30902	10	12135	1650	1380	0	0
30902	11	12045	1730	1380	0	0
30902	12	12027	2050	1620	0	0
30902	13	12018	1890	1620	0	0
30902	14	14652	1970	1620	0	0
30902	15	12044	1810	1620	0	0
30902	16	12019	1730	1620	0	0
30902	17	12028	1970	1380	0	0
30902	18	17491	1870	1500	0	0
30902	19	14646	1970	1500	0	0
30902	20	14646	2470	1500	0	0
30902	21	14644	1970	1500	0	0
30902	22	14644	1970	1500	0	0
30902	23	12139	1810	1500	0	0
30902	24	12140	1810	1440	0	0
30902	25	12141	1810	1560	0	0
30902	26	12142	1750	1500	0	0
30902	27	12143	1750	1440	0	0
30902	28	12144	1750	1560	0	0
30902	29	14646	1970	1440	0	0
30902	30	14657	1970	1560	0	0
30903	1	15417	450	240	0	0
30903	2	15418	410	340	0	0
30903	3	15419	330	360	0	0
30903	4	15415	590	300	0	0
30903	5	15416	630	460	0	0
30903	6	15416	630	460	0	0
30903	7	15418	410	340	0	0
30903	8	15444	350	200	0	0
30903	9	15444	390	180	0	0
30903	10	15444	430	160	0	0
30911	1	17718	1610	740	231	3
30911	2	17724	2090	1220	248	3
30911	3	17718	670	1560	174	3
30911	4	17724	1050	2120	228	1
30911	5	17724	2550	2140	233	3
30911	6	17718	1770	2200	181	3
30911	7	17724	2270	720	231	1
30911	8	17718	990	1240	176	3
30912	1	14657	2130	400	0	0
30912	2	14644	2170	420	0	0
30912	3	14646	2210	440	0	0
30912	4	12139	2050	500	0	0
30912	5	12140	2010	480	0	0
30912	6	12141	2090	520	0	0
30912	7	12142	2010	540	0	0
30912	8	12143	1970	520	0	0
30912	9	12144	2050	560	0	0
30912	10	15299	2070	460	0	0
30912	11	15299	2110	500	0	0
30912	12	12141	2150	460	0	0
30912	13	12142	2110	420	0	0
30921	1	17723	2630	920	204	3
30921	2	17723	1790	760	172	3
30921	3	17727	670	620	158	3
30921	4	17727	910	940	158	3
30922	1	14660	410	260	0	0
30922	2	17729	590	280	0	0
30922	3	28034	450	160	0	0
30922	4	28041	390	200	0	0
30922	5	28059	330	240	0	0
30922	6	28061	250	280	0	0
30922	7	14660	410	260	0	0
30931	1	15121	2130	1620	0	0
30931	2	15102	2050	1640	0	0
30931	3	15138	2070	1580	0	0
30931	4	27162	1590	1580	0	0
30931	5	15138	1470	1760	0	0
30931	6	27162	2310	320	0	0
30931	7	15138	2310	480	0	0
30931	8	27162	810	280	0	0
30931	9	15138	730	380	0	0
30931	10	27162	350	880	0	0
30931	11	15138	350	780	0	0
30931	12	27163	270	1800	0	0
30931	13	15138	330	1740	0	0
30931	14	15102	350	1680	0	0
30931	15	15121	410	1700	0	0
30932	1	46130	1910	660	196	3
30932	2	46132	1350	580	191	1
30932	3	46130	710	640	209	1
30932	4	46132	770	1200	232	1
30932	5	46130	1350	1540	196	3
30932	6	46132	2030	1200	182	3
30934	1	46129	670	620	198	1
30934	2	46131	1290	560	198	1
30934	3	46129	1950	760	207	1
30934	4	46131	1810	1320	225	3
30934	5	46129	1150	1500	232	3
30934	6	46131	650	1140	222	3
30941	1	14644	230	400	0	0
30941	2	14656	250	460	0	0
30941	3	17729	170	440	0	0
30941	4	17729	210	500	0	0
30941	5	12027	330	360	0	0
30941	6	17491	370	300	0	0
30941	7	17491	390	340	0	0
30942	1	12002	3090	400	0	0
30942	2	12044	3150	400	0	0
30942	3	17491	3050	440	0	0
30942	4	17491	3130	440	0	0
30942	5	17723	3150	240	0	0
30942	6	17724	3190	240	0	0
30942	7	17725	3150	180	0	0
30942	8	17728	3190	180	0	0
30942	9	14644	3150	280	0	0
30942	10	14656	3190	280	0	0
30942	11	12002	2010	860	0	0
30942	12	12044	2010	920	0	0
30942	13	17491	1930	840	0	0
30942	14	17491	1930	940	0	0
30942	15	14644	2130	920	0	0
30942	16	14656	2130	860	0	0
30942	17	17723	2190	820	0	0
30942	18	17724	2190	860	0	0
30942	19	17725	2190	900	0	0
30942	20	17728	2190	940	0	0
30942	21	12002	530	980	0	0
30942	22	12044	470	1020	0	0
30942	23	17491	590	1020	0	0
30942	24	17491	530	1060	0	0
30942	25	14644	650	900	0	0
30942	26	14656	710	920	0	0
30942	27	17723	670	840	0	0
30942	28	17724	710	860	0	0
30942	29	17725	750	880	0	0
30942	30	17728	790	900	0	0
30942	31	12103	750	780	0	0
30942	32	12102	810	820	0	0
30942	33	17491	750	720	0	0
30942	34	17491	790	740	0	0
30942	35	17491	830	760	0	0
30942	36	17491	870	780	0	0
30942	37	17491	910	800	0	0
30942	38	17723	1230	560	0	0
30942	39	17717	1290	520	0	0
30942	40	17717	1290	600	0	0
30942	41	17724	1590	860	0	0
30942	42	17718	1550	920	0	0
30942	43	17718	1630	920	0	0
30942	44	17719	2790	880	0	0
30942	45	17719	2790	980	0	0
30942	46	17725	2730	920	0	0
30942	47	17728	2990	600	0	0
30942	48	17722	2930	560	0	0
30942	49	17722	3050	560	0	0
30942	50	14644	3150	1120	0	0
30942	51	17727	3090	1220	0	0
30942	52	17723	3210	1180	0	0
30942	53	17728	3150	1200	0	0
30942	54	17724	3270	1160	0	0
30942	55	12040	3150	1120	0	0
30942	56	17491	3130	1200	0	0
30942	57	17491	3210	1180	0	0
30942	58	14644	3050	860	0	0
30942	59	14698	3150	1120	0	0
30943	1	17770	1210	620	169	1
30943	2	17770	470	940	157	3
30944	1	12001	370	320	0	0
30944	2	12027	470	340	0	0
30944	3	12040	330	400	0	0
30944	4	12002	690	420	0	0
30944	5	12135	410	540	0	0
30944	6	12103	750	440	0	0
30944	7	12102	470	560	0	0
30944	8	12103	570	420	0	0
30944	9	12102	510	500	0	0
30944	10	14654	610	440	0	0
30944	11	14655	550	520	0	0
30944	12	12044	650	500	0	0
30944	13	17491	470	440	0	0
30944	14	12018	430	400	0	0
30944	15	14652	470	440	0	0
30944	16	12027	330	800	0	0
30944	17	12040	430	800	0	0
30944	18	17770	370	920	0	0
30944	19	14654	30	60	0	0
30944	20	12044	430	400	0	0
30944	21	17723	390	380	0	0
30944	22	17724	430	360	0	0
30944	23	17725	410	420	0	0
30944	24	17728	450	400	0	0
30944	25	17717	450	460	0	0
30944	26	17718	490	440	0	0
30944	27	17719	470	500	0	0
30944	28	17722	510	480	0	0
30944	29	14644	390	380	0	0
30944	30	14656	430	360	0	0
30944	31	14644	490	440	0	0
30944	32	17491	510	480	0	0
30944	33	14654	450	460	0	0
30944	34	14655	490	440	0	0
30944	35	14652	450	400	0	0
30944	36	12080	450	400	0	0
30944	37	12028	410	420	0	0
30944	38	12018	510	360	0	0
30944	39	12080	550	380	0	0
30944	40	12021	350	440	0	0
30944	41	14652	370	480	0	0
30944	42	17774	690	480	0	0
30944	43	14646	650	500	0	0
30944	44	17774	610	540	0	0
30944	45	17774	730	520	0	0
30944	46	17774	690	560	0	0
30944	47	17774	650	580	0	0
30944	48	20001	230	320	0	0
30944	49	20001	270	300	0	0
30944	50	20001	310	280	0	0
30944	51	14646	1190	420	0	0
30944	52	17774	910	480	0	0
30944	53	17774	790	620	0	0
30944	54	17774	590	720	0	0
30944	55	17774	590	480	0	0
30944	56	17774	950	600	0	0
30944	57	14646	1190	420	0	0
30944	58	14644	1110	480	0	0
30944	59	17727	1010	460	0	0
30944	60	17723	1050	540	0	0
30944	61	17728	1290	400	0	0
30944	62	17724	1310	500	0	0
30944	63	12002	1290	1100	0	0
30944	64	17491	1370	1020	0	0
30944	65	17491	1370	1100	0	0
30944	66	17491	1390	1180	0	0
30944	67	14644	1090	960	0	0
30944	68	14698	1310	1100	0	0
30944	69	14644	510	440	0	0
30944	70	14646	450	480	0	0
30944	71	14644	30	60	0	0
30945	1	12002	310	320	0	0
30945	2	12040	390	380	0	0
30945	3	17491	470	380	0	0
30945	4	14654	1430	320	0	0
30945	5	17729	1310	380	0	0
30945	6	17729	1370	400	0	0
30945	7	17729	1430	440	0	0
30945	8	12040	1270	480	0	0
30945	9	12002	1170	480	0	0
30945	10	17491	1290	560	0	0
30946	1	12027	1250	1080	0	0
30946	2	12135	1350	1080	0	0
30946	3	17491	1170	1060	0	0
30946	4	14655	330	660	0	0
30946	5	17729	430	700	0	0
30946	6	17729	390	720	0	0
30946	7	17729	350	740	0	0
30946	8	12027	470	780	0	0
30946	9	12135	550	760	0	0
30946	10	17491	450	860	0	0
30947	1	14653	390	1060	0	0
30947	2	14653	30	60	0	0
30947	3	12027	90	60	0	0
30947	4	12027	430	980	0	0
30947	5	12040	490	1020	0	0
30947	6	17491	430	880	0	0
30947	7	17491	510	920	0	0
30947	8	17491	590	980	0	0
30947	9	12027	1210	520	0	0
30947	10	12040	1290	560	0	0
30947	11	17770	1210	600	0	0
30947	12	17491	1290	460	0	0
30947	13	17491	1350	500	0	0
30947	14	17729	390	400	0	0
30947	15	17729	1390	760	0	0
30947	16	17729	850	620	0	0
30948	1	12002	2910	2140	0	0
30948	2	17491	2710	2160	0	0
30948	3	17491	2710	2240	0	0
30948	4	17491	2850	480	0	0
30948	5	17491	2930	520	0	0
30948	6	12103	3010	440	0	0
30948	7	17491	590	1500	0	0
30948	8	17491	590	1620	0	0
30948	9	12102	390	1560	0	0
30948	10	17491	630	2820	0	0
30948	11	17491	690	2900	0	0
30948	12	12044	550	2940	0	0
30948	13	12001	2990	2680	0	0
30948	14	17491	3050	2720	0	0
30948	15	17491	3050	2800	0	0
30948	16	17491	2930	2720	0	0
30948	17	14644	2970	2780	0	0
30948	18	12028	2970	2780	0	0
30948	19	14652	1690	1320	0	0
30948	20	12028	3170	3060	0	0
30948	21	12027	3170	3060	0	0
30948	22	17491	3110	3160	0	0
30948	23	17491	3290	3120	0	0
30948	24	14644	3110	2840	0	0
30948	25	14698	3170	3060	0	0
30948	26	12028	3290	2600	0	0
30949	1	14644	1630	1360	0	0
30949	2	14646	1690	1400	0	0
30949	3	12028	1810	1480	0	0
30949	4	17491	1530	1340	0	0
30949	5	17491	1670	1240	0	0
30949	6	17491	1790	1360	0	0
31001	1	15158	810	460	0	0
31001	2	15195	110	300	0	0
31001	3	15073	710	720	0	0
31001	4	15014	850	840	0	0
31001	5	15115	670	460	0	0
31001	6	14110	730	420	0	0
31001	7	14110	610	420	0	0
31001	8	15433	990	860	0	0
31001	9	15215	110	800	0	0
31001	10	15116	30	740	0	0
31001	11	15188	250	720	0	0
31001	12	15189	350	820	0	0
31001	13	15190	410	840	0	0
31001	14	15191	350	600	0	0
31001	15	15449	190	740	0	0
31001	16	15146	210	680	0	0
31001	17	14682	290	680	0	0
31001	18	15030	170	780	0	0
31001	19	15030	70	760	0	0
31011	1	15097	630	800	0	0
31011	2	15107	950	440	0	0
31011	3	15296	230	440	0	0
31011	4	16023	1350	780	0	0
31011	5	15131	1550	640	0	0
31021	1	17681	850	280	0	0
31021	2	17705	790	280	0	0
31021	3	28067	790	240	0	0
31061	1	17745	510	540	0	0
31062	1	15022	370	720	0	0
31063	1	15130	470	500	0	0
31064	1	15200	890	620	0	0
31065	1	15158	1050	680	0	0
31066	1	16013	610	200	0	0
31067	1	16021	430	260	0	0
31071	1	15343	330	540	0	0
31071	2	15259	850	800	0	0
31071	3	16044	730	400	0	0
31071	4	15142	30	20	0	0
31072	1	15437	530	300	0	0
31101	1	14683	330	340	0	0
31101	2	14678	490	320	0	0
31130	1	15068	250	320	0	0
31131	1	15146	490	320	0	0
31131	2	15449	570	340	0	0
31132	1	15209	330	340	0	0
31134	1	15225	410	320	0	0
31137	1	17752	330	360	0	0
31138	1	15293	390	340	0	0
31139	1	17744	530	340	0	0
31139	2	17744	430	380	0	0
31140	1	17759	350	360	0	0
31141	1	15326	470	340	0	0
31171	1	15271	490	380	0	0
31171	2	15272	550	400	0	0
31172	1	15104	350	340	0	0
31174	1	15111	410	360	0	0
31176	1	17162	530	360	0	0
31177	1	15138	330	320	0	0
31178	1	15142	550	400	0	0
31179	1	15198	330	380	0	0
31241	1	16018	570	520	0	0
31241	2	14682	710	620	0	0
31242	1	16018	730	520	0	0
31242	2	15168	30	20	0	0
31403	1	46125	770	660	243	3
31403	2	46126	1350	840	216	3
31403	3	46125	650	1140	226	3
31403	4	46126	1890	960	211	1
31403	5	46125	1810	1500	206	3
31403	6	46126	1210	1460	215	1
31404	1	46128	570	720	224	1
31404	2	46127	1830	840	227	3
31404	3	46128	1050	640	208	1
31404	4	46127	550	1500	225	1
31404	5	46128	1130	1420	249	1
31404	6	46127	1790	1400	250	1
31415	1	20002	810	440	0	0
31415	2	15215	890	500	0	0
31415	3	15030	730	500	0	0
31415	4	15030	810	560	0	0
31417	1	17760	770	480	0	0
31417	2	17760	570	540	0	0
31421	1	17751	1750	1500	169	3
31421	2	17753	1970	660	178	3
31421	3	17751	1430	1260	172	1
31421	4	17753	930	1060	183	1
31421	5	17751	850	1500	151	1
31421	6	17753	510	820	166	3
31421	7	17751	1250	740	152	3
31421	8	17753	1990	980	152	3
31424	1	17751	510	860	158	1
31424	2	17753	610	1340	173	3
31424	3	17751	990	1060	184	1
31424	4	17753	1610	780	169	3
31424	5	17751	1450	1240	155	3
31424	6	17753	1750	1520	175	3
31424	7	17751	2010	940	153	1
31424	8	17753	1190	680	147	3
31425	1	17751	650	1520	197	3
31425	2	17753	670	980	215	3
31425	3	17751	1230	540	188	3
31425	4	17753	1850	580	181	1
31425	5	17751	1890	1180	161	1
31425	6	17753	1590	1400	151	1
31425	7	17752	1710	780	0	0
31425	8	17753	1670	740	0	0
31425	9	17751	1630	660	0	0
31425	10	17751	1710	660	0	0
31425	11	17751	1790	660	0	0
31511	1	25226	330	260	0	0
31511	2	25229	490	600	0	0
31511	3	25232	330	880	0	0
31512	1	25232	270	220	0	0
31512	2	25226	330	860	0	0
31512	3	25229	1170	420	0	0
31513	1	25232	1510	1180	0	0
31513	2	25229	1070	900	0	0
31513	3	25226	990	300	0	0
31514	1	25227	630	220	0	0
31514	2	25228	630	520	0	0
31514	3	25231	170	500	0	0
31515	1	25227	270	220	0	0
31515	2	25228	330	1040	0	0
31515	3	25231	190	440	0	0
31516	1	25228	430	440	0	0
31516	2	25227	1510	520	0	0
31516	3	25231	210	1820	0	0
31516	4	25228	310	1500	0	0
31516	5	25227	2230	1100	0	0
31516	6	25231	2310	420	0	0
31517	1	25219	1490	920	0	0
31517	2	25221	1190	1180	0	0
31517	3	25223	590	1060	0	0
31518	1	25223	190	500	0	0
31518	2	25221	270	220	0	0
31518	3	25219	450	220	0	0
31519	1	25219	130	1100	0	0
31519	2	25221	850	1040	0	0
31519	3	25223	310	760	0	0
31520	1	25223	1510	520	0	0
31520	2	25221	1330	500	0	0
31520	3	25219	1110	240	0	0
31521	1	25220	2030	420	0	0
31521	2	25224	1130	440	0	0
31521	3	25225	1310	620	0	0
31522	1	25225	650	520	0	0
31522	2	25224	650	220	0	0
31522	3	25220	230	220	0	0
31523	1	25229	250	560	0	0
31523	2	25233	530	540	0	0
31523	3	25234	570	240	0	0
31524	1	25234	2310	520	0	0
31524	2	25233	1910	300	0	0
31524	3	25229	990	340	0	0
31524	4	25229	1610	1040	0	0
31524	5	25233	590	1060	0	0
31525	1	25233	550	540	0	0
31525	2	25234	190	360	0	0
31525	3	25229	1250	440	0	0
31531	1	17758	410	660	0	0
31533	1	17758	1450	880	0	0
31537	1	17758	2910	660	0	0
31537	2	17768	2910	500	0	0
31537	3	17768	2970	480	0	0
31537	4	17768	2850	480	0	0
31537	5	27197	2910	580	0	0
31537	6	27197	2850	560	0	0
31537	7	27197	2970	560	0	0
31538	1	27197	2090	640	0	0
31538	2	27197	2030	620	0	0
31538	3	27197	2150	620	0	0
31538	4	17768	2090	560	0	0
31538	5	17768	2030	540	0	0
31538	6	17768	2150	540	0	0
31538	7	17758	2090	720	0	0
31539	1	17758	430	460	0	0
31539	2	17768	430	300	0	0
31539	3	17768	490	280	0	0
31539	4	17768	370	280	0	0
31539	5	27197	430	380	0	0
31539	6	27197	490	360	0	0
31539	7	27197	370	360	0	0
31540	1	17766	2070	1380	0	0
31540	2	17767	2010	1360	0	0
31540	3	17768	2130	1360	0	0
31540	4	17766	2090	1020	0	0
31540	5	17767	2030	1000	0	0
31540	6	17768	2150	1000	0	0
31540	7	17766	2090	620	0	0
31540	8	17768	2150	600	0	0
31540	9	17767	2030	600	0	0
31540	10	17766	3330	360	0	0
31540	11	17767	3390	320	0	0
31540	12	17768	3390	400	0	0
31540	13	17766	3630	360	0	0
31540	14	17767	3690	320	0	0
31540	15	17768	3690	400	0	0
31541	1	17766	510	380	0	0
31541	2	17768	550	340	0	0
31541	3	17767	550	420	0	0
31542	1	17768	510	420	0	0
31542	2	17766	510	340	0	0
31542	3	27197	610	380	0	0
31542	4	17766	970	320	0	0
31542	5	17768	970	400	0	0
31542	6	27197	1070	360	0	0
31542	7	17768	1590	960	0	0
31542	8	17766	1590	1040	0	0
31542	9	27197	1690	1000	0	0
31542	10	17766	1890	940	0	0
31542	11	17768	1890	1040	0	0
31542	12	27197	1990	1000	0	0
31543	1	17766	630	320	0	0
31543	2	17768	630	400	0	0
31543	3	27197	730	360	0	0
31544	1	17768	3630	360	0	0
31544	2	14678	3490	400	0	0
31544	3	14682	3490	320	0	0
31544	4	14683	3530	360	0	0
31544	5	17758	3570	320	0	0
31544	6	17758	3570	400	0	0
31544	7	27198	3850	100	0	0
31545	1	17768	390	280	0	0
31545	2	17768	250	320	0	0
31545	3	17768	270	460	0	0
31545	4	17768	390	480	0	0
31545	5	17768	490	280	0	0
31545	6	17768	150	420	0	0
31545	7	27198	1970	220	0	0
31545	8	14678	2130	520	0	0
31545	9	14683	1850	440	0	0
31545	10	17758	2190	460	0	0
31545	11	17758	1850	560	0	0
31545	12	17758	2050	660	0	0
31545	13	17758	1970	660	0	0
31545	14	14682	2010	600	0	0
31806	1	17754	590	760	197	3
31806	2	17755	510	1540	172	3
31806	3	17754	1050	560	182	3
31806	4	17755	1270	920	179	3
31806	5	17754	1290	1500	195	1
31806	6	17755	970	1240	153	1
31807	1	17754	570	960	141	3
31807	2	17755	410	500	163	3
31807	3	17754	1670	320	153	1
31807	4	17755	2030	320	147	3
31808	1	17754	630	540	218	3
31808	2	17755	1910	540	178	3
31808	3	17754	1950	900	179	1
31808	4	17755	2370	860	193	1
31808	5	17754	2850	860	187	3
31808	6	17755	2930	420	171	1
31811	1	14678	710	480	0	0
31811	2	17745	830	740	0	0
31811	3	15169	390	260	0	0
31812	1	14683	330	280	0	0
31812	2	16013	1170	460	0	0
31812	3	16003	1370	740	0	0
31813	1	14678	950	780	0	0
31813	2	14677	910	820	0	0
31813	3	19031	1130	880	0	0
31813	4	14676	870	860	0	0
31813	5	14675	990	740	0	0
31813	6	14683	830	900	0	0
31813	7	40098	770	720	0	0
31813	8	17745	830	620	0	0
31813	9	17746	950	620	0	0
31813	10	17747	730	840	0	0
31813	11	17749	650	720	0	0
31813	12	17745	890	640	0	0
31813	13	17749	850	640	0	0
31813	14	17749	750	740	0	0
31813	15	17749	790	600	0	0
31813	16	17749	670	700	0	0
31813	17	17749	590	660	0	0
31813	18	17749	730	540	0	0
31813	19	17767	1290	560	162	3
31813	20	17766	1910	1000	188	1
31813	21	17767	1950	1480	187	3
31813	22	17766	1410	1400	192	1
31813	23	17767	770	1180	190	3
31813	24	17766	590	580	186	3
31814	1	40094	1230	580	158	3
31814	2	40096	610	940	115	3
31814	3	40096	1190	980	141	3
31814	4	17767	410	780	0	0
31814	5	17767	530	780	0	0
31814	6	17768	470	780	0	0
31814	7	17768	370	680	0	0
31814	8	17767	370	740	0	0
31814	9	17767	370	640	0	0
31814	10	14677	550	660	0	0
31814	11	17747	490	600	0	0
31814	12	17747	610	600	0	0
31814	13	17747	550	600	0	0
31815	1	14682	190	220	0	0
31815	2	40094	490	640	144	3
31815	3	40096	530	980	120	3
31815	4	40094	1130	1000	121	3
31815	5	40096	1210	560	137	3
31816	1	40094	570	920	150	3
31816	2	40096	470	480	128	1
31816	3	17766	730	460	0	0
31816	4	17767	890	480	0	0
31816	5	17767	890	580	0	0
31816	6	17767	670	540	0	0
31816	7	17766	730	600	0	0
31816	8	14676	670	680	0	0
31816	9	17746	630	640	0	0
31816	10	17746	730	660	0	0
31816	11	17746	610	700	0	0
31816	12	17746	730	720	0	0
31817	1	37008	430	380	0	0
31817	2	37008	430	380	0	0
31817	3	19031	750	240	0	0
31817	4	14675	270	220	0	0
31817	5	14675	590	460	0	0
31817	6	17767	810	100	0	0
31817	7	17749	110	140	0	0
31818	1	17766	370	620	0	0
31818	2	17766	430	640	0	0
31818	3	17766	310	600	0	0
31818	4	17766	590	500	0	0
31818	5	17766	530	480	0	0
31818	6	17766	470	460	0	0
31818	7	17766	770	380	0	0
31818	8	17766	810	420	0	0
31818	9	17766	770	460	0	0
31818	10	17768	1170	360	0	0
31818	11	17768	1170	440	0	0
31818	12	40098	1070	380	0	0
31819	1	17768	530	660	182	1
31819	2	17768	970	880	143	3
31819	3	17766	670	920	139	1
31819	4	17749	1290	1140	0	0
31819	5	17749	530	460	0	0
31819	6	17749	410	960	0	0
31819	7	40099	1630	80	0	0
31820	1	17766	730	680	199	3
31820	2	17768	830	1160	186	3
31820	3	17766	1050	1540	166	1
31820	4	17768	1770	1500	175	3
31820	5	17766	1910	1120	176	3
31820	6	17768	1550	820	157	3
31820	7	41429	270	1640	0	0
31820	8	14683	270	1700	0	0
31820	9	41431	310	1760	0	0
31820	10	41432	390	1780	0	0
31820	11	41433	450	1780	0	0
31820	12	17745	450	1600	0	0
31820	13	17749	230	1780	0	0
31820	14	17749	1170	1260	0	0
31820	15	17749	2230	1160	0	0
31820	16	17749	970	320	0	0
31820	17	37014	1930	620	0	0
31820	18	40099	1890	660	0	0
31820	19	40099	1890	660	0	0
31820	20	14675	1870	780	0	0
31820	21	17767	2470	80	0	0
31821	1	17749	330	340	0	0
31821	2	17749	1130	980	0	0
31821	3	17749	1330	400	0	0
31821	4	17766	810	600	185	1
31821	5	17766	810	880	158	3
31821	6	17768	1190	720	135	3
31821	7	40099	1610	100	0	0
31822	1	40100	450	440	0	0
31822	2	40101	310	580	0	0
31822	3	17768	810	320	0	0
31822	4	17768	750	380	0	0
31822	5	17768	950	460	0	0
31823	1	17765	450	360	0	0
31823	2	17768	550	400	0	0
31823	3	17768	350	400	0	0
31823	4	17768	550	480	0	0
31823	5	17768	350	480	0	0
31823	6	41429	590	460	0	0
31823	7	41431	510	500	0	0
31823	8	41433	450	500	0	0
31823	9	14683	390	500	0	0
31823	10	41432	310	460	0	0
31823	11	40103	450	360	0	0
32002	1	17749	1050	780	0	0
32002	2	17749	850	860	0	0
32002	3	17748	870	420	0	0
32002	4	15436	250	480	0	0
32002	5	17765	410	540	0	0
32002	6	17768	490	540	0	0
32002	7	17766	430	600	0	0
32002	8	17750	850	620	0	0
32002	9	16095	590	600	0	0
32002	10	14680	430	780	0	0
32002	11	15438	590	380	0	0
32002	12	15434	650	460	0	0
32002	13	15430	550	400	0	0
32002	14	15431	630	500	0	0
32002	15	15432	730	440	0	0
32002	16	17764	710	500	0	0
32011	1	16097	910	900	0	0
32011	2	16098	1070	620	0	0
32011	3	28067	1010	440	0	0
32011	4	28067	1090	520	0	0
32011	5	28067	770	420	0	0
32011	6	15435	450	740	0	0
32011	7	15433	290	860	0	0
32011	8	15430	350	720	0	0
32011	9	15431	270	760	0	0
32011	10	15432	430	880	0	0
32011	11	15438	490	840	0	0
32011	12	17766	310	700	0	0
32011	13	17767	190	700	0	0
32011	14	17767	350	860	0	0
32011	15	17767	190	820	0	0
32011	16	17767	230	860	0	0
32011	17	17767	270	900	0	0
32011	18	17767	310	940	0	0
32011	19	17767	150	780	0	0
32011	20	17767	110	820	0	0
32011	21	17767	150	860	0	0
32011	22	17767	230	940	0	0
32011	23	17767	110	740	0	0
32011	24	17767	70	780	0	0
32011	25	17767	190	900	0	0
32011	26	17767	270	780	0	0
32011	27	14677	250	660	0	0
32011	28	14686	210	620	0	0
32011	29	17768	70	780	0	0
32011	30	17768	110	820	0	0
32011	31	17768	150	860	0	0
32011	32	17768	190	900	0	0
32011	33	17768	230	940	0	0
32021	1	15430	710	600	0	0
32021	2	17746	170	800	0	0
32021	3	17746	310	920	0	0
32021	4	15439	750	380	0	0
32021	5	16094	230	420	0	0
32021	6	16043	450	360	0	0
32021	7	17767	270	740	0	0
32021	8	17766	330	780	0	0
32021	9	17768	390	820	0	0
32021	10	14676	270	780	0	0
32021	11	14681	330	820	0	0
32101	1	14677	310	360	0	0
32101	2	14686	410	500	0	0
32102	1	14676	590	340	0	0
32102	2	14681	630	400	0	0
32102	3	15433	430	400	0	0
32102	4	15438	490	460	0	0
32103	1	14675	450	340	0	0
32103	2	14679	570	340	0	0
32131	1	14686	410	400	0	0
32132	1	15431	630	320	0	0
32133	1	14679	550	340	0	0
32134	1	27176	430	300	0	0
32201	1	16097	370	360	0	0
32241	1	16084	530	360	0	0
32261	1	16096	510	520	0	0
32401	1	15434	110	860	0	0
32401	2	15430	90	800	0	0
32401	3	15431	150	820	0	0
32401	4	15432	250	900	0	0
32401	5	17764	290	700	0	0
32401	6	17763	330	740	0	0
32401	7	28068	390	500	0	0
32401	8	28068	350	520	0	0
32401	9	28068	470	520	0	0
32401	10	28068	470	560	0	0
32401	11	28068	430	500	0	0
32401	12	28068	530	620	0	0
32401	13	28068	330	500	0	0
32401	14	28068	390	560	0	0
32401	15	28068	470	580	0	0
32401	16	28068	430	600	0	0
32401	17	28068	190	480	0	0
32401	18	28068	270	480	0	0
32401	19	28068	230	460	0	0
32401	20	28068	270	460	0	0
32401	21	28068	370	500	0	0
32401	22	28068	310	540	0	0
32401	23	28068	290	500	0	0
32401	24	28068	510	580	0	0
32401	25	28068	430	540	0	0
32401	26	28068	230	520	0	0
32411	1	17766	430	380	153	1
32411	2	17767	810	400	156	3
32411	3	17766	730	940	158	3
32411	4	17767	1270	540	151	3
32411	5	17766	1310	920	153	1
32411	6	17767	410	740	141	3
32412	1	17768	590	760	190	1
32412	2	17767	1130	480	173	1
32412	3	17768	1230	900	180	3
32412	4	17767	1290	1380	181	3
32412	5	17768	890	1520	174	3
32412	6	17767	450	1540	181	3
32412	7	17767	410	300	0	0
32413	1	17768	510	440	175	3
32413	2	17766	870	900	162	1
32413	3	17768	1230	900	174	3
32413	4	17766	1450	460	161	1
32413	5	17768	2050	460	185	3
32413	6	17766	1710	940	140	1
32413	7	17767	1090	260	0	0
32413	8	20005	370	140	0	0
32413	9	20005	1610	140	0	0
32414	1	17766	530	480	183	1
32414	2	17767	930	920	189	1
32414	3	17766	1070	460	163	3
32414	4	17767	1810	360	179	3
32414	5	17766	2130	700	179	3
32414	6	17767	1610	980	135	3
32415	1	17768	430	440	187	1
32415	2	17767	1310	880	176	3
32415	3	17768	730	920	167	3
32415	4	17767	810	400	163	1
32415	5	17767	1310	420	0	0
32415	6	17767	1390	420	0	0
32416	1	17765	530	380	0	0
32416	2	17768	270	360	0	0
32501	1	25235	1690	400	0	0
32501	2	25237	2150	620	0	0
32501	3	25240	1770	1680	0	0
32501	4	25240	3110	1160	0	0
32501	5	25235	2830	900	0	0
32501	6	25237	2150	2020	0	0
32502	1	25235	1050	460	0	0
32502	2	25237	2010	1080	0	0
32502	3	25240	1490	1800	0	0
32504	1	25236	350	1020	0	0
32504	2	25238	510	1700	0	0
32504	3	25241	1430	880	0	0
32504	4	25238	1190	1140	0	0
32504	5	25236	1170	1520	0	0
32504	6	25241	1470	1780	0	0
32505	1	25241	210	540	0	0
32505	2	25238	450	240	0	0
32505	3	25236	1170	420	0	0
32509	1	25238	610	260	0	0
32509	2	25239	650	900	0	0
32509	3	25242	230	420	0	0
32510	1	25226	1110	960	0	0
32510	2	25230	1130	260	0	0
32510	3	25232	1070	1580	0	0
32514	1	25227	370	300	0	0
32514	2	25228	1350	320	0	0
32514	3	25233	850	300	0	0
32515	1	25236	250	300	0	0
32515	2	25238	1170	420	0	0
32515	3	25242	650	300	0	0
32518	1	25237	610	240	0	0
32518	2	25240	290	240	0	0
32518	3	25243	350	880	0	0
32519	1	25237	1290	980	0	0
32519	2	25240	2310	2860	0	0
32519	3	25243	2270	260	0	0
32533	1	17767	1210	1660	0	0
32533	2	17767	1210	1740	0	0
32541	1	25244	1030	260	0	0
32541	2	25244	3210	860	0	0
32541	3	25244	1030	880	0	0
32541	4	25244	1790	1700	0	0
32541	5	25245	870	1520	0	0
32541	6	25245	2510	1520	0	0
32541	7	25245	2790	1900	0	0
32541	8	25244	1890	2320	0	0
32541	9	25244	630	2100	0	0
32541	10	25245	370	2460	0	0
32541	11	25245	2170	540	0	0
32542	1	25244	1690	880	0	0
32542	2	25244	310	1020	0	0
32542	3	25244	190	240	0	0
32542	4	25244	970	1700	0	0
32542	5	25245	1750	1540	0	0
32542	6	25245	310	1640	0	0
32542	7	25245	1170	320	0	0
32542	8	25245	1990	180	0	0
32542	9	25244	2410	300	0	0
32543	1	25244	970	1060	0	0
32543	2	25244	1790	900	0	0
32543	3	25245	1150	520	0	0
32543	4	25245	1550	1060	0	0
32544	1	25244	370	180	0	0
32544	2	25245	730	460	0	0
32545	1	25247	490	540	0	0
32545	2	25246	710	340	0	0
32546	1	27179	2130	220	0	0
32546	2	27179	1890	320	0	0
32546	3	27177	1890	420	0	0
32546	4	25247	2350	560	0	0
32546	5	25247	1330	560	0	0
32546	6	25246	990	260	0	0
32546	7	25246	330	320	0	0
32546	8	25247	510	660	0	0
32546	9	25246	970	1060	0	0
32546	10	25246	1890	900	0	0
32546	11	25247	1150	1360	0	0
32547	1	25246	330	200	0	0
32547	2	25247	150	420	0	0
32547	3	25247	250	1180	0	0
32547	4	25246	790	920	0	0
32547	5	25246	1790	1060	0	0
32547	6	25247	1430	1500	0	0
32547	7	25246	430	1480	0	0
32547	8	25246	630	1800	0	0
32548	1	25246	870	260	0	0
32548	2	25246	1370	660	0	0
32548	3	25247	1790	420	0	0
32548	4	25247	1910	1200	0	0
32548	5	25246	2370	1060	0	0
32548	6	25246	1130	1160	0	0
32549	1	25246	310	1000	0	0
32549	2	25247	510	560	0	0
32549	3	25246	970	1060	0	0
32550	1	25248	870	260	0	0
32550	2	25252	1350	660	0	0
32550	3	25248	970	1060	0	0
32550	4	25252	2390	1160	0	0
32550	5	25248	2390	1620	0	0
32550	6	25252	1810	1760	0	0
32550	7	25252	1350	1300	0	0
32550	8	25252	2370	320	0	0
32550	9	25248	1870	540	0	0
32551	1	25248	1830	260	0	0
32551	2	25248	210	240	0	0
32551	3	25248	390	1700	0	0
32551	4	25252	950	1560	0	0
32551	5	25252	1350	1640	0	0
32551	6	25252	1330	360	0	0
32551	7	25252	670	920	0	0
32552	1	25248	470	820	0	0
32552	2	25252	150	1120	0	0
32552	3	25248	1130	580	0	0
32552	4	25252	2150	820	0	0
32552	5	25248	2170	1200	0	0
32552	6	25252	1550	1700	0	0
32552	7	25248	670	1540	0	0
32552	8	25252	1130	1260	0	0
32553	1	25252	290	200	0	0
32553	2	25248	150	380	0	0
32554	1	25249	170	480	0	0
32554	2	25249	490	360	0	0
32555	1	25249	130	420	0	0
32555	2	25249	1330	360	0	0
32555	3	25249	2010	200	0	0
32555	4	25249	1810	940	0	0
32555	5	25249	1010	880	0	0
32556	1	25249	850	900	0	0
32556	2	25249	1890	1200	0	0
32556	3	25249	1010	1540	0	0
32556	4	25249	190	1620	0	0
32556	5	25249	1090	2460	0	0
32556	6	25249	250	2240	0	0
32557	1	25249	930	900	0	0
32557	2	25249	1510	280	0	0
32557	3	25249	1330	1440	0	0
32558	1	25250	190	940	0	0
32558	2	25251	1130	560	0	0
32558	3	25250	2350	840	0	0
32558	4	25251	1550	1060	0	0
32559	1	25250	950	440	50	3
32559	2	25251	1510	940	50	1
32559	3	25250	290	1240	50	1
32559	4	25251	590	900	50	3
32559	5	25251	1530	340	50	1
32560	1	25250	1010	920	0	0
32560	2	25251	1970	840	0	0
32560	3	25250	2190	1200	0	0
32560	4	25251	130	1100	0	0
32560	5	25251	1590	1060	0	0
32561	1	25251	1350	520	0	0
32561	2	25250	1030	1060	0	0
32561	3	25250	2370	960	0	0
32561	4	25251	2170	1200	0	0
32561	5	25251	690	880	0	0
32561	6	25250	130	1080	0	0
32811	1	17761	610	640	182	3
32811	2	17762	670	1220	187	3
32811	3	17761	1050	700	175	3
32811	4	17762	1070	1540	177	3
32811	5	17761	1510	1500	171	3
32811	6	17762	1930	800	176	3
32811	7	17761	1970	1480	195	3
32811	8	17762	1530	780	175	1
32812	1	17761	510	540	165	3
32812	2	17762	630	1400	218	3
32812	3	17761	1070	1520	190	3
32812	4	17762	1950	1560	175	3
32812	5	17761	1910	1080	169	1
32812	6	17762	1550	760	173	1
32812	7	17761	1910	640	180	1
32812	8	17762	1430	1260	167	3
32812	9	17767	1330	520	0	0
32812	10	17767	1350	640	0	0
32812	11	17767	1390	560	0	0
32812	12	15433	1430	480	0	0
32812	13	15438	1490	500	0	0
32812	14	17767	1030	540	0	0
32812	15	17767	970	580	0	0
32812	16	17767	970	680	0	0
32812	17	17767	1030	740	0	0
32812	18	17767	950	480	0	0
32812	19	17767	1110	760	0	0
32813	1	17761	610	1400	155	1
32813	2	17762	670	900	186	1
32813	3	17761	1090	620	186	1
32813	4	17762	1010	1460	184	3
32813	5	17761	1450	1480	174	1
32813	6	17762	1550	840	174	3
32813	7	17761	1950	1400	159	3
32813	8	17762	1930	760	196	3
32813	9	17767	2290	260	0	0
32821	1	17756	510	800	210	1
32821	2	17757	1070	780	202	1
32821	3	17756	1630	520	206	3
32821	4	17757	2190	880	198	3
32821	5	17756	2710	460	177	1
32821	6	17757	3090	860	220	1
32821	7	17756	3610	840	213	3
32821	8	17757	4110	700	178	3
32821	9	17756	4590	420	168	3
32821	10	17757	4670	880	129	1
32822	1	17756	630	660	192	3
32822	2	17757	990	520	160	3
32822	3	17756	1010	860	149	3
32822	4	17757	970	1200	156	3
32822	5	17756	810	1540	173	1
32822	6	17757	430	1540	159	3
32822	7	17756	1490	1680	0	0
32822	8	17756	1430	1700	0	0
32822	9	17756	1370	1720	0	0
32823	1	17756	450	460	184	3
32823	2	17757	690	880	189	3
32823	3	17756	950	460	198	3
32823	4	17757	1150	900	179	3
32823	5	17756	1450	500	181	1
32823	6	17757	1670	940	168	3
32823	7	17756	2010	580	198	1
32832	1	46133	450	700	167	3
32832	2	46135	530	1240	185	1
32832	3	46133	1490	1480	204	1
32832	4	46135	1110	980	223	3
32832	5	46133	1610	480	240	1
32832	6	46135	1990	860	234	3
32832	7	46133	2090	1500	197	3
32833	1	46134	2050	580	209	3
32833	2	46136	2090	1220	216	3
32833	3	46134	1570	1520	211	3
32833	4	46136	1550	480	200	1
32833	5	46134	1050	820	234	3
32833	6	46136	850	1460	248	3
32833	7	46134	450	840	223	3
32836	1	46137	970	520	205	3
32836	2	46139	1650	540	238	3
32836	3	46137	2070	1040	238	1
32836	4	46139	1110	1020	263	3
32836	5	46137	490	780	208	3
32836	6	46139	750	1540	196	3
32836	7	46137	1570	1520	219	1
32836	8	46139	2090	1520	186	3
32837	1	20005	810	360	0	0
32837	2	27188	710	300	0	0
32837	3	27186	650	380	0	0
32838	1	46138	430	740	190	3
32838	2	46140	1130	860	242	3
32838	3	46138	1710	400	196	1
32838	4	46140	1690	860	226	3
32838	5	46138	490	1160	214	3
32838	6	46140	1510	1480	222	3
32838	7	46138	2110	1440	208	1
32838	8	46140	770	1560	179	3
32839	1	20005	430	740	0	0
32839	2	27186	330	620	0	0
32840	1	46143	970	520	193	1
32840	2	46141	1610	440	198	3
32840	3	46143	490	800	196	1
32840	4	46141	990	1060	200	1
32840	5	46143	1810	880	209	1
32840	6	46141	1490	1480	217	1
32840	7	46143	2110	1440	201	1
32840	8	46141	750	1560	182	3
32841	1	27191	710	220	0	0
32842	1	46144	970	500	222	3
32842	2	46142	1650	460	225	1
32842	3	46144	470	820	197	3
32842	4	46142	1150	960	208	1
32842	5	46144	1890	940	214	3
32842	6	46142	750	1380	208	3
32842	7	46144	1450	1460	227	3
32843	1	27190	1270	220	0	0
32843	2	27191	1150	220	0	0
32844	1	20005	810	600	0	0
32844	2	27190	770	700	0	0
32844	3	27191	710	680	0	0
32844	4	27181	810	600	0	0
32844	5	27183	810	600	0	0
32844	6	27186	650	540	0	0
32844	7	27188	570	620	0	0
33033	1	14735	522	515	0	0
49960	1	61230	582	635	0	0
49960	2	61230	882	475	0	0
49961	7	20001	742	375	0	0
49962	7	20001	762	415	0	0
49963	7	20001	1662	115	0	0
49964	7	20001	402	215	0	0
49965	7	20001	422	415	0	0
49966	7	20001	382	415	0	0
49967	7	20001	1682	115	0	0
49968	7	20001	382	175	0	0
49969	10	20001	1222	515	0	0
48001	1	17733	1170	700	232	3
48001	2	17733	1550	1080	218	3
48001	3	17737	1810	1420	223	3
48001	4	17737	1850	800	230	3
48001	5	17737	1130	1380	230	1
48001	6	12033	810	860	0	0
48001	7	12015	770	840	0	0
48001	8	12006	850	900	0	0
48001	9	12019	750	860	0	0
48001	10	12045	810	900	0	0
48001	11	12057	730	800	0	0
48002	1	17733	590	760	195	3
48002	2	17737	930	600	159	1
48002	3	17733	910	900	145	3
48002	4	12015	1430	260	0	0
48003	1	12015	1190	480	0	0
48003	2	17741	570	480	0	0
48003	3	17742	630	540	0	0
48003	4	17742	1270	900	0	0
48003	5	17741	1170	860	0	0
48003	6	12015	1230	1020	0	0
48003	7	12015	470	540	0	0
48003	8	17741	1230	400	0	0
48003	9	17742	1330	400	0	0
48004	1	17735	1630	600	193	1
48004	2	17739	650	640	161	3
48004	3	17735	750	1260	166	3
48004	4	17739	650	1920	232	3
48004	5	17735	1790	1280	184	1
48004	6	17739	1810	2100	208	3
48004	7	13132	410	2320	0	0
48004	8	13134	470	2260	0	0
48004	9	12006	550	2180	0	0
48004	10	12019	450	2140	0	0
48004	11	12045	630	2260	0	0
48004	12	17491	330	2120	0	0
48004	13	17491	690	2380	0	0
48004	14	13136	1330	540	0	0
48004	15	13143	1370	540	0	0
48004	16	12006	1130	700	0	0
48004	17	12019	1030	600	0	0
48004	18	12045	1050	760	0	0
48004	19	17491	970	660	0	0
48004	20	17491	970	720	0	0
48004	21	13132	410	2320	0	0
48004	22	12045	2090	400	0	0
48004	23	12019	2170	520	0	0
48004	24	12033	2170	420	0	0
48004	25	12045	990	760	0	0
48004	26	12019	950	680	0	0
48004	27	12022	1090	660	0	0
48004	28	12071	970	720	0	0
48004	29	12071	350	300	0	0
48004	30	12072	370	360	0	0
48004	31	12022	190	220	0	0
48004	32	12006	290	320	0	0
48004	33	12176	1010	700	0	0
48004	34	13027	1450	620	0	0
48004	35	13027	1050	680	0	0
48004	36	13010	1050	680	0	0
48004	37	13139	1410	600	0	0
48004	38	13138	330	220	0	0
48004	39	13140	230	320	0	0
48004	40	12135	1050	680	0	0
48004	41	40054	1510	620	0	0
48004	42	40054	1470	560	0	0
48004	43	40053	1010	660	0	0
48004	44	40053	1030	720	0	0
48004	45	40053	190	280	0	0
48004	46	40053	270	220	0	0
48004	47	13008	270	280	0	0
48004	48	13010	150	260	0	0
48004	49	13027	230	200	0	0
48004	50	13032	290	300	0	0
48004	51	12135	230	240	0	0
48004	52	17491	1030	640	0	0
48004	53	17491	1070	700	0	0
48004	54	12176	370	360	0	0
48004	55	12033	2170	2440	0	0
48004	56	12015	2210	2400	0	0
48004	57	12072	2150	2400	0	0
48004	58	12071	2110	2460	0	0
48004	59	12019	2390	2560	0	0
48004	60	12019	2430	2500	0	0
48004	61	13023	2290	2540	0	0
48004	62	14687	2330	2560	0	0
48004	63	14688	2350	2520	0	0
48004	64	12038	2350	2520	0	0
48004	65	12070	2330	2560	0	0
48004	66	12045	2390	2560	0	0
48004	67	12045	2390	2560	0	0
48004	68	12019	2390	2560	0	0
48004	69	17491	2270	2540	0	0
48004	70	12010	1910	620	0	0
48004	71	13008	1770	620	0	0
48004	72	13044	1690	580	0	0
48004	73	13044	1690	660	0	0
48004	74	12010	1910	620	0	0
48005	1	12019	1190	1060	0	0
48005	2	12117	1250	1040	0	0
48005	3	17491	1110	1040	0	0
48005	4	17491	1130	980	0	0
48005	5	17491	1190	960	0	0
48005	6	17491	1230	980	0	0
48005	7	17491	1290	960	0	0
48005	8	17491	1170	1000	0	0
48005	9	13001	470	1040	0	0
48005	10	12117	410	1100	0	0
48005	11	17491	370	1080	0	0
48005	12	17491	430	1140	0	0
48005	13	13044	510	1080	0	0
48005	14	13044	430	1000	0	0
48005	15	13044	530	1120	0	0
48005	16	13044	390	980	0	0
48005	17	12033	1490	400	0	0
48005	18	12045	1390	440	0	0
48005	19	12019	1450	480	0	0
48005	20	17491	1510	480	0	0
48005	21	17491	1370	380	0	0
48005	22	13062	1310	480	0	0
48005	23	13044	1370	520	0	0
48005	24	13044	1270	420	0	0
48005	25	13044	1270	360	0	0
48005	26	13044	1430	540	0	0
48005	27	13044	1230	460	0	0
48005	28	13044	1310	540	0	0
48005	29	12027	1270	460	0	0
48005	30	17491	1210	420	0	0
48005	31	17491	1210	500	0	0
48005	32	12027	1390	1220	0	0
48005	33	12033	1350	1240	0	0
48005	34	12019	1330	1280	0	0
48005	35	12045	1430	1260	0	0
48005	36	12117	1230	1120	0	0
48005	37	13146	1510	1260	0	0
48005	38	43046	1450	1220	0	0
48005	39	43046	1490	1160	0	0
48005	40	43046	1210	1220	0	0
48005	41	43046	1410	1180	0	0
48005	42	43046	1410	1240	0	0
48005	43	43046	1250	1260	0	0
48005	44	43046	1430	1160	0	0
48005	45	43046	1290	1220	0	0
48005	46	43046	1390	1260	0	0
48005	47	43046	1370	1180	0	0
48005	48	12033	290	240	0	0
48005	49	12019	370	400	0	0
48005	50	12045	450	340	0	0
48005	51	12027	250	260	0	0
48005	52	13021	450	420	0	0
48005	53	43046	390	500	0	0
48005	54	43046	430	480	0	0
48005	55	43046	470	460	0	0
48005	56	43046	510	440	0	0
48005	57	43046	550	420	0	0
48005	58	43046	590	400	0	0
48005	59	43046	390	580	0	0
48005	60	43046	430	560	0	0
48005	61	43046	470	540	0	0
48005	62	43046	510	520	0	0
48005	63	43046	550	500	0	0
48005	64	43046	590	480	0	0
48005	65	43046	630	460	0	0
48005	66	43046	670	440	0	0
48006	1	17496	2950	520	0	0
48006	2	17496	2950	440	0	0
48006	3	17496	3010	440	0	0
48006	4	17496	3010	520	0	0
48006	5	17491	550	300	0	0
48006	6	17491	810	300	0	0
48006	7	17496	2890	480	0	0
48006	8	17491	2510	400	0	0
48006	9	17491	1970	380	0	0
48006	10	17491	1010	400	0	0
48006	11	17491	2750	480	0	0
48006	12	17491	2170	480	0	0
48006	13	17491	1510	480	0	0
48006	14	12033	750	440	0	0
48006	15	13001	950	420	0	0
48006	16	13017	950	480	0	0
48006	17	40054	1010	460	0	0
48006	18	40054	1070	420	0	0
48006	19	40054	1070	480	0	0
48006	20	12019	750	480	0	0
48006	21	17491	670	420	0	0
48006	22	17491	670	520	0	0
48006	23	17491	1170	480	0	0
48006	24	12015	830	120	0	0
48006	25	12117	770	100	0	0
48006	26	13137	690	220	0	0
48006	27	13044	630	240	0	0
48006	28	13044	750	260	0	0
48006	29	17491	750	80	0	0
48006	30	17491	830	80	0	0
48006	31	12033	790	120	0	0
48006	32	12015	2790	460	0	0
48006	33	13137	2870	360	0	0
48006	34	13017	2870	380	0	0
48006	35	13001	2910	380	0	0
48006	36	40054	2970	400	0	0
48006	37	40054	2890	300	0	0
48006	38	40053	2950	360	0	0
48006	39	40053	2830	300	0	0
48006	40	12015	50	380	0	0
48006	41	13044	1670	480	0	0
48006	42	13044	2310	480	0	0
48006	43	12033	2890	400	0	0
48006	44	12164	2910	420	0	0
48006	45	17491	2890	360	0	0
48006	46	17491	2930	400	0	0
48006	47	13044	2150	520	0	0
48006	48	13044	1530	520	0	0
48006	49	13044	1150	540	0	0
48006	50	12164	2330	420	0	0
48006	51	12164	1650	440	0	0
48006	52	12164	1270	420	0	0
48006	53	12033	1310	480	0	0
48007	1	17523	2230	500	0	0
48007	2	17523	2990	340	0	0
48007	3	17523	1590	580	0	0
48007	4	17523	390	360	0	0
48007	5	17491	2670	420	0	0
48007	6	17491	1750	420	0	0
48007	7	17491	630	400	0	0
48007	8	17491	2330	480	0	0
48007	9	17491	1770	500	0	0
48007	10	17491	1310	500	0	0
48007	11	17491	770	480	0	0
48007	12	12033	330	540	0	0
48007	13	12019	330	480	0	0
48007	14	12117	270	500	0	0
48007	15	13001	450	480	0	0
48007	16	13017	450	540	0	0
48007	17	13044	510	500	0	0
48007	18	13044	570	480	0	0
48007	19	13044	570	540	0	0
48007	20	13021	350	420	0	0
48007	21	17491	150	400	0	0
48007	22	13044	930	480	0	0
48007	23	13044	1450	500	0	0
48007	24	13044	1950	500	0	0
48007	25	13044	2470	480	0	0
48007	26	17491	2110	400	0	0
48007	27	17491	2190	440	0	0
48007	28	12071	2090	480	0	0
48007	29	12033	3030	480	0	0
48007	30	12033	770	440	0	0
48007	31	40054	2310	480	0	0
48007	32	40054	1790	500	0	0
48007	33	40054	1330	500	0	0
48007	34	13021	990	480	0	0
48007	35	13148	1010	420	0	0
48007	36	13147	1010	520	0	0
48007	37	13149	1050	540	0	0
48007	38	13145	1050	460	0	0
48007	39	13146	1050	400	0	0
48007	40	40054	1130	340	0	0
48007	41	40054	1130	400	0	0
48007	42	40054	1130	460	0	0
48007	43	40054	1130	540	0	0
48007	44	12045	750	480	0	0
48007	45	12117	790	480	0	0
48007	46	17523	2230	500	0	0
48008	1	17740	1970	1020	132	1
48008	2	17736	1110	580	173	1
48008	3	17740	550	580	200	3
48008	4	17736	490	1060	110	3
48008	5	17740	470	1420	155	3
48008	6	13132	390	1700	0	0
48008	7	13134	270	1720	0	0
48008	8	13135	230	1760	0	0
48008	9	13044	190	1800	0	0
48008	10	13044	310	1800	0	0
48008	11	13132	390	1820	0	0
48008	12	12006	1910	660	0	0
48008	13	12019	1810	640	0	0
48008	14	12045	1950	760	0	0
48008	15	17491	1790	720	0	0
48008	16	17491	1850	780	0	0
48008	17	17491	1710	660	0	0
48008	18	17491	1930	840	0	0
48008	19	13143	1970	660	0	0
48008	20	13132	1970	660	0	0
48008	21	13032	1690	800	0	0
48008	22	13008	1690	700	0	0
48008	23	13138	1750	720	0	0
48008	24	13140	1750	780	0	0
48008	25	13044	1730	640	0	0
48008	26	13044	1730	880	0	0
48008	27	12033	1370	760	0	0
48008	28	12045	1470	820	0	0
48008	29	12019	1470	720	0	0
48008	30	17491	1410	660	0	0
48008	31	17491	1410	860	0	0
48008	32	13140	1530	820	0	0
48008	33	13138	1530	720	0	0
48008	34	13138	1630	720	0	0
48008	35	13140	1630	820	0	0
48008	36	13144	1990	1460	0	0
48008	37	13044	2070	1380	0	0
48008	38	13044	1890	1420	0	0
48008	39	13044	2090	1480	0	0
48008	40	12010	1950	1260	0	0
48008	41	17741	1870	1260	0	0
48008	42	17741	2030	1260	0	0
48008	43	17742	1810	1300	0	0
48008	44	17742	2090	1300	0	0
48008	45	13144	1690	1240	0	0
48008	46	40083	2110	1620	0	0
48008	47	40084	2030	1620	0	0
48008	48	40054	2030	1680	0	0
48008	49	40054	2110	1680	0	0
48008	50	12019	2130	1480	0	0
48008	51	12045	2050	1480	0	0
48008	52	17491	2050	1420	0	0
48008	53	17491	2130	1420	0	0
48008	54	15170	650	1440	0	0
48008	55	12176	250	1800	0	0
48008	56	17491	230	1740	0	0
48008	57	17491	310	1760	0	0
48008	58	13008	350	1640	0	0
48008	59	13032	430	1660	0	0
48008	60	13027	350	1580	0	0
48008	61	13010	510	1640	0	0
48008	62	12135	410	1620	0	0
48008	63	40053	470	1720	0	0
48008	64	40053	270	1620	0	0
48008	65	12019	170	1820	0	0
48008	66	12045	250	1840	0	0
48008	67	12176	170	1920	0	0
48008	68	12071	470	780	0	0
48008	69	14179	550	780	0	0
48008	70	14179	550	780	0	0
48008	71	12071	470	780	0	0
48008	72	13132	510	920	0	0
48008	73	13044	470	940	0	0
48008	74	13044	550	940	0	0
48009	1	13027	630	520	0	0
48009	2	12043	690	560	0	0
48009	3	15007	570	420	0	0
48009	4	12045	530	480	0	0
48009	5	13027	630	520	0	0
48009	6	40054	630	1000	0	0
48009	7	40054	630	1060	0	0
48009	8	40054	710	1000	0	0
48009	9	40054	710	1060	0	0
48009	10	40054	790	1000	0	0
48009	11	40054	790	1060	0	0
48009	12	40054	870	1000	0	0
48009	13	40054	870	1060	0	0
48009	14	40054	950	1000	0	0
48009	15	40054	950	1060	0	0
48009	16	40054	1110	980	0	0
48009	17	40054	1110	1080	0	0
48009	18	12135	1070	1040	0	0
48009	19	12045	530	1000	0	0
48009	20	12019	1190	1000	0	0
48009	21	12045	1190	1040	0	0
48009	22	17491	1250	980	0	0
48009	23	17491	1250	1080	0	0
48010	1	13144	30	300	0	0
48010	2	17741	190	240	0	0
48010	3	17742	190	300	0	0
48010	4	17741	250	200	0	0
48010	5	17742	310	200	0	0
48010	6	17741	250	200	0	0
48010	7	17741	250	200	0	0
48010	8	12010	70	300	0	0
48010	9	12164	890	640	0	0
48010	10	13017	950	680	0	0
48010	11	13044	950	720	0	0
48010	12	13044	990	700	0	0
48010	13	13044	910	740	0	0
48010	14	13044	1030	680	0	0
48010	15	13044	870	760	0	0
48010	16	13044	1070	660	0	0
48010	17	12164	850	680	0	0
48012	1	17734	530	820	172	3
48012	2	17738	630	1380	203	3
48012	3	17734	1910	740	194	3
48012	4	17738	1750	1500	155	1
48012	5	17734	1410	1260	153	3
48012	6	17738	910	1060	208	3
48012	7	12168	330	320	0	0
48012	8	12169	390	320	0	0
48012	9	13032	430	420	0	0
48012	10	13044	430	480	0	0
48012	11	13044	470	460	0	0
48012	12	13044	490	420	0	0
48012	13	13044	390	460	0	0
48012	14	13044	390	500	0	0
48012	15	13044	510	440	0	0
48012	16	13044	530	420	0	0
48013	1	17734	990	560	134	3
48013	2	17738	1150	940	155	3
48013	3	17734	450	960	154	1
48013	4	17738	670	640	141	3
48013	5	17738	810	940	137	1
48015	1	13034	1410	400	0	0
48015	2	13021	1270	420	0	0
48015	3	13017	1190	560	0	0
48015	4	13018	1230	340	0	0
48015	5	13001	1130	540	0	0
48015	6	13016	1350	360	0	0
48015	7	13023	1070	520	0	0
48015	8	13035	1250	580	0	0
48015	9	13044	1030	580	0	0
48015	10	13044	1090	600	0	0
48015	11	13044	1150	620	0	0
48015	12	13044	1210	640	0	0
48015	13	13044	1270	660	0	0
48015	14	13044	970	560	0	0
48015	15	13044	930	620	0	0
48015	16	13044	990	640	0	0
48015	17	13044	1050	660	0	0
48015	18	13044	1110	680	0	0
48015	19	13044	1170	700	0	0
48015	20	13044	1230	720	0	0
48017	1	12057	90	740	0	0
48017	2	27012	210	620	0	0
48018	1	14560	430	320	0	0
48018	2	12057	290	420	0	0
48019	1	13021	2130	1540	0	0
48019	2	13044	2210	1540	0	0
48019	3	13044	2250	1560	0	0
48019	4	13044	2290	1580	0	0
48019	5	13044	2110	1620	0	0
48019	6	13044	2150	1640	0	0
48019	7	13044	2190	1660	0	0
48019	8	15077	2030	1600	0	0
48019	9	13021	1290	1060	0	0
48019	10	12064	1310	1140	0	0
48019	11	12064	2170	1440	0	0
48019	12	13021	2130	1540	0	0
48020	1	15007	370	320	0	0
48020	2	12045	410	420	0	0
48020	3	12045	270	340	0	0
48021	1	12010	130	880	0	0
48021	2	17742	210	900	0	0
48021	3	17742	130	820	0	0
48021	4	17741	70	840	0	0
48021	5	17741	150	940	0	0
48021	6	13144	890	540	0	0
48021	7	13144	890	540	0	0
48022	1	12033	350	400	0	0
48022	2	12015	510	360	0	0
48022	3	12057	590	400	0	0
48022	4	12045	610	480	0	0
48022	5	12019	550	500	0	0
48022	6	14560	610	500	0	0
48025	1	12033	590	340	0	0
48025	2	12093	470	340	0	0
48025	3	12022	410	400	0	0
48025	4	12019	450	420	0	0
48025	5	13136	470	400	0	0
48025	6	17491	410	460	0	0
48025	7	17491	370	440	0	0
48025	8	12176	470	400	0	0
48025	9	12176	630	320	0	0
48026	1	12045	590	340	0	0
48026	2	12019	530	320	0	0
48027	1	13132	250	340	0	0
48027	2	13134	370	340	0	0
48027	3	13133	410	360	0	0
48029	1	13021	270	320	0	0
48029	2	13008	250	360	0	0
48029	3	13062	310	340	0	0
48029	4	13032	350	320	0	0
48029	5	13137	350	360	0	0
48029	6	13010	310	340	0	0
48029	7	13017	290	380	0	0
48029	8	13001	390	340	0	0
48029	9	13010	430	360	0	0
48031	1	13003	370	400	0	0
48031	2	13044	570	420	0	0
48031	3	13044	390	500	0	0
48032	1	13016	370	400	0	0
48032	2	13018	330	460	0	0
48032	3	13142	490	380	0	0
48032	4	13017	530	400	0	0
48032	5	13062	370	480	0	0
48032	6	13132	570	420	0	0
48032	7	13133	410	500	0	0
48032	8	13134	610	440	0	0
48032	9	13029	450	440	0	0
48032	10	11214	450	440	0	0
48032	11	13034	530	400	0	0
48032	12	13021	450	440	0	0
48032	13	13023	370	480	0	0
48032	14	13035	410	500	0	0
48032	15	13141	570	420	0	0
48033	1	16099	290	360	0	0
48035	1	12010	490	320	0	0
48035	2	12015	350	360	0	0
48036	1	12033	490	380	0	0
48036	2	12019	450	460	0	0
48036	3	12045	370	420	0	0
48036	4	12164	390	460	0	0
48036	5	17491	350	500	0	0
48036	6	17491	330	460	0	0
49001	1	16063	3130	340	0	0
49001	2	16063	2990	1860	0	0
49004	1	14468	230	80	0	0
49004	2	11003	290	80	0	0
49004	3	26032	910	1460	0	0
49004	4	26033	1630	920	0	0
49004	5	13011	350	80	0	0
49004	6	26039	730	520	0	0
49005	1	12013	970	600	0	0
49005	2	12093	1690	1400	0	0
49005	3	12018	2470	1540	0	0
49005	4	12033	2970	380	0	0
49009	1	16062	1590	260	0	0
49009	2	16041	1390	780	0	0
49009	3	14468	1030	680	0	0
49009	4	11003	1130	700	0	0
49011	1	16065	310	240	0	0
49011	2	16065	290	2420	0	0
49014	1	26034	1490	1320	0	0
49014	2	26035	1650	1060	0	0
49014	3	26040	2910	540	0	0
49015	1	11151	1890	480	0	0
49015	2	11001	2910	1080	0	0
49015	3	11016	750	1660	0	0
49015	4	11034	350	300	0	0
49019	1	16064	210	200	0	0
49019	2	16042	310	720	0	0
49019	3	14337	630	580	0	0
49019	4	14349	530	620	0	0
49019	5	17568	710	620	0	0
49019	6	17568	550	700	0	0
49019	7	17571	630	660	0	0
49021	1	16067	350	260	0	0
49021	2	16067	1430	360	0	0
49024	1	26034	790	820	0	0
49024	2	26035	3470	580	0	0
49024	3	11131	70	240	0	0
49024	4	26040	2010	740	0	0
49024	5	13030	70	320	0	0
49025	1	14324	310	1120	0	0
49025	2	11162	1430	400	0	0
49025	3	11072	1410	940	0	0
49025	4	11020	2770	580	0	0
49025	5	13009	450	980	0	0
49025	6	13009	1410	280	0	0
49025	7	13009	1390	900	0	0
49025	8	13009	2790	540	0	0
49029	1	16066	190	180	0	0
49029	2	16043	770	460	0	0
49031	1	16069	290	1160	0	0
49031	2	16069	3950	360	0	0
49034	1	26032	950	2640	0	0
49034	2	26033	1190	2420	0	0
49034	3	26039	1110	1620	0	0
49034	4	12061	50	420	0	0
49034	5	13005	50	520	0	0
49035	1	12003	3010	1100	0	0
49035	2	12011	1490	440	0	0
49035	3	12042	1790	960	0	0
49035	4	12043	610	600	0	0
49035	5	13005	3070	1160	0	0
49035	6	13005	1450	400	0	0
49035	7	13005	1830	920	0	0
49035	8	13005	710	700	0	0
49035	9	17229	550	600	0	0
49035	10	17229	610	560	0	0
49039	1	16068	1370	1220	0	0
49039	2	16044	1410	1040	0	0
49041	1	16071	310	240	0	0
49041	2	16071	2970	1200	0	0
49044	1	26032	350	780	0	0
49044	2	14468	50	80	0	0
49044	3	11003	90	80	0	0
49044	4	26033	2970	840	0	0
49045	1	12004	3050	1020	0	0
49045	2	12066	1470	460	0	0
49045	3	12042	1790	980	0	0
49045	4	12043	550	560	0	0
49045	5	12044	550	640	0	0
49045	6	12045	650	600	0	0
49045	7	13029	790	780	0	0
49045	8	13028	730	820	0	0
49045	9	13001	850	740	0	0
49049	1	16070	230	1220	0	0
49049	2	16041	190	1040	0	0
49051	1	16073	270	220	0	0
49051	2	16073	1330	2500	0	0
49054	1	26035	750	620	0	0
49054	2	26034	710	1780	0	0
49055	1	11083	310	1140	0	0
49055	2	11022	1410	400	0	0
49055	3	11040	1370	940	0	0
49055	4	11020	2670	540	0	0
49055	5	11105	2570	560	0	0
49055	6	11021	2770	560	0	0
49055	7	13017	2510	740	0	0
49055	8	13034	2430	780	0	0
49055	9	13093	2550	820	0	0
49059	1	16072	1550	300	0	0
49059	2	16042	1230	300	0	0
49101	1	13021	910	420	0	0
49101	2	13018	490	400	0	0
49101	3	13008	990	640	0	0
49101	4	13032	390	460	0	0
49102	1	13016	910	420	0	0
49102	2	13003	510	420	0	0
49102	3	13002	410	460	0	0
49102	4	13019	970	640	0	0
49131	1	13115	350	400	0	0
49131	2	13123	510	380	0	0
49131	3	13124	570	400	0	0
49132	1	13101	530	320	0	0
49132	2	13047	370	360	0	0
49132	3	13020	310	380	0	0
49133	1	13009	550	480	0	0
49133	2	13024	410	460	0	0
49133	3	13025	350	480	0	0
49133	4	13030	290	500	0	0
49134	1	13005	430	460	0	0
49134	2	13015	590	440	0	0
49134	3	13096	710	480	0	0
49134	4	13063	270	560	0	0
49135	1	13029	490	400	0	0
49135	2	13062	370	360	0	0
49135	3	13028	310	380	0	0
49135	4	13001	510	460	0	0
49136	1	13017	370	400	0	0
49136	2	13034	490	360	0	0
49136	3	13085	330	460	0	0
49136	4	13093	610	400	0	0
49171	1	13011	250	320	0	0
49171	2	17581	390	340	0	0
49171	3	17581	470	380	0	0
49171	4	17581	350	440	0	0
49171	5	17581	250	380	0	0
49171	6	17581	490	440	0	0
49171	7	13044	330	320	0	0
49172	1	13104	890	320	0	0
49174	1	13010	290	320	0	0
49174	2	13044	490	500	0	0
49176	1	13038	1070	400	0	0
49176	2	15131	690	300	0	0
49177	1	13089	570	320	0	0
49178	1	13102	570	260	0	0
49180	1	13117	570	320	0	0
49181	1	13027	790	240	0	0
49184	1	13062	790	240	0	0
49186	1	13048	490	260	0	0
49186	2	13073	350	320	0	0
49211	1	16059	1190	720	0	0
49211	2	16074	870	580	0	0
49211	3	16075	990	560	0	0
49211	4	16076	1110	540	0	0
49212	1	16059	110	720	0	0
49212	2	16074	430	580	0	0
49212	3	16075	310	560	0	0
49212	4	16076	190	540	0	0
49213	1	16059	1190	720	0	0
49213	2	16074	870	580	0	0
49213	3	16075	990	560	0	0
49213	4	16076	1110	540	0	0
49214	1	16059	110	720	0	0
49214	2	16074	430	580	0	0
49214	3	16075	310	560	0	0
49214	4	16076	190	540	0	0
49215	1	16059	1190	720	0	0
49215	2	16074	870	580	0	0
49215	3	16075	990	560	0	0
49215	4	16076	1110	540	0	0
49216	1	16059	110	720	0	0
49216	2	16074	430	580	0	0
49216	3	16075	310	560	0	0
49216	4	16076	190	540	0	0
49221	1	16058	390	520	0	0
49222	1	16058	850	540	0	0
49223	1	16058	430	540	0	0
49224	1	16058	770	640	0	0
49225	1	16058	530	620	0	0
49226	1	16058	770	640	0	0
49401	1	44012	1790	1700	0	0
49401	2	61001	2950	2900	225	3
49401	3	61001	2870	2980	205	3
49401	4	61002	2910	2940	205	1
49401	5	61004	2950	2980	155	1
49401	6	61003	2990	2940	155	3
49401	7	61003	2910	3020	155	3
49401	8	61002	450	2860	205	3
49401	9	61001	490	2900	205	1
49401	10	61001	410	2820	205	1
49401	11	61004	410	2900	155	3
49401	12	61003	450	2940	155	3
49401	13	61003	370	2860	155	3
49401	14	61017	370	3060	0	0
49401	15	61017	430	3060	0	0
49401	16	61017	490	3060	0	0
49401	17	61017	410	2780	0	0
49401	18	61017	350	2780	0	0
49401	19	61017	290	2780	0	0
49401	20	61017	590	3040	0	0
49401	21	61017	590	2980	0	0
49401	22	61017	590	2920	0	0
49401	23	61017	270	2900	0	0
49401	24	61017	310	2940	0	0
49401	25	61017	350	2980	0	0
49401	26	61017	2790	2980	0	0
49401	27	61017	2710	2980	0	0
49401	28	61017	2750	3060	0	0
49401	29	61017	2910	2860	0	0
49401	30	61017	2990	2860	0	0
49401	31	61017	3070	2860	0	0
49401	32	61011	1450	620	0	0
49401	33	61011	1370	680	0	0
49401	34	61017	1770	480	0	0
49401	35	61017	1690	520	0	0
49401	36	61012	1450	760	0	0
49401	37	61012	1530	700	0	0
49401	38	61017	1770	600	0	0
49401	39	61017	1850	560	0	0
49401	40	61017	1250	700	0	0
49401	41	61017	1170	640	0	0
49401	42	61017	1090	580	0	0
49401	43	61017	1050	220	0	0
49401	44	61017	950	280	0	0
49401	45	61017	1030	360	0	0
49401	46	61017	1130	300	0	0
49401	47	61001	1390	480	205	1
49401	48	61001	1570	500	205	1
49401	49	61002	1530	540	205	1
49401	50	61005	270	3020	155	3
49401	51	61006	3010	3040	155	3
49401	52	61017	3130	3000	0	0
49401	53	61017	3090	3040	0	0
49401	54	61017	3050	3080	0	0
49401	55	61017	210	280	0	0
49401	56	61017	270	240	0	0
49401	57	61017	330	200	0	0
49401	58	61017	390	260	0	0
49401	59	61017	330	300	0	0
49401	60	61017	270	340	0	0
49401	61	61001	730	600	225	1
49401	62	61002	670	720	225	1
49401	63	61001	610	600	225	1
49401	64	61003	590	1460	155	3
49401	65	61004	590	1520	155	3
49401	66	61004	590	1580	155	3
49401	67	61004	2810	1700	155	1
49401	68	61004	2730	1700	155	1
49401	69	61004	2650	1700	155	1
49401	70	61001	1290	2680	205	1
49401	71	61002	1290	2600	205	3
49401	72	61001	1290	2520	205	1
49401	73	16040	3310	80	0	0
49402	1	26026	1410	3620	0	0
49402	2	61011	1350	2800	175	1
49402	3	61003	990	2020	175	3
49402	4	61003	1130	1560	175	1
49402	5	61011	390	3260	0	0
49402	6	61011	510	3180	0	0
49402	7	61011	450	3220	0	0
49402	8	61011	1330	2700	175	3
49402	9	61011	490	3600	0	0
49402	10	61004	510	3700	175	3
49402	11	61007	390	2680	175	1
49402	12	61002	310	2620	225	1
49402	13	61002	310	2760	225	1
49402	14	61011	490	2640	0	0
49402	15	61011	490	2760	0	0
49402	16	61001	530	1900	225	3
49402	17	61001	630	1940	225	3
49402	18	61003	1110	2100	175	3
49402	19	61002	1030	1700	225	3
49402	20	61002	1210	1780	225	3
49402	21	61008	410	300	175	3
49402	22	61011	1050	400	0	0
49402	23	61011	970	440	225	1
49402	24	61002	910	720	225	3
49402	25	61002	890	780	225	3
49402	26	61003	1250	680	175	3
49402	27	61003	1330	740	175	1
49402	28	61011	370	420	0	0
49402	29	61011	310	420	0	0
49402	30	61004	490	260	175	3
49402	31	61004	490	340	175	3
49402	32	61012	690	2320	0	0
49402	33	61012	790	2360	0	0
49402	34	61017	290	3620	0	0
49402	35	61017	310	3720	0	0
49402	36	61012	1330	3180	0	0
49402	37	61012	1410	3120	0	0
49402	38	61012	610	3240	0	0
49402	39	61012	690	3180	0	0
49402	40	61012	650	2580	0	0
49402	41	61012	770	2620	0	0
49402	42	61012	350	1800	0	0
49402	43	61012	430	1740	0	0
49402	44	61017	310	1360	0	0
49402	45	61017	430	1360	0	0
49402	46	61017	370	1260	0	0
49402	47	61012	370	880	0	0
49402	48	61012	450	840	0	0
49402	49	61012	1390	1480	0	0
49402	50	61012	1390	1340	0	0
49403	1	26027	210	1660	0	0
49403	2	61001	510	1140	225	3
49403	3	61001	610	1140	225	1
49403	4	61003	650	740	175	3
49403	5	61003	750	740	175	3
49403	6	61002	1090	440	225	1
49403	7	61002	1190	440	225	3
49403	8	61004	1410	620	175	3
49403	9	61004	1490	660	175	3
49403	10	61011	2350	300	0	0
49403	11	61011	2410	380	0	0
49403	12	61011	2250	300	0	0
49403	13	61011	2310	380	0	0
49403	14	61011	2370	460	0	0
49403	15	61009	1690	1440	125	1
49403	16	61011	1410	1260	0	0
49403	17	61011	1490	1220	0	0
49403	18	61011	2070	1520	0	0
49403	19	61011	1990	1460	0	0
49403	20	61003	1630	1340	175	3
49403	21	61003	1750	1340	175	1
49403	22	61001	1610	1500	225	3
49403	23	61001	1770	1500	225	3
49403	24	61003	1190	900	175	3
49403	25	61003	1290	900	175	3
49403	26	61012	2710	1740	0	0
49403	27	61012	2630	1800	0	0
49403	28	61012	2630	1700	0	0
49403	29	61011	3010	480	175	3
49403	30	61011	2690	1020	175	3
49403	31	61010	3710	900	125	1
49403	32	61012	3910	840	0	0
49403	33	61012	3670	720	0	0
49403	34	61003	3630	860	175	1
49403	35	61003	3790	940	175	1
49403	36	61004	3750	1160	175	3
49403	37	61004	3670	1160	175	1
49403	38	26011	3050	1640	0	0
49403	39	26036	590	1720	0	0
49403	40	26037	770	1720	0	0
49403	41	26038	950	1720	0	0
49403	42	61002	1070	660	225	3
49403	43	61002	1150	720	225	3
49403	44	61002	1870	460	225	3
49403	45	61002	1950	500	225	3
49403	46	61001	1710	840	225	3
49403	47	61001	1790	880	225	1
49403	48	61003	2290	1580	175	3
49403	49	61003	2370	1640	175	1
49403	50	61011	2750	1060	175	3
49403	51	61012	3450	800	0	0
49403	52	61012	3410	900	0	0
49403	53	61011	930	1220	0	0
49403	54	61011	990	1180	0	0
49403	55	61011	1490	1660	0	0
49403	56	61011	1570	1760	0	0
49403	57	61011	3870	320	0	0
49403	58	61011	3950	400	0	0
49404	1	26028	3950	2380	0	0
49404	2	61003	3830	1840	175	1
49404	3	61003	3730	1840	175	1
49404	4	61012	3450	1160	0	0
49404	5	61012	3450	1260	0	0
49404	6	61013	3750	460	125	3
49404	7	61003	3810	540	175	3
49404	8	61003	3690	560	175	3
49404	9	61004	3690	380	175	1
49404	10	61003	3630	480	175	3
49404	11	61011	3850	320	0	0
49404	12	61011	3930	400	0	0
49404	13	61004	2850	340	175	3
49404	14	61004	2850	480	175	3
49404	15	61012	2350	600	0	0
49404	16	61012	2350	720	0	0
49404	17	61012	2950	960	0	0
49404	18	61012	2950	1080	0	0
49404	19	61003	2650	880	175	3
49404	20	61003	2650	980	175	3
49404	21	61012	2090	1220	0	0
49404	22	61012	2170	1180	0	0
49404	23	61012	1910	1640	0	0
49404	24	61012	1910	1740	0	0
49404	25	61002	2610	1780	225	3
49404	26	61002	2690	1780	225	3
49404	27	61002	2330	1780	225	3
49404	28	61002	2410	1780	225	3
49404	29	61014	1130	1780	125	3
49404	30	61011	1270	2280	0	0
49404	31	61011	1170	2280	0	0
49404	32	61011	1390	1700	0	0
49404	33	61011	1450	1760	0	0
49404	34	61004	1190	1720	175	3
49404	35	61004	1050	1720	175	3
49404	36	61012	830	1700	0	0
49404	37	61012	830	1780	0	0
49404	38	61011	910	1000	0	0
49404	39	61011	970	960	0	0
49404	40	61011	730	1260	0	0
49404	41	61011	790	1220	0	0
49404	42	61011	1730	1020	0	0
49404	43	61011	1790	980	0	0
49404	44	61011	1090	1360	175	3
49404	45	61004	1550	500	175	3
49404	46	61003	1390	500	175	3
49404	47	61003	1470	440	175	3
49404	48	61001	690	440	225	3
49404	49	61001	810	560	225	3
49404	50	61001	570	560	225	3
49404	51	61001	690	700	225	3
49404	52	61016	430	2320	55	3
49404	53	61011	390	1840	0	0
49404	54	61011	450	1780	0	0
49404	55	61011	350	2200	0	0
49404	56	61011	510	2200	0	0
49404	57	61012	570	2300	0	0
49404	58	61012	290	2300	0	0
49404	59	61015	690	560	55	3
49404	60	61004	3690	1200	175	1
49404	61	61004	3790	1200	175	3
49404	62	61011	2510	400	0	0
49404	63	61011	2590	320	0	0
49404	64	61011	3910	720	0	0
49404	65	61011	3550	720	0	0
49404	66	61012	2530	1300	0	0
49404	67	61012	2630	1320	0	0
49404	68	61011	2370	1540	0	0
49404	69	61011	2470	1580	0	0
49404	70	61011	330	380	0	0
49404	71	61011	450	320	0	0
49404	72	61012	1790	2360	0	0
49404	73	61012	1870	2420	0	0
49404	74	61011	2850	2160	0	0
49404	75	61011	2950	2080	0	0
49404	76	61002	2350	2160	225	1
49404	77	61002	2470	2160	225	1
49404	78	61004	1230	1920	175	1
49404	79	61004	1230	2020	175	3
49404	80	61011	1630	300	0	0
49404	81	61011	1710	400	0	0
49404	82	61011	310	740	0	0
49404	83	61011	390	840	0	0
49404	84	61004	410	1240	175	3
49404	85	61004	490	1240	175	3
49404	86	61004	810	700	175	3
49404	87	61004	570	440	175	3
49404	88	61004	810	440	175	1
49404	89	61004	570	700	175	3
49404	90	61012	3290	260	0	0
49404	91	61012	3290	440	0	0
49404	92	61012	350	2420	0	0
49404	93	61012	510	2420	0	0
49404	94	61017	710	2380	0	0
49409	1	16058	350	260	0	0
49409	2	16060	430	180	0	0
49409	3	16040	1070	180	0	0
49409	4	16077	830	720	0	0
49409	5	16078	930	680	0	0
49409	6	16079	730	760	0	0
49409	7	16061	570	180	0	0
49409	8	13030	290	660	0	0
49411	1	44012	1790	1700	0	0
49411	2	61001	2950	2900	225	3
49411	3	61001	2870	2980	205	3
49411	4	61002	2910	2940	205	3
49411	5	61004	2950	2980	155	1
49411	6	61003	2990	2940	155	3
49411	7	61003	2910	3020	155	3
49411	8	61002	450	2860	205	3
49411	9	61001	490	2900	205	3
49411	10	61001	410	2820	205	1
49411	11	61004	410	2900	155	1
49411	12	61003	450	2940	155	1
49411	13	61003	370	2860	155	3
49411	14	61017	370	3060	0	0
49411	15	61017	430	3060	0	0
49411	16	61017	490	3060	0	0
49411	17	61017	410	2780	0	0
49411	18	61017	350	2780	0	0
49411	19	61017	290	2780	0	0
49411	20	61017	590	3040	0	0
49411	21	61017	590	2980	0	0
49411	22	61017	590	2920	0	0
49411	23	61017	270	2900	0	0
49411	24	61017	310	2940	0	0
49411	25	61017	350	2980	0	0
49411	26	61017	2790	2980	0	0
49411	27	61017	2710	2980	0	0
49411	28	61017	2750	3060	0	0
49411	29	61017	2910	2860	0	0
49411	30	61017	2990	2860	0	0
49411	31	61017	3070	2860	0	0
49411	32	61011	1450	620	0	0
49411	33	61011	1370	680	0	0
49411	34	61017	1770	480	0	0
49411	35	61017	1690	520	0	0
49411	36	61012	1450	760	0	0
49411	37	61012	1530	700	0	0
49411	38	61017	1770	600	0	0
49411	39	61017	1850	560	0	0
49411	40	61017	1250	700	0	0
49411	41	61017	1170	640	0	0
49411	42	61017	1090	580	0	0
49411	43	61017	1050	220	0	0
49411	44	61017	950	280	0	0
49411	45	61017	1030	360	0	0
49411	46	61017	1130	300	0	0
49411	47	61001	1390	480	205	1
49411	48	61001	1570	500	205	3
49411	49	61002	1530	540	205	3
49411	50	61005	270	3020	155	1
49411	51	61006	3010	3040	155	3
49411	52	61017	3130	3000	0	0
49411	53	61017	3090	3040	0	0
49411	54	61017	3050	3080	0	0
49411	55	61017	210	280	0	0
49411	56	61017	270	240	0	0
49411	57	61017	330	200	0	0
49411	58	61017	390	260	0	0
49411	59	61017	330	300	0	0
49411	60	61017	270	340	0	0
49411	61	61001	730	600	225	1
49411	62	61002	670	720	225	3
49411	63	61001	610	600	225	3
49411	64	61003	590	1460	155	3
49411	65	61004	590	1520	155	1
49411	66	61004	590	1580	155	3
49411	67	61004	2810	1700	155	3
49411	68	61004	2730	1700	155	3
49411	69	61004	2650	1700	155	3
49411	70	61001	1290	2680	205	3
49411	71	61002	1290	2600	205	3
49411	72	61001	1290	2520	205	3
49411	73	16040	3310	80	0	0
49412	1	26026	1410	3620	0	0
49412	2	61011	1350	2800	175	1
49412	3	61003	990	2020	175	3
49412	4	61003	1130	1560	175	1
49412	5	61011	390	3260	0	0
49412	6	61011	510	3180	0	0
49412	7	61011	450	3220	0	0
49412	8	61011	1330	2700	175	3
49412	9	61011	490	3600	0	0
49412	10	61004	510	3700	175	3
49412	11	61007	390	2680	175	3
49412	12	61002	310	2620	225	3
49412	13	61002	310	2760	225	1
49412	14	61011	490	2640	0	0
49412	15	61011	490	2760	0	0
49412	16	61001	530	1900	225	3
49412	17	61001	630	1940	225	3
49412	18	61003	1110	2100	175	1
49412	19	61002	1030	1700	225	1
49412	20	61002	1210	1780	225	3
49412	21	61008	410	300	175	3
49412	22	61011	1050	400	0	0
49412	23	61011	970	440	225	1
49412	24	61002	910	720	225	3
49412	25	61002	890	780	225	3
49412	26	61003	1250	680	175	3
49412	27	61003	1330	740	175	1
49412	28	61011	370	420	0	0
49412	29	61011	310	420	0	0
49412	30	61004	490	260	175	3
49412	31	61004	490	340	175	3
49412	32	61012	690	2320	0	0
49412	33	61012	790	2360	0	0
49412	34	61017	290	3620	0	0
49412	35	61017	310	3720	0	0
49412	36	61012	1330	3180	0	0
49412	37	61012	1410	3120	0	0
49412	38	61012	610	3240	0	0
49412	39	61012	690	3180	0	0
49412	40	61012	650	2580	0	0
49412	41	61012	770	2620	0	0
49412	42	61012	350	1800	0	0
49412	43	61012	430	1740	0	0
49412	44	61017	310	1360	0	0
49412	45	61017	430	1360	0	0
49412	46	61017	370	1260	0	0
49412	47	61012	370	880	0	0
49412	48	61012	450	840	0	0
49412	49	61012	1390	1480	0	0
49412	50	61012	1390	1340	0	0
49413	1	26027	210	1660	0	0
49413	2	61001	510	1140	225	3
49413	3	61001	610	1140	225	3
49413	4	61003	650	740	175	3
49413	5	61003	750	740	175	3
49413	6	61002	1090	440	225	3
49413	7	61002	1190	440	225	1
49413	8	61004	1410	620	175	1
49413	9	61004	1490	660	175	1
49413	10	61011	2350	300	0	0
49413	11	61011	2410	380	0	0
49413	12	61011	2250	300	0	0
49413	13	61011	2310	380	0	0
49413	14	61011	2370	460	0	0
49413	15	61009	1690	1440	125	3
49413	16	61011	1410	1260	0	0
49413	17	61011	1490	1220	0	0
49413	18	61011	2070	1520	0	0
49413	19	61011	1990	1460	0	0
49413	20	61003	1630	1340	175	3
49413	21	61003	1750	1340	175	3
49413	22	61001	1610	1500	225	3
49413	23	61001	1770	1500	225	3
49413	24	61003	1190	900	175	3
49413	25	61003	1290	900	175	3
49413	26	61012	2710	1740	0	0
49413	27	61012	2630	1800	0	0
49413	28	61012	2630	1700	0	0
49413	29	61011	3010	480	175	3
49413	30	61011	2690	1020	175	1
49413	31	61010	3710	900	125	1
49413	32	61012	3910	840	0	0
49413	33	61012	3670	720	0	0
49413	34	61003	3630	860	175	3
49413	35	61003	3790	940	175	1
49413	36	61004	3750	1160	175	1
49413	37	61004	3670	1160	175	3
49413	38	26011	3050	1640	0	0
49413	39	26036	590	1720	0	0
49413	40	26037	770	1720	0	0
49413	41	26038	950	1720	0	0
49413	42	61002	1070	660	225	3
49413	43	61002	1150	720	225	3
49413	44	61002	1870	460	225	1
49413	45	61002	1950	500	225	1
49413	46	61001	1710	840	225	3
49413	47	61001	1790	880	225	1
49413	48	61003	2290	1580	175	3
49413	49	61003	2370	1640	175	1
49413	50	61011	2750	1060	175	3
49413	51	61012	3450	800	0	0
49413	52	61012	3410	900	0	0
49413	53	61011	930	1220	0	0
49413	54	61011	990	1180	0	0
49413	55	61011	1490	1660	0	0
49413	56	61011	1570	1760	0	0
49413	57	61011	3870	320	0	0
49413	58	61011	3950	400	0	0
49414	1	26028	3950	2380	0	0
49414	2	61003	3830	1840	175	3
49414	3	61003	3730	1840	175	3
49414	4	61012	3450	1160	0	0
49414	5	61012	3450	1260	0	0
49414	6	61013	3750	460	125	3
49414	7	61003	3810	540	175	3
49414	8	61003	3690	560	175	3
49414	9	61004	3690	380	175	3
49414	10	61003	3630	480	175	3
49414	11	61011	3850	320	0	0
49414	12	61011	3930	400	0	0
49414	13	61004	2850	340	175	3
49414	14	61004	2850	480	175	3
49414	15	61012	2350	600	0	0
49414	16	61012	2350	720	0	0
49414	17	61012	2950	960	0	0
49414	18	61012	2950	1080	0	0
49414	19	61003	2650	880	175	3
49414	20	61003	2650	980	175	1
49414	21	61012	2090	1220	0	0
49414	22	61012	2170	1180	0	0
49414	23	61012	1910	1640	0	0
49414	24	61012	1910	1740	0	0
49414	25	61002	2610	1780	225	3
49414	26	61002	2690	1780	225	3
49414	27	61002	2330	1780	225	3
49414	28	61002	2410	1780	225	1
49414	29	61014	1130	1780	125	3
49414	30	61011	1270	2280	0	0
49414	31	61011	1170	2280	0	0
49414	32	61011	1390	1700	0	0
49414	33	61011	1450	1760	0	0
49414	34	61004	1190	1720	175	3
49414	35	61004	1050	1720	175	3
49414	36	61012	830	1700	0	0
49414	37	61012	830	1780	0	0
49414	38	61011	910	1000	0	0
49414	39	61011	970	960	0	0
49414	40	61011	730	1260	0	0
49414	41	61011	790	1220	0	0
49414	42	61011	1730	1020	0	0
49414	43	61011	1790	980	0	0
49414	44	61011	1090	1360	175	3
49414	45	61004	1550	500	175	1
49414	46	61003	1390	500	175	3
49414	47	61003	1470	440	175	1
49414	48	61001	690	440	225	3
49414	49	61001	810	560	225	3
49414	50	61001	570	560	225	3
49414	51	61001	690	700	225	3
49414	52	61016	430	2320	55	1
49414	53	61011	390	1840	0	0
49414	54	61011	450	1780	0	0
49414	55	61011	350	2200	0	0
49414	56	61011	510	2200	0	0
49414	57	61012	570	2300	0	0
49414	58	61012	290	2300	0	0
49414	59	61015	690	560	55	1
49414	60	61004	3690	1200	175	3
49414	61	61004	3790	1200	175	3
49414	62	61011	2510	400	0	0
49414	63	61011	2590	320	0	0
49414	64	61011	3910	720	0	0
49414	65	61011	3550	720	0	0
49414	66	61012	2530	1300	0	0
49414	67	61012	2630	1320	0	0
49414	68	61011	2370	1540	0	0
49414	69	61011	2470	1580	0	0
49414	70	61011	330	380	0	0
49414	71	61011	450	320	0	0
49414	72	61012	1790	2360	0	0
49414	73	61012	1870	2420	0	0
49414	74	61011	2850	2160	0	0
49414	75	61011	2950	2080	0	0
49414	76	61002	2350	2160	225	1
49414	77	61002	2470	2160	225	3
49414	78	61004	1230	1920	175	3
49414	79	61004	1230	2020	175	1
49414	80	61011	1630	300	0	0
49414	81	61011	1710	400	0	0
49414	82	61011	310	740	0	0
49414	83	61011	390	840	0	0
49414	84	61004	410	1240	175	3
49414	85	61004	490	1240	175	1
49414	86	61004	810	700	175	3
49414	87	61004	570	440	175	3
49414	88	61004	810	440	175	3
49414	89	61004	570	700	175	1
49414	90	61012	3290	260	0	0
49414	91	61012	3290	440	0	0
49414	92	61012	350	2420	0	0
49414	93	61012	510	2420	0	0
49414	94	61017	710	2380	0	0
49419	1	16058	350	260	0	0
49419	2	16060	430	180	0	0
49419	3	16040	1070	180	0	0
49419	4	16077	830	720	0	0
49419	5	16078	930	680	0	0
49419	6	16079	730	760	0	0
49419	7	16061	570	180	0	0
49419	8	13030	290	660	0	0
49421	1	44012	1790	1700	0	0
49421	2	61001	2950	2900	225	3
49421	3	61001	2870	2980	205	3
49421	4	61002	2910	2940	205	1
49421	5	61004	2950	2980	155	1
49421	6	61003	2990	2940	155	1
49421	7	61003	2910	3020	155	3
49421	8	61002	450	2860	205	3
49421	9	61001	490	2900	205	1
49421	10	61001	410	2820	205	1
49421	11	61004	410	2900	155	1
49421	12	61003	450	2940	155	1
49421	13	61003	370	2860	155	3
49421	14	61017	370	3060	0	0
49421	15	61017	430	3060	0	0
49421	16	61017	490	3060	0	0
49421	17	61017	410	2780	0	0
49421	18	61017	350	2780	0	0
49421	19	61017	290	2780	0	0
49421	20	61017	590	3040	0	0
49421	21	61017	590	2980	0	0
49421	22	61017	590	2920	0	0
49421	23	61017	270	2900	0	0
49421	24	61017	310	2940	0	0
49421	25	61017	350	2980	0	0
49421	26	61017	2790	2980	0	0
49421	27	61017	2710	2980	0	0
49421	28	61017	2750	3060	0	0
49421	29	61017	2910	2860	0	0
49421	30	61017	2990	2860	0	0
49421	31	61017	3070	2860	0	0
49421	32	61011	1450	620	0	0
49421	33	61011	1370	680	0	0
49421	34	61017	1770	480	0	0
49421	35	61017	1690	520	0	0
49421	36	61012	1450	760	0	0
49421	37	61012	1530	700	0	0
49421	38	61017	1770	600	0	0
49421	39	61017	1850	560	0	0
49421	40	61017	1250	700	0	0
49421	41	61017	1170	640	0	0
49421	42	61017	1090	580	0	0
49421	43	61017	1050	220	0	0
49421	44	61017	950	280	0	0
49421	45	61017	1030	360	0	0
49421	46	61017	1130	300	0	0
49421	47	61001	1390	480	205	3
49421	48	61001	1570	500	205	1
49421	49	61002	1530	540	205	3
49421	50	61005	270	3020	155	1
49421	51	61006	3010	3040	155	3
49421	52	61017	3130	3000	0	0
49421	53	61017	3090	3040	0	0
49421	54	61017	3050	3080	0	0
49421	55	61017	210	280	0	0
49421	56	61017	270	240	0	0
49421	57	61017	330	200	0	0
49421	58	61017	390	260	0	0
49421	59	61017	330	300	0	0
49421	60	61017	270	340	0	0
49421	61	61001	730	600	225	1
49421	62	61002	670	720	225	3
49421	63	61001	610	600	225	1
49421	64	61003	590	1460	155	3
49421	65	61004	590	1520	155	3
49421	66	61004	590	1580	155	3
49421	67	61004	2810	1700	155	3
49421	68	61004	2730	1700	155	3
49421	69	61004	2650	1700	155	3
49421	70	61001	1290	2680	205	3
49421	71	61002	1290	2600	205	3
49421	72	61001	1290	2520	205	3
49421	73	16040	3310	80	0	0
49422	1	26026	1410	3620	0	0
49422	2	61011	1350	2800	175	1
49422	3	61003	990	2020	175	3
49422	4	61003	1130	1560	175	3
49422	5	61011	390	3260	0	0
49422	6	61011	510	3180	0	0
49422	7	61011	450	3220	0	0
49422	8	61011	1330	2700	175	1
49422	9	61011	490	3600	0	0
49422	10	61004	510	3700	175	3
49422	11	61007	390	2680	175	3
49422	12	61002	310	2620	225	1
49422	13	61002	310	2760	225	1
49422	14	61011	490	2640	0	0
49422	15	61011	490	2760	0	0
49422	16	61001	530	1900	225	3
49422	17	61001	630	1940	225	1
49422	18	61003	1110	2100	175	3
49422	19	61002	1030	1700	225	3
49422	20	61002	1210	1780	225	1
49422	21	61008	410	300	175	1
49422	22	61011	1050	400	0	0
49422	23	61011	970	440	225	3
49422	24	61002	910	720	225	1
49422	25	61002	890	780	225	3
49422	26	61003	1250	680	175	3
49422	27	61003	1330	740	175	1
49422	28	61011	370	420	0	0
49422	29	61011	310	420	0	0
49422	30	61004	490	260	175	1
49422	31	61004	490	340	175	1
49422	32	61012	690	2320	0	0
49422	33	61012	790	2360	0	0
49422	34	61017	290	3620	0	0
49422	35	61017	310	3720	0	0
49422	36	61012	1330	3180	0	0
49422	37	61012	1410	3120	0	0
49422	38	61012	610	3240	0	0
49422	39	61012	690	3180	0	0
49422	40	61012	650	2580	0	0
49422	41	61012	770	2620	0	0
49422	42	61012	350	1800	0	0
49422	43	61012	430	1740	0	0
49422	44	61017	310	1360	0	0
49422	45	61017	430	1360	0	0
49422	46	61017	370	1260	0	0
49422	47	61012	370	880	0	0
49422	48	61012	450	840	0	0
49422	49	61012	1390	1480	0	0
49422	50	61012	1390	1340	0	0
49423	1	26027	210	1660	0	0
49423	2	61001	510	1140	225	3
49423	3	61001	610	1140	225	1
49423	4	61003	650	740	175	3
49423	5	61003	750	740	175	3
49423	6	61002	1090	440	225	3
49423	7	61002	1190	440	225	1
49423	8	61004	1410	620	175	3
49423	9	61004	1490	660	175	3
49423	10	61011	2350	300	0	0
49423	11	61011	2410	380	0	0
49423	12	61011	2250	300	0	0
49423	13	61011	2310	380	0	0
49423	14	61011	2370	460	0	0
49423	15	61009	1690	1440	125	3
49423	16	61011	1410	1260	0	0
49423	17	61011	1490	1220	0	0
49423	18	61011	2070	1520	0	0
49423	19	61011	1990	1460	0	0
49423	20	61003	1630	1340	175	3
49423	21	61003	1750	1340	175	1
49423	22	61001	1610	1500	225	1
49423	23	61001	1770	1500	225	1
49423	24	61003	1190	900	175	1
49423	25	61003	1290	900	175	3
49423	26	61012	2710	1740	0	0
49423	27	61012	2630	1800	0	0
49423	28	61012	2630	1700	0	0
49423	29	61011	3010	480	175	1
49423	30	61011	2690	1020	175	3
49423	31	61010	3710	900	125	1
49423	32	61012	3910	840	0	0
49423	33	61012	3670	720	0	0
49423	34	61003	3630	860	175	3
49423	35	61003	3790	940	175	3
49423	36	61004	3750	1160	175	3
49423	37	61004	3670	1160	175	1
49423	38	26011	3050	1640	0	0
49423	39	26036	590	1720	0	0
49423	40	26037	770	1720	0	0
49423	41	26038	950	1720	0	0
49423	42	61002	1070	660	225	3
49423	43	61002	1150	720	225	1
49423	44	61002	1870	460	225	1
49423	45	61002	1950	500	225	3
49423	46	61001	1710	840	225	3
49423	47	61001	1790	880	225	1
49423	48	61003	2290	1580	175	1
49423	49	61003	2370	1640	175	1
49423	50	61011	2750	1060	175	1
49423	51	61012	3450	800	0	0
49423	52	61012	3410	900	0	0
49423	53	61011	930	1220	0	0
49423	54	61011	990	1180	0	0
49423	55	61011	1490	1660	0	0
49423	56	61011	1570	1760	0	0
49423	57	61011	3870	320	0	0
49423	58	61011	3950	400	0	0
49424	1	26028	3950	2380	0	0
49424	2	61003	3830	1840	175	1
49424	3	61003	3730	1840	175	3
49424	4	61012	3450	1160	0	0
49424	5	61012	3450	1260	0	0
49424	6	61013	3750	460	125	3
49424	7	61003	3810	540	175	3
49424	8	61003	3690	560	175	1
49424	9	61004	3690	380	175	3
49424	10	61003	3630	480	175	3
49424	11	61011	3850	320	0	0
49424	12	61011	3930	400	0	0
49424	13	61004	2850	340	175	3
49424	14	61004	2850	480	175	3
49424	15	61012	2350	600	0	0
49424	16	61012	2350	720	0	0
49424	17	61012	2950	960	0	0
49424	18	61012	2950	1080	0	0
49424	19	61003	2650	880	175	3
49424	20	61003	2650	980	175	3
49424	21	61012	2090	1220	0	0
49424	22	61012	2170	1180	0	0
49424	23	61012	1910	1640	0	0
49424	24	61012	1910	1740	0	0
49424	25	61002	2610	1780	225	1
49424	26	61002	2690	1780	225	3
49424	27	61002	2330	1780	225	3
49424	28	61002	2410	1780	225	3
49424	29	61014	1130	1780	125	3
49424	30	61011	1270	2280	0	0
49424	31	61011	1170	2280	0	0
49424	32	61011	1390	1700	0	0
49424	33	61011	1450	1760	0	0
49424	34	61004	1190	1720	175	1
49424	35	61004	1050	1720	175	3
49424	36	61012	830	1700	0	0
49424	37	61012	830	1780	0	0
49424	38	61011	910	1000	0	0
49424	39	61011	970	960	0	0
49424	40	61011	730	1260	0	0
49424	41	61011	790	1220	0	0
49424	42	61011	1730	1020	0	0
49424	43	61011	1790	980	0	0
49424	44	61011	1090	1360	175	1
49424	45	61004	1550	500	175	1
49424	46	61003	1390	500	175	1
49424	47	61003	1470	440	175	3
49424	48	61001	690	440	225	3
49424	49	61001	810	560	225	1
49424	50	61001	570	560	225	1
49424	51	61001	690	700	225	3
49424	52	61016	430	2320	55	3
49424	53	61011	390	1840	0	0
49424	54	61011	450	1780	0	0
49424	55	61011	350	2200	0	0
49424	56	61011	510	2200	0	0
49424	57	61012	570	2300	0	0
49424	58	61012	290	2300	0	0
49424	59	61015	690	560	55	1
49424	60	61004	3690	1200	175	3
49424	61	61004	3790	1200	175	3
49424	62	61011	2510	400	0	0
49424	63	61011	2590	320	0	0
49424	64	61011	3910	720	0	0
49424	65	61011	3550	720	0	0
49424	66	61012	2530	1300	0	0
49424	67	61012	2630	1320	0	0
49424	68	61011	2370	1540	0	0
49424	69	61011	2470	1580	0	0
49424	70	61011	330	380	0	0
49424	71	61011	450	320	0	0
49424	72	61012	1790	2360	0	0
49424	73	61012	1870	2420	0	0
49424	74	61011	2850	2160	0	0
49424	75	61011	2950	2080	0	0
49424	76	61002	2350	2160	225	3
49424	77	61002	2470	2160	225	3
49424	78	61004	1230	1920	175	1
49424	79	61004	1230	2020	175	1
49424	80	61011	1630	300	0	0
49424	81	61011	1710	400	0	0
49424	82	61011	310	740	0	0
49424	83	61011	390	840	0	0
49424	84	61004	410	1240	175	3
49424	85	61004	490	1240	175	3
49424	86	61004	810	700	175	3
49424	87	61004	570	440	175	1
49424	88	61004	810	440	175	1
49424	89	61004	570	700	175	3
49424	90	61012	3290	260	0	0
49424	91	61012	3290	440	0	0
49424	92	61012	350	2420	0	0
49424	93	61012	510	2420	0	0
49424	94	61017	710	2380	0	0
49429	1	16058	350	260	0	0
49429	2	16060	430	180	0	0
49429	3	16040	1070	180	0	0
49429	4	16077	830	720	0	0
49429	5	16078	930	680	0	0
49429	6	16079	730	760	0	0
49429	7	16061	570	180	0	0
49429	8	13030	290	660	0	0
49431	1	44012	1790	1700	0	0
49431	2	61001	2950	2900	225	3
49431	3	61001	2870	2980	205	3
49431	4	61002	2910	2940	205	3
49431	5	61004	2950	2980	155	3
49431	6	61003	2990	2940	155	3
49431	7	61003	2910	3020	155	1
49431	8	61002	450	2860	205	3
49431	9	61001	490	2900	205	3
49431	10	61001	410	2820	205	3
49431	11	61004	410	2900	155	3
49431	12	61003	450	2940	155	1
49431	13	61003	370	2860	155	3
49431	14	61017	370	3060	0	0
49431	15	61017	430	3060	0	0
49431	16	61017	490	3060	0	0
49431	17	61017	410	2780	0	0
49431	18	61017	350	2780	0	0
49431	19	61017	290	2780	0	0
49431	20	61017	590	3040	0	0
49431	21	61017	590	2980	0	0
49431	22	61017	590	2920	0	0
49431	23	61017	270	2900	0	0
49431	24	61017	310	2940	0	0
49431	25	61017	350	2980	0	0
49431	26	61017	2790	2980	0	0
49431	27	61017	2710	2980	0	0
49431	28	61017	2750	3060	0	0
49431	29	61017	2910	2860	0	0
49431	30	61017	2990	2860	0	0
49431	31	61017	3070	2860	0	0
49431	32	61011	1450	620	0	0
49431	33	61011	1370	680	0	0
49431	34	61017	1770	480	0	0
49431	35	61017	1690	520	0	0
49431	36	61012	1450	760	0	0
49431	37	61012	1530	700	0	0
49431	38	61017	1770	600	0	0
49431	39	61017	1850	560	0	0
49431	40	61017	1250	700	0	0
49431	41	61017	1170	640	0	0
49431	42	61017	1090	580	0	0
49431	43	61017	1050	220	0	0
49431	44	61017	950	280	0	0
49431	45	61017	1030	360	0	0
49431	46	61017	1130	300	0	0
49431	47	61001	1390	480	205	1
49431	48	61001	1570	500	205	1
49431	49	61002	1530	540	205	3
49431	50	61005	270	3020	155	3
49431	51	61006	3010	3040	155	1
49431	52	61017	3130	3000	0	0
49431	53	61017	3090	3040	0	0
49431	54	61017	3050	3080	0	0
49431	55	61017	210	280	0	0
49431	56	61017	270	240	0	0
49431	57	61017	330	200	0	0
49431	58	61017	390	260	0	0
49431	59	61017	330	300	0	0
49431	60	61017	270	340	0	0
49431	61	61001	730	600	225	1
49431	62	61002	670	720	225	3
49431	63	61001	610	600	225	3
49431	64	61003	590	1460	155	3
49431	65	61004	590	1520	155	3
49431	66	61004	590	1580	155	1
49431	67	61004	2810	1700	155	3
49431	68	61004	2730	1700	155	3
49431	69	61004	2650	1700	155	1
49431	70	61001	1290	2680	205	3
49431	71	61002	1290	2600	205	3
49431	72	61001	1290	2520	205	3
49431	73	16040	3310	80	0	0
49432	1	26026	1410	3620	0	0
49432	2	61011	1350	2800	175	1
49432	3	61003	990	2020	175	1
49432	4	61003	1130	1560	175	3
49432	5	61011	390	3260	0	0
49432	6	61011	510	3180	0	0
49432	7	61011	450	3220	0	0
49432	8	61011	1330	2700	175	1
49432	9	61011	490	3600	0	0
49432	10	61004	510	3700	175	1
49432	11	61007	390	2680	175	3
49432	12	61002	310	2620	225	3
49432	13	61002	310	2760	225	3
49432	14	61011	490	2640	0	0
49432	15	61011	490	2760	0	0
49432	16	61001	530	1900	225	3
49432	17	61001	630	1940	225	3
49432	18	61003	1110	2100	175	1
49432	19	61002	1030	1700	225	3
49432	20	61002	1210	1780	225	1
49432	21	61008	410	300	175	3
49432	22	61011	1050	400	0	0
49432	23	61011	970	440	225	1
49432	24	61002	910	720	225	3
49432	25	61002	890	780	225	3
49432	26	61003	1250	680	175	3
49432	27	61003	1330	740	175	1
49432	28	61011	370	420	0	0
49432	29	61011	310	420	0	0
49432	30	61004	490	260	175	1
49432	31	61004	490	340	175	3
49432	32	61012	690	2320	0	0
49432	33	61012	790	2360	0	0
49432	34	61017	290	3620	0	0
49432	35	61017	310	3720	0	0
49432	36	61012	1330	3180	0	0
49432	37	61012	1410	3120	0	0
49432	38	61012	610	3240	0	0
49432	39	61012	690	3180	0	0
49432	40	61012	650	2580	0	0
49432	41	61012	770	2620	0	0
49432	42	61012	350	1800	0	0
49432	43	61012	430	1740	0	0
49432	44	61017	310	1360	0	0
49432	45	61017	430	1360	0	0
49432	46	61017	370	1260	0	0
49432	47	61012	370	880	0	0
49432	48	61012	450	840	0	0
49432	49	61012	1390	1480	0	0
49432	50	61012	1390	1340	0	0
49433	1	26027	210	1660	0	0
49433	2	61001	510	1140	225	3
49433	3	61001	610	1140	225	1
49433	4	61003	650	740	175	3
49433	5	61003	750	740	175	1
49433	6	61002	1090	440	225	3
49433	7	61002	1190	440	225	1
49433	8	61004	1410	620	175	3
49433	9	61004	1490	660	175	3
49433	10	61011	2350	300	0	0
49433	11	61011	2410	380	0	0
49433	12	61011	2250	300	0	0
49433	13	61011	2310	380	0	0
49433	14	61011	2370	460	0	0
49433	15	61009	1690	1440	125	1
49433	16	61011	1410	1260	0	0
49433	17	61011	1490	1220	0	0
49433	18	61011	2070	1520	0	0
49433	19	61011	1990	1460	0	0
49433	20	61003	1630	1340	175	1
49433	21	61003	1750	1340	175	1
49433	22	61001	1610	1500	225	1
49433	23	61001	1770	1500	225	3
49433	24	61003	1190	900	175	3
49433	25	61003	1290	900	175	3
49433	26	61012	2710	1740	0	0
49433	27	61012	2630	1800	0	0
49433	28	61012	2630	1700	0	0
49433	29	61011	3010	480	175	1
49433	30	61011	2690	1020	175	1
49433	31	61010	3710	900	125	3
49433	32	61012	3910	840	0	0
49433	33	61012	3670	720	0	0
49433	34	61003	3630	860	175	3
49433	35	61003	3790	940	175	1
49433	36	61004	3750	1160	175	3
49433	37	61004	3670	1160	175	3
49433	38	26011	3050	1640	0	0
49433	39	26036	590	1720	0	0
49433	40	26037	770	1720	0	0
49433	41	26038	950	1720	0	0
49433	42	61002	1070	660	225	1
49433	43	61002	1150	720	225	3
49433	44	61002	1870	460	225	1
49433	45	61002	1950	500	225	3
49433	46	61001	1710	840	225	3
49433	47	61001	1790	880	225	3
49433	48	61003	2290	1580	175	3
49433	49	61003	2370	1640	175	3
49433	50	61011	2750	1060	175	3
49433	51	61012	3450	800	0	0
49433	52	61012	3410	900	0	0
49433	53	61011	930	1220	0	0
49433	54	61011	990	1180	0	0
49433	55	61011	1490	1660	0	0
49433	56	61011	1570	1760	0	0
49433	57	61011	3870	320	0	0
49433	58	61011	3950	400	0	0
49434	1	26028	3950	2380	0	0
49434	2	61003	3830	1840	175	3
49434	3	61003	3730	1840	175	3
49434	4	61012	3450	1160	0	0
49434	5	61012	3450	1260	0	0
49434	6	61013	3750	460	125	3
49434	7	61003	3810	540	175	3
49434	8	61003	3690	560	175	3
49434	9	61004	3690	380	175	1
49434	10	61003	3630	480	175	1
49434	11	61011	3850	320	0	0
49434	12	61011	3930	400	0	0
49434	13	61004	2850	340	175	3
49434	14	61004	2850	480	175	1
49434	15	61012	2350	600	0	0
49434	16	61012	2350	720	0	0
49434	17	61012	2950	960	0	0
49434	18	61012	2950	1080	0	0
49434	19	61003	2650	880	175	1
49434	20	61003	2650	980	175	1
49434	21	61012	2090	1220	0	0
49434	22	61012	2170	1180	0	0
49434	23	61012	1910	1640	0	0
49434	24	61012	1910	1740	0	0
49434	25	61002	2610	1780	225	3
49434	26	61002	2690	1780	225	3
49434	27	61002	2330	1780	225	1
49434	28	61002	2410	1780	225	3
49434	29	61014	1130	1780	125	3
49434	30	61011	1270	2280	0	0
49434	31	61011	1170	2280	0	0
49434	32	61011	1390	1700	0	0
49434	33	61011	1450	1760	0	0
49434	34	61004	1190	1720	175	1
49434	35	61004	1050	1720	175	3
49434	36	61012	830	1700	0	0
49434	37	61012	830	1780	0	0
49434	38	61011	910	1000	0	0
49434	39	61011	970	960	0	0
49434	40	61011	730	1260	0	0
49434	41	61011	790	1220	0	0
49434	42	61011	1730	1020	0	0
49434	43	61011	1790	980	0	0
49434	44	61011	1090	1360	175	1
49434	45	61004	1550	500	175	3
49434	46	61003	1390	500	175	3
49434	47	61003	1470	440	175	3
49434	48	61001	690	440	225	1
49434	49	61001	810	560	225	1
49434	50	61001	570	560	225	1
49434	51	61001	690	700	225	3
49434	52	61016	430	2320	55	1
49434	53	61011	390	1840	0	0
49434	54	61011	450	1780	0	0
49434	55	61011	350	2200	0	0
49434	56	61011	510	2200	0	0
49434	57	61012	570	2300	0	0
49434	58	61012	290	2300	0	0
49434	59	61015	690	560	55	1
49434	60	61004	3690	1200	175	1
49434	61	61004	3790	1200	175	3
49434	62	61011	2510	400	0	0
49434	63	61011	2590	320	0	0
49434	64	61011	3910	720	0	0
49434	65	61011	3550	720	0	0
49434	66	61012	2530	1300	0	0
49434	67	61012	2630	1320	0	0
49434	68	61011	2370	1540	0	0
49434	69	61011	2470	1580	0	0
49434	70	61011	330	380	0	0
49434	71	61011	450	320	0	0
49434	72	61012	1790	2360	0	0
49434	73	61012	1870	2420	0	0
49434	74	61011	2850	2160	0	0
49434	75	61011	2950	2080	0	0
49434	76	61002	2350	2160	225	3
49434	77	61002	2470	2160	225	3
49434	78	61004	1230	1920	175	3
49434	79	61004	1230	2020	175	1
49434	80	61011	1630	300	0	0
49434	81	61011	1710	400	0	0
49434	82	61011	310	740	0	0
49434	83	61011	390	840	0	0
49434	84	61004	410	1240	175	1
49434	85	61004	490	1240	175	3
49434	86	61004	810	700	175	1
49434	87	61004	570	440	175	3
49434	88	61004	810	440	175	3
49434	89	61004	570	700	175	1
49434	90	61012	3290	260	0	0
49434	91	61012	3290	440	0	0
49434	92	61012	350	2420	0	0
49434	93	61012	510	2420	0	0
49434	94	61017	710	2380	0	0
49439	1	16058	350	260	0	0
49439	2	16060	430	180	0	0
49439	3	16040	1070	180	0	0
49439	4	16077	830	720	0	0
49439	5	16078	930	680	0	0
49439	6	16079	730	760	0	0
49439	7	16061	570	180	0	0
49439	8	13030	290	660	0	0
49441	1	44012	1790	1700	0	0
49441	2	61001	2950	2900	225	1
49441	3	61001	2870	2980	205	3
49441	4	61002	2910	2940	205	3
49441	5	61004	2950	2980	155	3
49441	6	61003	2990	2940	155	3
49441	7	61003	2910	3020	155	1
49441	8	61002	450	2860	205	3
49441	9	61001	490	2900	205	3
49441	10	61001	410	2820	205	3
49441	11	61004	410	2900	155	1
49441	12	61003	450	2940	155	3
49441	13	61003	370	2860	155	1
49441	14	61017	370	3060	0	0
49441	15	61017	430	3060	0	0
49441	16	61017	490	3060	0	0
49441	17	61017	410	2780	0	0
49441	18	61017	350	2780	0	0
49441	19	61017	290	2780	0	0
49441	20	61017	590	3040	0	0
49441	21	61017	590	2980	0	0
49441	22	61017	590	2920	0	0
49441	23	61017	270	2900	0	0
49441	24	61017	310	2940	0	0
49441	25	61017	350	2980	0	0
49441	26	61017	2790	2980	0	0
49441	27	61017	2710	2980	0	0
49441	28	61017	2750	3060	0	0
49441	29	61017	2910	2860	0	0
49441	30	61017	2990	2860	0	0
49441	31	61017	3070	2860	0	0
49441	32	61011	1450	620	0	0
49441	33	61011	1370	680	0	0
49441	34	61017	1770	480	0	0
49441	35	61017	1690	520	0	0
49441	36	61012	1450	760	0	0
49441	37	61012	1530	700	0	0
49441	38	61017	1770	600	0	0
49441	39	61017	1850	560	0	0
49441	40	61017	1250	700	0	0
49441	41	61017	1170	640	0	0
49441	42	61017	1090	580	0	0
49441	43	61017	1050	220	0	0
49441	44	61017	950	280	0	0
49441	45	61017	1030	360	0	0
49441	46	61017	1130	300	0	0
49441	47	61001	1390	480	205	1
49441	48	61001	1570	500	205	1
49441	49	61002	1530	540	205	1
49441	50	61005	270	3020	155	1
49441	51	61006	3010	3040	155	1
49441	52	61017	3130	3000	0	0
49441	53	61017	3090	3040	0	0
49441	54	61017	3050	3080	0	0
49441	55	61017	210	280	0	0
49441	56	61017	270	240	0	0
49441	57	61017	330	200	0	0
49441	58	61017	390	260	0	0
49441	59	61017	330	300	0	0
49441	60	61017	270	340	0	0
49441	61	61001	730	600	225	1
49441	62	61002	670	720	225	3
49441	63	61001	610	600	225	3
49441	64	61003	590	1460	155	3
49441	65	61004	590	1520	155	3
49441	66	61004	590	1580	155	1
49441	67	61004	2810	1700	155	3
49441	68	61004	2730	1700	155	3
49441	69	61004	2650	1700	155	3
49441	70	61001	1290	2680	205	3
49441	71	61002	1290	2600	205	3
49441	72	61001	1290	2520	205	3
49441	73	16040	3310	80	0	0
49442	1	26026	1410	3620	0	0
49442	2	61011	1350	2800	175	3
49442	3	61003	990	2020	175	3
49442	4	61003	1130	1560	175	3
49442	5	61011	390	3260	0	0
49442	6	61011	510	3180	0	0
49442	7	61011	450	3220	0	0
49442	8	61011	1330	2700	175	1
49442	9	61011	490	3600	0	0
49442	10	61004	510	3700	175	1
49442	11	61007	390	2680	175	1
49442	12	61002	310	2620	225	1
49442	13	61002	310	2760	225	1
49442	14	61011	490	2640	0	0
49442	15	61011	490	2760	0	0
49442	16	61001	530	1900	225	3
49442	17	61001	630	1940	225	3
49442	18	61003	1110	2100	175	1
49442	19	61002	1030	1700	225	3
49442	20	61002	1210	1780	225	3
49442	21	61008	410	300	175	1
49442	22	61011	1050	400	0	0
49442	23	61011	970	440	225	3
49442	24	61002	910	720	225	3
49442	25	61002	890	780	225	1
49442	26	61003	1250	680	175	1
49442	27	61003	1330	740	175	1
49442	28	61011	370	420	0	0
49442	29	61011	310	420	0	0
49442	30	61004	490	260	175	3
49442	31	61004	490	340	175	1
49442	32	61012	690	2320	0	0
49442	33	61012	790	2360	0	0
49442	34	61017	290	3620	0	0
49442	35	61017	310	3720	0	0
49442	36	61012	1330	3180	0	0
49442	37	61012	1410	3120	0	0
49442	38	61012	610	3240	0	0
49442	39	61012	690	3180	0	0
49442	40	61012	650	2580	0	0
49442	41	61012	770	2620	0	0
49442	42	61012	350	1800	0	0
49442	43	61012	430	1740	0	0
49442	44	61017	310	1360	0	0
49442	45	61017	430	1360	0	0
49442	46	61017	370	1260	0	0
49442	47	61012	370	880	0	0
49442	48	61012	450	840	0	0
49442	49	61012	1390	1480	0	0
49442	50	61012	1390	1340	0	0
49443	1	26027	210	1660	0	0
49443	2	61001	510	1140	225	3
49443	3	61001	610	1140	225	1
49443	4	61003	650	740	175	1
49443	5	61003	750	740	175	3
49443	6	61002	1090	440	225	1
49443	7	61002	1190	440	225	1
49443	8	61004	1410	620	175	1
49443	9	61004	1490	660	175	3
49443	10	61011	2350	300	0	0
49443	11	61011	2410	380	0	0
49443	12	61011	2250	300	0	0
49443	13	61011	2310	380	0	0
49443	14	61011	2370	460	0	0
49443	15	61009	1690	1440	125	1
49443	16	61011	1410	1260	0	0
49443	17	61011	1490	1220	0	0
49443	18	61011	2070	1520	0	0
49443	19	61011	1990	1460	0	0
49443	20	61003	1630	1340	175	3
49443	21	61003	1750	1340	175	1
49443	22	61001	1610	1500	225	3
49443	23	61001	1770	1500	225	3
49443	24	61003	1190	900	175	1
49443	25	61003	1290	900	175	3
49443	26	61012	2710	1740	0	0
49443	27	61012	2630	1800	0	0
49443	28	61012	2630	1700	0	0
49443	29	61011	3010	480	175	1
49443	30	61011	2690	1020	175	1
49443	31	61010	3710	900	125	1
49443	32	61012	3910	840	0	0
49443	33	61012	3670	720	0	0
49443	34	61003	3630	860	175	1
49443	35	61003	3790	940	175	1
49443	36	61004	3750	1160	175	3
49443	37	61004	3670	1160	175	3
49443	38	26011	3050	1640	0	0
49443	39	26036	590	1720	0	0
49443	40	26037	770	1720	0	0
49443	41	26038	950	1720	0	0
49443	42	61002	1070	660	225	3
49443	43	61002	1150	720	225	3
49443	44	61002	1870	460	225	3
49443	45	61002	1950	500	225	1
49443	46	61001	1710	840	225	3
49443	47	61001	1790	880	225	3
49443	48	61003	2290	1580	175	3
49443	49	61003	2370	1640	175	3
49443	50	61011	2750	1060	175	1
49443	51	61012	3450	800	0	0
49443	52	61012	3410	900	0	0
49443	53	61011	930	1220	0	0
49443	54	61011	990	1180	0	0
49443	55	61011	1490	1660	0	0
49443	56	61011	1570	1760	0	0
49443	57	61011	3870	320	0	0
49443	58	61011	3950	400	0	0
49444	1	26028	3950	2380	0	0
49444	2	61003	3830	1840	175	3
49444	3	61003	3730	1840	175	3
49444	4	61012	3450	1160	0	0
49444	5	61012	3450	1260	0	0
49444	6	61013	3750	460	125	3
49444	7	61003	3810	540	175	1
49444	8	61003	3690	560	175	3
49444	9	61004	3690	380	175	1
49444	10	61003	3630	480	175	3
49444	11	61011	3850	320	0	0
49444	12	61011	3930	400	0	0
49444	13	61004	2850	340	175	3
49444	14	61004	2850	480	175	3
49444	15	61012	2350	600	0	0
49444	16	61012	2350	720	0	0
49444	17	61012	2950	960	0	0
49444	18	61012	2950	1080	0	0
49444	19	61003	2650	880	175	1
49444	20	61003	2650	980	175	3
49444	21	61012	2090	1220	0	0
49444	22	61012	2170	1180	0	0
49444	23	61012	1910	1640	0	0
49444	24	61012	1910	1740	0	0
49444	25	61002	2610	1780	225	1
49444	26	61002	2690	1780	225	3
49444	27	61002	2330	1780	225	3
49444	28	61002	2410	1780	225	3
49444	29	61014	1130	1780	125	1
49444	30	61011	1270	2280	0	0
49444	31	61011	1170	2280	0	0
49444	32	61011	1390	1700	0	0
49444	33	61011	1450	1760	0	0
49444	34	61004	1190	1720	175	1
49444	35	61004	1050	1720	175	1
49444	36	61012	830	1700	0	0
49444	37	61012	830	1780	0	0
49444	38	61011	910	1000	0	0
49444	39	61011	970	960	0	0
49444	40	61011	730	1260	0	0
49444	41	61011	790	1220	0	0
49444	42	61011	1730	1020	0	0
49444	43	61011	1790	980	0	0
49444	44	61011	1090	1360	175	3
49444	45	61004	1550	500	175	1
49444	46	61003	1390	500	175	1
49444	47	61003	1470	440	175	1
49444	48	61001	690	440	225	3
49444	49	61001	810	560	225	3
49444	50	61001	570	560	225	3
49444	51	61001	690	700	225	3
49444	52	61016	430	2320	55	3
49444	53	61011	390	1840	0	0
49444	54	61011	450	1780	0	0
49444	55	61011	350	2200	0	0
49444	56	61011	510	2200	0	0
49444	57	61012	570	2300	0	0
49444	58	61012	290	2300	0	0
49444	59	61015	690	560	55	1
49444	60	61004	3690	1200	175	3
49444	61	61004	3790	1200	175	3
49444	62	61011	2510	400	0	0
49444	63	61011	2590	320	0	0
49444	64	61011	3910	720	0	0
49444	65	61011	3550	720	0	0
49444	66	61012	2530	1300	0	0
49444	67	61012	2630	1320	0	0
49444	68	61011	2370	1540	0	0
49444	69	61011	2470	1580	0	0
49444	70	61011	330	380	0	0
49444	71	61011	450	320	0	0
49444	72	61012	1790	2360	0	0
49444	73	61012	1870	2420	0	0
49444	74	61011	2850	2160	0	0
49444	75	61011	2950	2080	0	0
49444	76	61002	2350	2160	225	3
49444	77	61002	2470	2160	225	1
49444	78	61004	1230	1920	175	3
49444	79	61004	1230	2020	175	3
49444	80	61011	1630	300	0	0
49444	81	61011	1710	400	0	0
49444	82	61011	310	740	0	0
49444	83	61011	390	840	0	0
49444	84	61004	410	1240	175	3
49444	85	61004	490	1240	175	1
49444	86	61004	810	700	175	1
49444	87	61004	570	440	175	1
49444	88	61004	810	440	175	3
49444	89	61004	570	700	175	1
49444	90	61012	3290	260	0	0
49444	91	61012	3290	440	0	0
49444	92	61012	350	2420	0	0
49444	93	61012	510	2420	0	0
49444	94	61017	710	2380	0	0
49449	1	16058	350	260	0	0
49449	2	16060	430	180	0	0
49449	3	16040	1070	180	0	0
49449	4	16077	830	720	0	0
49449	5	16078	930	680	0	0
49449	6	16079	730	760	0	0
49449	7	16061	570	180	0	0
49449	8	13030	290	660	0	0
49501	1	14474	290	1540	0	0
49501	2	13123	310	1560	0	0
49501	3	14475	330	1500	0	0
49501	4	17565	2010	2840	0	0
49501	5	12112	2050	2840	0	0
49501	6	12113	2210	2320	0	0
49501	7	12061	2030	1920	0	0
49501	8	17565	2070	1920	0	0
49501	9	12112	2010	1460	0	0
49501	10	12061	2190	1020	0	0
49501	11	12113	2150	1020	0	0
49501	12	17565	2010	500	0	0
49501	13	12061	2050	500	0	0
49501	14	12078	2030	200	0	0
49501	15	12081	2170	200	0	0
49503	1	14394	310	220	0	0
49503	2	17366	70	80	0	0
49503	3	17367	110	80	0	0
49503	4	14395	290	260	0	0
49503	5	13123	350	240	0	0
49504	1	14062	3990	1780	0	0
49504	2	14084	3950	1780	0	0
49504	3	14397	4010	1740	0	0
49504	4	13123	4030	1820	0	0
49504	5	17655	70	80	0	0
49504	6	17656	130	80	0	0
49504	7	43031	490	320	0	0
49504	8	43032	530	320	0	0
49504	9	12081	830	420	0	0
49504	10	12121	1330	320	0	0
49504	11	12078	1370	320	0	0
49504	12	12081	1950	420	0	0
49504	13	12078	2410	320	0	0
49504	14	12121	3010	700	0	0
49504	15	43032	2970	700	0	0
49504	16	12078	2850	1280	0	0
49504	17	12081	2990	1280	0	0
49504	18	12042	2690	1820	0	0
49504	19	12069	2690	1720	0	0
49504	20	12073	2750	1780	0	0
49504	21	13021	2930	1740	0	0
49511	1	14355	270	240	0	0
49511	2	14356	250	280	0	0
49511	3	13047	290	220	0	0
49511	4	17367	450	1600	0	0
49511	5	11009	490	1600	0	0
49511	6	11146	1070	1700	0	0
49511	7	11131	1290	1600	0	0
49511	8	17367	1330	1600	0	0
49511	9	11009	1950	1600	0	0
49511	10	11131	2350	1700	0	0
49511	11	11146	2390	1700	0	0
49511	12	17367	3490	1600	0	0
49511	13	11131	3450	1600	0	0
49511	14	11136	3830	1700	0	0
49513	1	14354	270	260	0	0
49513	2	14344	250	300	0	0
49513	3	13047	310	240	0	0
49513	4	17367	70	80	0	0
49513	5	17366	130	80	0	0
49514	1	14031	2310	2900	0	0
49514	2	14053	2290	2880	0	0
49514	3	14330	2350	2920	0	0
49514	4	13047	2330	2880	0	0
49514	5	17655	2470	3260	0	0
49514	6	17656	2410	3260	0	0
49514	7	43031	1990	480	0	0
49514	8	43032	2030	480	0	0
49514	9	11164	2170	740	0	0
49514	10	11165	2010	1040	0	0
49514	11	11136	2050	1040	0	0
49514	12	11164	1870	1720	0	0
49514	13	11165	1730	1640	0	0
49514	14	11136	1270	1660	0	0
49514	15	43032	1230	1660	0	0
49514	16	11136	790	1660	0	0
49514	17	11164	730	1700	0	0
49514	18	11037	210	1880	0	0
49514	19	11022	250	1800	0	0
49514	20	11162	290	1860	0	0
49514	21	13019	270	1640	0	0
49521	1	14355	290	1800	0	0
49521	2	14356	230	1780	0	0
49521	3	17367	4170	780	0	0
49521	4	17366	4170	860	0	0
49521	5	11136	290	940	0	0
49521	6	11164	330	880	0	0
49521	7	13030	470	860	0	0
49523	1	17565	1170	320	0	0
49523	2	17565	1170	400	0	0
49523	3	17580	1110	320	0	0
49523	4	17580	1110	400	0	0
49523	5	17565	1050	320	0	0
49523	6	17565	1050	400	0	0
49523	7	17580	990	320	0	0
49523	8	17580	990	400	0	0
49523	9	17565	930	320	0	0
49523	10	17565	930	400	0	0
49523	11	17580	870	320	0	0
49523	12	17565	870	400	0	0
49523	13	17565	810	320	0	0
49523	14	17580	810	400	0	0
49523	15	17580	750	320	0	0
49523	16	17565	750	400	0	0
49523	17	17565	690	320	0	0
49523	18	17580	690	400	0	0
49523	19	17580	630	320	0	0
49523	20	17565	630	400	0	0
49523	21	14078	210	540	0	0
49523	22	14026	270	540	0	0
49524	1	17655	1190	1620	0	0
49524	2	17655	1190	1700	0	0
49524	3	17656	1270	1620	0	0
49524	4	17656	1270	1700	0	0
49524	5	17655	1350	1620	0	0
49524	6	17655	1350	1700	0	0
49524	7	17656	1430	1620	0	0
49524	8	17656	1430	1700	0	0
49524	9	17655	1510	1620	0	0
49524	10	17655	1510	1700	0	0
49524	11	17656	1590	1620	0	0
49524	12	17656	1590	1700	0	0
49524	13	17655	1670	1620	0	0
49524	14	17656	1670	1700	0	0
49524	15	17656	1750	1620	0	0
49524	16	17655	1750	1700	0	0
49524	17	17655	1830	1620	0	0
49524	18	17656	1830	1700	0	0
49524	19	17656	1910	1620	0	0
49524	20	17655	1910	1700	0	0
49524	21	14031	2250	1660	0	0
49524	22	14053	2310	1620	0	0
49524	23	14330	2310	1720	0	0
49524	24	11037	630	3060	0	0
49524	25	11022	590	3120	0	0
49524	26	11162	690	3040	0	0
49524	27	13030	670	3100	0	0
49524	28	17366	30	100	0	0
49524	29	17367	70	100	0	0
49531	1	14401	3170	2460	0	0
49531	2	17565	30	80	0	0
49531	3	12078	3110	280	0	0
49531	4	12081	3150	300	0	0
49531	5	13005	3150	260	0	0
49533	1	17110	1490	3100	0	0
49533	2	14394	1270	2940	0	0
49534	1	14062	3710	1020	0	0
49534	2	43031	3930	900	0	0
49534	3	43033	50	100	0	0
49534	4	43034	90	100	0	0
49534	5	12042	350	1580	0	0
49534	6	12069	290	1560	0	0
49534	7	12073	370	1520	0	0
49534	8	13009	430	1660	0	0
49534	9	13005	490	1660	0	0
49541	1	26001	1710	1020	0	0
49541	2	14398	30	80	0	0
49541	3	20001	230	560	0	0
49543	1	26001	2090	1460	0	0
49543	2	26001	2090	1300	0	0
49543	3	26001	2090	1160	0	0
49543	4	26001	2090	1000	0	0
49543	5	26001	2090	820	0	0
49543	6	26001	2090	660	0	0
49543	7	26001	2090	500	0	0
49543	8	26001	1990	380	0	0
49543	9	26001	1810	360	0	0
49543	10	26001	1650	360	0	0
49543	11	26001	1510	360	0	0
49543	12	14396	270	320	0	0
49543	13	14062	30	80	0	0
49544	1	26001	1730	1660	0	0
49544	2	26001	1530	1660	0	0
49544	3	26001	1350	1660	0	0
49544	4	26001	1170	1660	0	0
49544	5	26001	970	1660	0	0
49544	6	26001	770	1660	0	0
49544	7	26001	590	1660	0	0
49544	8	26001	410	1620	0	0
49544	9	26001	430	1480	0	0
49544	10	26001	430	1340	0	0
49544	11	26001	430	1180	0	0
49544	12	14062	290	300	0	0
49551	1	14351	3130	260	0	0
49553	1	17111	2010	1360	0	0
49553	2	14351	2170	920	0	0
49553	3	26001	1970	420	0	0
49553	4	14329	1970	420	0	0
49553	5	26001	1450	300	0	0
49553	6	14351	1450	300	0	0
49553	7	26001	1570	400	0	0
49553	8	14329	1570	400	0	0
49553	9	17112	870	320	0	0
49553	10	14351	210	540	0	0
49553	11	26001	2710	320	0	0
49553	12	14329	2710	320	0	0
49553	13	14351	3310	400	0	0
49553	14	14351	3910	240	0	0
49553	15	14329	3970	300	0	0
49553	16	14351	2030	1800	0	0
49553	17	14329	2150	1800	0	0
49553	18	17111	2010	1860	0	0
49553	19	17112	2090	1860	0	0
49553	20	17111	2170	1860	0	0
49553	21	26001	2210	340	0	0
49553	22	14328	2210	340	0	0
49554	1	17581	1190	520	0	0
49554	2	14328	1310	1000	0	0
49554	3	14345	1150	1640	0	0
49554	4	26001	1150	1640	0	0
49554	5	26001	490	1560	0	0
49554	6	14328	490	1560	0	0
49554	7	26001	410	1700	0	0
49554	8	14345	410	1700	0	0
49554	9	17566	370	920	0	0
49554	10	14328	630	280	0	0
49554	11	26001	1330	1920	0	0
49554	12	14345	1330	1920	0	0
49554	13	14328	1610	2260	0	0
49554	14	26001	1610	2260	0	0
49554	15	14328	2110	2260	0	0
49554	16	14345	1990	2360	0	0
49554	17	17581	2710	2260	0	0
49554	18	17566	2710	2340	0	0
49554	19	14328	2770	2220	0	0
49554	20	14345	2770	2380	0	0
49554	21	14031	1250	320	0	0
49554	22	14053	1210	260	0	0
49554	23	14330	1290	260	0	0
49554	24	13017	1190	380	0	0
49701	1	44003	2070	1940	0	0
49701	2	44001	1450	1040	0	0
49701	3	44002	850	1880	0	0
49701	4	42027	2950	1680	65535	3
49701	5	42027	1870	420	65535	1
49701	6	42001	1110	400	65535	1
49701	7	42002	1750	520	65535	3
49701	8	42003	1990	420	65535	3
49701	9	42004	2390	500	65535	3
49701	10	42001	1330	400	65535	3
49701	11	42002	1530	520	65535	3
49701	12	42003	2170	540	65535	3
49701	13	42004	2590	440	65535	1
49701	14	42001	3010	820	65535	3
49701	15	42002	2970	1040	65535	1
49701	16	42003	2710	1440	65535	1
49701	17	42004	2990	1340	65535	1
49701	18	42001	2930	2420	65535	1
49701	19	42002	2990	2200	65535	3
49701	20	42003	2910	2000	65535	3
49701	21	42004	3010	2660	65535	1
49701	22	42001	310	2680	65535	1
49701	23	42002	390	2400	65535	3
49701	24	42003	1910	3020	65535	1
49701	25	42004	1630	3000	65535	3
49701	26	42001	770	2840	65535	1
49701	27	42002	950	3020	65535	1
49701	28	42003	1390	2840	65535	3
49701	29	42004	1170	2980	65535	3
49701	30	42001	1170	1520	65535	3
49701	31	42002	1350	1360	65535	1
49701	32	42003	1590	1380	65535	3
49701	33	42004	1770	1560	65535	3
49701	34	42001	1150	1740	65535	1
49701	35	42002	1330	1940	65535	1
49701	36	42003	1570	1960	65535	3
49701	37	42004	1770	1780	65535	3
49701	38	42001	1630	2400	65535	3
49701	39	42002	1810	2220	65535	3
49701	40	42003	1990	2240	65535	3
49701	41	42004	2190	2380	65535	1
49701	42	42001	1630	2600	65535	3
49701	43	42002	1810	2740	65535	3
49701	44	42003	1990	2740	65535	1
49701	45	42004	2190	2600	65535	1
49701	46	42001	550	600	65535	1
49701	47	42002	690	500	65535	3
49701	48	42003	850	500	65535	1
49701	49	42004	1030	620	65535	3
49701	50	42001	510	880	65535	3
49701	51	42002	710	980	65535	3
49701	52	42003	890	980	65535	3
49701	53	42004	1050	900	65535	3
49701	54	42008	150	3160	0	0
49701	55	42006	3230	300	0	0
49701	56	42007	190	200	0	0
49701	57	42001	2230	840	194	3
49701	58	42002	2630	800	201	3
49701	59	42003	2230	1200	200	3
49701	60	42004	2630	1160	203	3
49701	61	42001	630	1080	187	3
49701	62	42002	870	1380	223	3
49701	63	42003	830	2500	214	1
49701	64	42004	1210	2520	205	1
49701	65	42001	2350	2760	195	3
49701	66	42002	2710	2620	199	3
49701	67	42003	2350	2420	203	1
49701	68	42004	2710	2160	203	3
49701	69	16040	2990	3120	0	0
49702	1	42009	3230	860	137	1
49702	2	42009	3430	560	145	1
49702	3	42009	3670	900	183	1
49702	4	42010	3230	620	148	3
49702	5	42010	3450	900	154	3
49702	6	42010	3610	680	148	3
49702	7	42009	570	660	145	1
49702	8	42009	830	920	160	1
49702	9	42009	1050	600	167	3
49702	10	42010	550	860	164	3
49702	11	42010	810	580	160	1
49702	12	42010	1090	840	161	3
49702	13	42009	2170	540	140	3
49702	14	42009	2390	920	144	1
49702	15	42010	2170	860	160	3
49702	16	42010	2430	620	151	1
49702	17	14097	3730	360	0	0
49702	18	42015	2870	760	0	0
49702	19	42009	2830	740	0	0
49702	20	42009	2830	780	0	0
49702	21	42016	1630	740	0	0
49702	22	42010	1570	720	0	0
49702	23	42010	1570	780	0	0
49702	24	12033	310	240	0	0
49703	1	42011	650	2180	169	1
49703	2	42012	710	2180	175	1
49703	3	42011	2490	560	161	3
49703	4	42012	2710	580	167	3
49703	5	42011	1510	620	140	3
49703	6	42012	1690	840	150	3
49703	7	42011	1510	1040	156	1
49703	8	42012	1670	1240	156	1
49703	9	42011	670	560	167	1
49703	10	42012	690	660	162	3
49703	11	42011	570	1300	135	3
49703	12	42011	810	1460	132	1
49703	13	42012	590	1440	148	3
49703	14	42012	770	1220	145	3
49703	15	42011	1730	1920	176	3
49703	16	42011	2170	2140	176	3
49703	17	42012	1770	2180	181	1
49703	18	42012	2110	1900	170	3
49703	19	42011	2410	1160	177	1
49703	20	42011	2730	1580	198	3
49703	21	42012	2730	1300	186	3
49703	22	42012	2410	1440	188	3
49703	23	42011	2410	1720	197	3
49703	24	42012	2730	1860	195	3
49703	25	15103	190	2340	0	0
49703	26	14571	330	260	0	0
49703	27	42017	490	1000	0	0
49703	28	42018	2050	480	0	0
49703	29	42019	1090	2220	0	0
49703	30	42020	2910	2420	0	0
49703	31	14571	150	2360	0	0
49704	1	42009	450	740	154	3
49704	2	42010	510	920	163	3
49704	3	42009	1470	620	179	1
49704	4	42010	1490	840	172	3
49704	5	42009	1690	860	179	3
49704	6	42010	1670	640	190	1
49704	7	42009	1870	660	192	1
49704	8	42010	1890	880	181	3
49704	9	42009	2690	640	175	1
49704	10	42010	2850	680	183	1
49704	11	42009	530	460	0	0
49704	12	42010	450	580	0	0
49704	13	42010	630	580	0	0
49704	14	42009	830	960	0	0
49704	15	42009	1070	940	0	0
49704	16	42009	1270	880	0	0
49704	17	42009	2470	760	0	0
49704	18	42025	3070	420	0	0
49704	19	42026	3110	460	0	0
49705	1	42005	1790	1920	229	3
49705	2	42006	1770	2140	222	3
49705	3	42007	1430	2140	182	3
49705	4	42008	1450	1960	203	1
49705	5	42005	970	1820	199	3
49705	6	42006	1070	2140	194	3
49705	7	42007	690	2060	213	1
49705	8	42008	650	1800	215	1
49705	9	42005	1750	800	178	3
49705	10	42006	1790	600	196	1
49705	11	42007	1510	600	203	3
49705	12	42008	1470	780	199	1
49705	13	42005	1990	860	188	3
49705	14	42007	1230	540	190	3
49705	15	14072	2250	2300	0	0
49705	16	42023	170	200	0	0
49705	17	42021	810	1240	0	0
49705	18	42022	2150	440	0	0
49705	19	42006	2150	1380	0	0
49705	20	42005	330	2400	0	0
49705	21	43003	170	140	0	0
49705	22	43003	110	200	0	0
49705	23	43004	50	200	0	0
49705	24	43004	110	140	0	0
49705	25	43004	170	80	0	0
49705	26	43003	350	2480	0	0
49705	27	43003	250	2400	0	0
49705	28	43003	830	1140	0	0
49705	29	43003	890	1180	0	0
49705	30	43003	950	1220	0	0
49705	31	43004	2150	340	0	0
49705	32	43004	2270	420	0	0
49705	33	43004	2150	1320	0	0
49705	34	43004	2230	1380	0	0
49706	1	42005	610	1200	185	3
49706	2	42006	510	1480	195	1
49706	3	42007	810	1540	178	3
49706	4	42008	810	1220	199	1
49706	5	42005	1030	1220	204	3
49706	6	42006	1130	1420	186	3
49706	7	42007	550	580	193	1
49706	8	42008	750	640	180	3
49706	9	42005	990	580	180	3
49706	10	42006	1210	580	171	3
49706	11	42024	870	620	0	0
49708	1	16040	150	820	0	0
49708	2	15088	970	340	0	0
49711	1	42067	2170	3780	0	0
49711	2	42036	2250	3740	0	0
49711	3	42037	2090	3820	0	0
49711	4	42038	2230	3780	0	0
49711	5	42039	2150	3820	0	0
49711	6	42102	2330	320	0	0
49711	7	42036	2410	280	0	0
49711	8	42037	2410	360	0	0
49711	9	42038	2250	280	0	0
49711	10	42039	2330	240	0	0
49711	11	42095	210	220	0	0
49711	12	42036	170	160	0	0
49711	13	42037	130	200	0	0
49711	14	42038	130	100	0	0
49711	15	42039	50	180	0	0
49711	16	44004	990	1000	0	0
49711	17	44005	770	2840	0	0
49711	18	44006	1430	2840	0	0
49711	19	44007	1210	1600	0	0
49711	20	42028	770	3180	65535	3
49711	21	42029	950	3180	65535	3
49711	22	42030	1130	3180	65535	3
49711	23	42031	1310	3180	65535	1
49711	24	42028	1650	2040	65535	1
49711	25	42029	1770	2020	65535	3
49711	26	42030	1910	2020	65535	3
49711	27	42031	2050	2040	65535	1
49711	28	42028	1070	1440	65535	3
49711	29	42029	1290	1440	65535	3
49711	30	42030	1470	1480	65535	3
49711	31	42031	1630	1480	65535	3
49711	32	42028	1590	660	65535	3
49711	33	42029	1630	660	65535	1
49711	34	42030	1670	660	65535	3
49711	35	42031	1710	660	65535	3
49711	36	42036	770	3520	65535	3
49711	37	42037	950	3520	65535	3
49711	38	42038	1130	3520	65535	3
49711	39	42039	1310	3520	65535	3
49711	40	42036	1630	2540	65535	3
49711	41	42037	1770	2540	65535	3
49711	42	42038	1890	2540	65535	1
49711	43	42039	2010	2560	65535	1
49711	44	42036	1030	1740	65535	3
49711	45	42037	1210	1860	65535	3
49711	46	42038	1470	1860	65535	3
49711	47	42039	1610	1820	65535	1
49711	48	42036	1590	720	65535	3
49711	49	42037	1630	720	65535	3
49711	50	42038	1670	720	65535	3
49711	51	42039	1710	720	65535	1
49711	52	42032	1890	1260	65535	3
49711	53	42033	2010	1460	65535	3
49711	54	42034	2130	1780	65535	3
49711	55	42035	2170	1980	65535	1
49711	56	42032	2150	2160	65535	3
49711	57	42033	2130	2400	65535	3
49711	58	42034	2070	3060	65535	3
49711	59	42035	2150	3300	65535	3
49711	60	42032	370	1580	65535	3
49711	61	42033	390	1360	65535	3
49711	62	42034	410	2180	65535	1
49711	63	42035	690	2260	65535	3
49711	64	42032	350	2600	65535	1
49711	65	42033	450	2440	65535	3
49711	66	42034	390	2960	65535	3
49711	67	42035	450	3180	65535	3
49711	68	42044	2170	1620	65535	1
49711	69	42044	2170	2660	65535	1
49711	70	42044	370	2780	65535	3
49711	71	42044	450	1840	65535	3
49711	72	42028	630	720	222	3
49711	73	42029	1350	700	239	1
49711	74	42030	630	1340	240	1
49711	75	42031	1350	1340	243	1
49711	76	42028	930	2060	191	3
49711	77	42029	1550	2040	207	3
49711	78	42030	930	2420	218	1
49711	79	42031	1550	2420	212	3
49711	80	42028	1870	3180	201	3
49711	81	42030	1390	3280	206	3
49711	82	42029	1790	960	204	1
49711	83	42031	1770	1620	235	3
49711	84	16040	350	3620	0	0
49712	1	42045	1030	560	161	3
49712	2	42047	530	940	187	3
49712	3	42045	1050	1820	173	3
49712	4	42046	650	1880	156	3
49712	5	42047	1030	2120	177	3
49712	6	42048	670	2120	175	3
49712	7	42100	210	2480	0	0
49712	8	42101	1290	2460	0	0
49712	9	14219	490	300	0	0
49712	10	14218	1350	1380	0	0
49712	11	42049	750	840	0	0
49712	12	42050	810	920	0	0
49712	13	42052	1170	1300	0	0
49712	14	42051	1230	1260	0	0
49713	1	42061	2650	1220	164	3
49713	2	42062	2330	1460	161	3
49713	3	42063	1330	1100	192	1
49713	4	42064	990	1440	192	3
49713	5	42061	670	1180	181	3
49713	6	42062	550	1520	166	1
49713	7	42063	2750	1500	177	1
49713	8	42064	2410	600	176	1
49713	9	11047	2810	400	0	0
49713	10	42066	1330	1580	0	0
49713	11	42067	1310	1640	0	0
49713	12	42068	970	780	0	0
49714	1	42061	1310	560	161	1
49714	2	42062	930	620	165	3
49714	3	42063	910	900	161	3
49714	4	42064	530	900	165	1
49714	5	42061	2590	580	158	3
49714	6	42062	2590	900	154	3
49714	7	42063	2310	820	161	1
49714	8	42064	2930	840	153	1
49714	9	13012	510	360	0	0
49714	10	42071	1670	840	0	0
49714	11	42070	1750	800	0	0
49714	12	42072	3790	500	0	0
49715	1	42045	2090	540	138	1
49715	2	42046	1990	920	169	3
49715	3	42047	890	660	156	3
49715	4	42048	510	540	152	3
49715	5	42045	730	1180	152	3
49715	6	42046	530	1460	162	3
49715	7	42047	1310	1520	166	3
49715	8	42048	910	1500	159	1
49715	9	12020	230	1660	0	0
49715	10	14577	2090	1160	0	0
49715	11	42053	950	320	0	0
49715	12	42055	230	860	0	0
49715	13	42103	2410	1900	0	0
49716	1	12043	450	220	0	0
49716	2	42073	490	2040	0	0
49716	3	42075	1550	1060	0	0
49716	4	42104	2430	280	0	0
49716	5	42074	410	2040	0	0
49716	6	42076	1410	1080	0	0
49716	7	42061	2030	640	127	1
49716	8	42062	1710	680	141	1
49716	9	42063	1250	560	161	3
49716	10	42064	850	580	138	1
49716	11	42061	510	720	164	1
49716	12	42062	830	980	176	1
49716	13	42063	510	1020	143	1
49716	14	42064	890	1320	171	1
49716	15	42061	490	1400	165	3
49716	16	42063	550	1700	152	3
49716	17	42062	950	1640	168	3
49716	18	42064	1070	1980	157	1
49716	19	42061	1990	2120	158	3
49716	20	42062	1450	2100	165	3
49716	21	42063	1750	1840	153	1
49716	22	42064	1950	1200	135	3
49717	1	14017	230	1640	0	0
49717	2	42088	930	320	0	0
49717	3	42086	2870	1060	0	0
49717	4	42091	2570	580	0	0
49717	5	42098	390	1800	0	0
49717	6	42090	350	1860	0	0
49717	7	14578	2870	400	0	0
49717	8	42082	3010	560	0	0
49717	9	42082	610	1420	158	3
49717	10	42083	870	1560	157	3
49717	11	42084	530	780	173	3
49717	12	42085	890	680	176	3
49717	13	42082	1650	720	184	3
49717	14	42083	1450	1020	181	1
49717	15	42084	1870	1560	154	3
49717	16	42085	2850	1580	155	3
49717	17	42082	2630	1480	183	3
49717	18	42083	2730	1220	181	3
49717	19	42084	2670	580	186	3
49717	20	42085	2370	620	191	3
49718	1	42105	490	300	0	0
49718	2	42048	370	320	0	0
49718	3	42046	650	240	0	0
49718	4	42046	230	400	0	0
49718	5	42048	490	280	0	0
49718	6	14001	130	1040	0	0
49718	7	12033	310	1040	0	0
49718	8	42057	1850	480	0	0
49718	9	14001	1690	540	0	0
49718	10	42060	3090	400	0	0
49718	11	42059	3030	380	0	0
49718	12	42048	3150	380	0	0
49718	13	42047	3010	320	0	0
49718	14	42045	750	880	150	1
49718	15	42046	1050	940	119	3
49718	16	42047	2090	440	110	1
49718	17	42048	1510	980	80	1
49719	1	42106	2830	520	0	0
49719	2	43009	2890	640	0	0
49719	3	43009	2670	540	0	0
49719	4	43007	2590	620	0	0
49719	5	43009	2570	540	0	0
49719	6	43007	2830	720	0	0
49719	7	43009	2930	700	0	0
49719	8	14006	450	2180	0	0
49719	9	17047	370	2160	0	0
49719	10	17047	450	2120	0	0
49719	11	42078	1170	500	0	0
49719	12	42063	1110	440	0	0
49719	13	42063	1290	480	0	0
49719	14	42079	1070	500	0	0
49719	15	42062	1250	560	0	0
49719	16	42080	1510	1180	0	0
49719	17	42064	1410	1220	0	0
49719	18	42064	1610	1140	0	0
49719	19	42081	1430	1100	0	0
49719	20	42062	1590	1260	0	0
49719	21	42099	2070	580	0	0
49719	22	43009	2130	500	0	0
49719	23	43007	2130	560	0	0
49719	24	43009	2010	660	0	0
49719	25	43009	2210	580	0	0
49719	26	43009	1950	580	0	0
49719	27	43007	2010	600	0	0
49719	28	42061	2810	1500	174	1
49719	29	42062	2410	1420	168	3
49719	30	42063	2730	1940	184	1
49719	31	42061	2370	2160	171	3
49719	32	42064	2290	1780	186	3
49719	33	42062	1750	1860	161	3
49719	34	42063	1930	2140	160	1
49719	35	42064	1470	2120	174	1
49719	36	42061	1130	1960	174	3
49719	37	42062	830	1640	145	3
49719	38	42063	510	1580	160	1
49719	39	42064	850	1040	163	3
49719	40	42061	510	860	174	1
49719	41	42062	770	580	157	1
49719	42	42063	2450	760	155	3
49719	43	42064	2870	880	150	3
49720	1	42097	1730	1220	0	0
49720	2	42099	1690	1280	0	0
49720	3	42098	1870	1240	0	0
49720	4	10039	390	380	0	0
49720	5	42092	510	520	0	0
49720	6	42093	470	540	0	0
49720	7	42083	550	500	0	0
49720	8	42094	3570	600	0	0
49720	9	42096	1850	1320	0	0
49720	10	42095	1890	1360	0	0
49720	11	42082	570	2180	175	3
49720	12	42083	490	1580	153	3
49720	13	42084	550	1240	136	3
49720	14	42085	810	640	170	1
49720	15	42082	1550	560	169	1
49720	16	42083	2610	720	131	3
49720	17	42084	3290	540	157	3
49720	18	42085	3610	1260	146	1
49720	19	42082	3150	1160	154	1
49720	20	42083	3590	1820	159	1
49720	21	42084	3650	2220	170	3
49720	22	42085	2370	2220	141	3
49720	23	42082	2470	1620	164	3
49720	24	42083	2090	1800	179	3
49720	25	42084	1650	1760	191	3
49720	26	42085	1610	2160	200	1
49721	1	15088	330	240	0	0
49721	2	16040	70	1080	0	0
49725	1	44009	1570	1380	0	0
49725	2	44008	870	1100	0	0
49725	3	42109	2130	1620	0	0
49725	4	42110	2170	1620	65535	3
49725	5	42111	2130	1700	65535	3
49725	6	42112	2170	1700	65535	3
49725	7	42109	2150	700	65535	3
49725	8	42110	2190	700	65535	3
49725	9	42111	2150	780	65535	3
49725	10	42112	2190	780	65535	1
49725	11	42109	270	260	65535	1
49725	12	42110	310	260	65535	1
49725	13	42111	270	340	65535	3
49725	14	42112	310	340	65535	3
49725	15	42109	310	1600	65535	3
49725	16	42110	350	1600	65535	3
49725	17	42111	310	1680	65535	3
49725	18	42112	350	1680	65535	3
49725	19	42113	2210	1620	65535	3
49725	20	42114	2210	1700	65535	3
49725	21	42113	2230	700	65535	3
49725	22	42114	2230	780	65535	1
49725	23	42113	350	260	65535	3
49725	24	42114	350	340	65535	1
49725	25	42113	390	1600	65535	1
49725	26	42114	390	1680	65535	3
49725	27	42115	2110	740	65535	1
49725	28	42116	430	1640	65535	1
49725	29	42113	2310	220	0	0
49725	30	42117	2370	220	0	0
49725	31	42117	2310	160	0	0
49725	32	42114	2310	100	0	0
49725	33	42114	2370	160	0	0
49725	34	42114	2430	220	0	0
49725	35	42117	2370	100	0	0
49725	36	42117	2430	160	0	0
49725	37	42109	710	460	151	1
49725	38	42110	1070	380	147	3
49725	39	42111	570	760	157	3
49725	40	42112	1070	700	163	3
49725	41	42109	1510	1700	164	3
49725	42	42110	1870	1700	156	3
49725	43	42111	1510	2040	164	3
49725	44	42112	1870	2040	174	3
49725	45	42109	1450	520	151	1
49725	46	42110	1790	660	155	3
49725	47	42111	1450	900	154	3
49725	48	42112	1790	1040	159	1
49725	49	42109	690	1460	176	1
49725	50	42110	1130	1540	178	3
49725	51	42111	690	1840	171	1
49725	52	42112	1130	1920	173	3
49725	53	16040	350	2140	0	0
49726	1	42109	1470	440	186	3
49726	2	42110	1870	440	183	3
49726	3	42111	1430	780	183	3
49726	4	42112	1930	800	179	1
49726	5	42109	2930	440	183	3
49726	6	42110	3310	420	193	1
49726	7	42111	2930	760	189	3
49726	8	42112	3370	780	191	3
49726	9	42117	4270	520	167	3
49726	10	42117	4450	740	170	3
49726	11	42118	390	380	0	0
49726	12	42109	310	380	0	0
49726	13	42110	390	320	0	0
49726	14	42109	230	320	0	0
49726	15	42109	310	260	0	0
49726	16	15071	310	320	0	0
49726	17	42119	2590	620	0	0
49726	18	42111	2490	500	0	0
49726	19	42111	2490	720	0	0
49726	20	42112	2410	500	0	0
49726	21	42111	2410	720	0	0
49726	22	42120	4050	520	0	0
49726	23	42113	3990	440	0	0
49726	24	42114	3990	600	0	0
49726	25	42113	3770	440	0	0
49726	26	42114	3770	600	0	0
49726	27	42121	4630	340	0	0
49726	28	42113	4630	280	0	0
49726	29	42114	4710	320	0	0
49726	30	15094	4770	260	0	0
49726	31	15184	4690	260	0	0
49726	32	15170	4730	280	0	0
49726	33	15084	4730	240	0	0
49726	34	42117	4770	320	0	0
49726	35	42117	4650	240	0	0
49726	36	42113	4810	280	0	0
49726	37	42114	4690	200	0	0
49726	38	14383	750	800	0	0
49727	1	15088	450	1000	0	0
49727	2	16040	30	340	0	0
49731	1	16040	4670	1780	0	0
49731	2	42130	190	200	0	0
49731	3	42132	4930	280	0	0
49731	4	44010	1170	760	0	0
49731	5	44011	4050	1420	0	0
49731	6	42122	1290	420	0	0
49731	7	42123	710	460	0	0
49731	8	42124	650	1740	0	0
49731	9	42125	890	1720	0	0
49731	10	42122	1510	460	0	0
49731	11	42123	2050	940	0	0
49731	12	42124	1670	1700	0	0
49731	13	42125	2130	1260	0	0
49731	14	42122	3510	440	0	0
49731	15	42123	3230	460	0	0
49731	16	42124	2810	1200	0	0
49731	17	42125	2950	1380	0	0
49731	18	42122	4330	460	0	0
49731	19	42123	4430	960	0	0
49731	20	42124	4550	1180	0	0
49731	21	42125	4010	1740	0	0
49731	22	42130	910	460	0	0
49731	23	42131	2050	420	0	0
49731	24	42132	2970	440	0	0
49731	25	42133	4410	760	0	0
49731	26	42126	690	800	0	0
49731	27	42127	1170	1700	0	0
49731	28	42128	1810	480	0	0
49731	29	42129	1930	1740	0	0
49731	30	42126	3010	940	0	0
49731	31	42127	3530	1720	0	0
49731	32	42128	4090	440	0	0
49731	33	42129	4290	1740	0	0
49731	34	42130	810	1160	0	0
49731	35	42131	2070	1460	0	0
49731	36	42132	3210	1740	0	0
49731	37	42133	4550	1420	0	0
49731	38	42138	410	1000	0	0
49731	39	42138	2230	1100	0	0
49731	40	42138	2910	1120	0	0
49731	41	42138	4610	1040	0	0
49731	42	42122	1130	980	0	0
49731	43	42123	1590	740	0	0
49731	44	42124	1130	1440	0	0
49731	45	42125	1590	1200	0	0
49731	46	42122	3450	860	0	0
49731	47	42123	3450	1420	0	0
49731	48	42124	3930	680	0	0
49731	49	42125	3930	1260	0	0
49731	50	42122	2130	580	0	0
49731	51	42123	2750	600	0	0
49731	52	42124	2250	1560	0	0
49731	53	42125	2770	1540	0	0
49732	1	11026	1330	1920	0	0
49732	2	42139	1210	780	0	0
49732	3	42141	1250	820	0	0
49732	4	42139	1290	780	0	0
49732	5	11053	250	280	0	0
49732	6	42146	370	480	0	0
49732	7	42145	430	440	0	0
49732	8	42148	1570	300	0	0
49732	9	42139	990	2100	186	3
49732	10	42141	530	2180	195	3
49732	11	42142	510	1460	176	3
49732	12	42139	770	680	144	1
49732	13	42140	1070	1200	160	3
49733	1	12054	230	2360	0	0
49733	2	42147	270	240	0	0
49733	3	11025	1310	940	0	0
49733	4	42143	1250	820	0	0
49733	5	42144	1190	840	0	0
49733	6	42139	490	2180	163	3
49733	7	42139	810	2200	156	3
49733	8	42139	1170	2220	155	3
49733	9	42139	850	1300	168	3
49733	10	42139	550	1120	155	3
49733	11	42139	870	820	164	1
49733	12	42139	490	700	174	3
49734	1	13004	1370	2180	0	0
49734	2	42153	1530	1700	0	0
49734	3	42152	1370	1680	0	0
49734	4	42150	1390	1600	0	0
49734	5	42152	1550	1620	0	0
49734	6	42154	1430	1660	0	0
49734	7	42155	1490	1640	0	0
49734	8	13039	2010	1100	0	0
49734	9	13044	2030	1040	0	0
49734	10	13044	2110	1080	0	0
49734	11	42156	410	1440	0	0
49734	12	42149	490	1420	0	0
49734	13	42149	590	1420	0	0
49734	14	43012	670	1420	0	0
49734	15	42153	330	1480	0	0
49734	16	43012	750	1440	0	0
49734	17	13012	370	340	0	0
49734	18	13044	290	320	0	0
49734	19	13044	370	280	0	0
49734	20	42156	410	420	0	0
49734	21	42158	490	480	0	0
49734	22	42157	470	420	0	0
49734	23	42149	530	540	0	0
49734	24	42151	590	520	0	0
49734	25	42159	1770	660	0	0
49734	26	43012	1810	520	0	0
49734	27	43013	2070	620	0	0
49734	28	43012	1750	540	0	0
49734	29	43013	2010	660	0	0
49734	30	42149	750	1820	166	3
49734	31	42150	1930	1780	144	3
49734	32	42151	1810	1500	162	3
49734	33	42152	1490	1300	153	3
49734	34	42149	510	920	165	3
49734	35	42150	850	920	154	3
49734	36	42151	910	560	157	3
49734	37	42152	1250	580	163	3
49735	1	42149	550	1560	164	3
49735	2	42150	1490	1480	181	1
49735	3	42151	2730	640	107	3
49735	4	42152	870	640	173	3
49735	5	42149	1810	1520	186	3
49735	6	42149	2630	1520	171	3
49735	7	42151	2430	720	94	3
49735	8	42150	2130	1560	120	3
49735	9	14001	270	1620	0	0
49735	10	42161	2670	1280	0	0
49735	11	42162	2630	1200	0	0
49735	12	42163	2690	1240	0	0
49735	13	42164	2750	1260	0	0
49735	14	42149	2890	760	0	0
49735	15	42150	3070	760	0	0
49735	16	42165	2470	600	0	0
49735	17	42166	2490	540	0	0
49735	18	42167	2430	540	0	0
49735	19	42168	2390	580	0	0
49735	20	42151	1830	400	0	0
49735	21	42152	1790	440	0	0
49735	22	12033	1330	380	0	0
49735	23	42169	570	500	0	0
49735	24	42152	510	500	0	0
49736	1	42171	1970	2080	179	3
49736	2	42172	1530	2160	157	3
49736	3	42173	610	1460	184	1
49736	4	42174	930	600	214	3
49736	5	42171	2090	620	124	3
49736	6	42174	1230	1200	137	3
49736	7	42173	550	1620	168	1
49736	8	42172	1990	1060	97	3
49736	9	11040	2270	2280	0	0
49736	10	42177	1470	1720	0	0
49736	11	42178	1410	1700	0	0
49736	12	42173	970	2200	0	0
49736	13	42174	930	2260	0	0
49736	14	42175	430	1820	0	0
49736	15	11047	590	1060	0	0
49736	16	42179	730	1040	0	0
49736	17	42180	730	1120	0	0
49736	18	42181	430	1160	0	0
49736	19	42182	510	1240	0	0
49736	20	42183	570	500	0	0
49736	21	42174	510	500	0	0
49737	1	42171	2870	2320	121	3
49737	2	42172	1610	2220	133	3
49737	3	42173	1150	560	187	3
49737	4	42174	2490	1260	249	1
49737	5	42173	2730	1440	163	3
49737	6	42171	2690	1020	202	3
49737	7	42171	1330	500	125	3
49737	8	42173	1630	1480	200	3
49737	9	42171	650	1840	195	3
49737	10	42172	770	1340	214	1
49737	11	42171	1510	1140	162	3
49737	12	42172	2470	2220	139	3
49737	13	14113	2950	2080	0	0
49737	14	42185	970	2200	0	0
49737	15	42186	1030	2160	0	0
49737	16	42188	430	1120	0	0
49737	17	42173	1070	1060	0	0
49737	18	42191	2110	1580	0	0
49737	19	42192	1870	1560	0	0
49737	20	42194	2770	700	0	0
49737	21	42169	2210	420	0	0
49737	22	42197	2170	360	0	0
49737	23	42198	2230	380	0	0
49737	24	42199	2290	420	0	0
49737	25	42201	530	560	0	0
49737	26	19001	370	500	0	0
49738	1	16040	250	940	0	0
49738	2	15088	1190	320	0	0
49801	1	38057	650	940	0	0
49801	2	38057	570	1260	0	0
49801	3	38057	930	1140	0	0
49801	4	38057	270	1100	0	0
49801	5	38057	250	860	0	0
49801	6	38058	630	160	0	0
49801	7	38058	250	440	0	0
49801	8	38058	930	300	0	0
49801	9	38058	530	660	0	0
49801	10	38058	590	400	0	0
49801	11	38056	1230	920	0	0
49801	12	38056	950	620	0	0
49801	13	38056	1570	660	0	0
49801	14	38056	1350	280	0	0
49801	15	38056	1270	520	0	0
49801	16	38060	210	580	0	0
49801	17	38059	250	560	0	0
49802	1	38057	650	940	0	0
49802	2	38057	570	1260	0	0
49802	3	38057	930	1140	0	0
49802	4	38057	270	1100	0	0
49802	5	38057	250	860	0	0
49802	6	38058	630	160	0	0
49802	7	38058	250	440	0	0
49802	8	38058	930	300	0	0
49802	9	38058	530	660	0	0
49802	10	38058	590	400	0	0
49802	11	38056	1230	920	0	0
49802	12	38056	950	620	0	0
49802	13	38056	1570	660	0	0
49802	14	38056	1350	280	0	0
49802	15	38056	1270	520	0	0
49802	16	38060	210	580	0	0
49802	17	38059	250	560	0	0
49803	1	38057	650	940	0	0
49803	2	38057	570	1260	0	0
49803	3	38057	930	1140	0	0
49803	4	38057	270	1100	0	0
49803	5	38057	250	860	0	0
49803	6	38058	630	160	0	0
49803	7	38058	250	440	0	0
49803	8	38058	930	300	0	0
49803	9	38058	530	660	0	0
49803	10	38058	590	400	0	0
49803	11	38056	1230	920	0	0
49803	12	38056	950	620	0	0
49803	13	38056	1570	660	0	0
49803	14	38056	1350	280	0	0
49803	15	38056	1270	520	0	0
49803	16	38060	210	580	0	0
49803	17	38059	250	560	0	0
49811	1	27140	170	3000	0	0
49811	2	38066	630	660	410	3
49811	3	38067	1670	780	350	3
49811	4	38066	2710	720	424	3
49811	5	38067	2970	1760	335	1
49811	6	38066	2070	1340	367	3
49811	7	38067	1210	1620	519	1
49811	8	38066	490	1260	283	3
49811	9	38067	690	2140	477	3
49811	10	38066	1690	2200	482	3
49811	11	38067	2690	2440	469	3
49811	12	38066	2050	2700	274	3
49811	13	38067	1090	2560	471	3
49811	14	38066	330	2280	363	3
49811	15	38067	470	1800	391	3
49811	16	38066	1290	1100	433	1
49811	17	38067	2110	460	425	1
49811	18	38066	1090	560	414	3
49811	19	38067	2770	1320	454	3
49811	20	38066	2270	2080	394	1
49811	21	38067	2390	1060	271	3
49901	1	27143	330	280	0	0
49902	1	27143	590	700	0	0
49903	1	27143	590	700	0	0
49904	1	27143	610	700	0	0
49905	1	27143	610	700	0	0
49908	1	27143	130	220	0	0
49908	2	27143	210	180	0	0
49909	1	27141	1010	560	0	0
49909	2	27144	670	460	0	0
49909	3	27145	590	480	0	0
49909	4	27142	750	460	0	0
49909	5	27142	270	820	0	0
49909	6	27142	450	920	0	0
49909	7	27002	950	400	0	0
49910	1	40031	390	260	0	0
49911	1	60105	650	300	0	0
49911	2	60105	650	380	0	0
49911	3	60105	650	460	0	0
49911	4	60105	650	540	0	0
49912	1	60105	650	300	0	0
49912	2	60105	650	380	0	0
49912	3	60105	650	460	0	0
49912	4	60105	650	540	0	0
49913	1	60105	650	300	0	0
49913	2	60105	650	380	0	0
49913	3	60105	650	460	0	0
49913	4	60105	650	540	0	0
49914	1	60105	650	300	0	0
49914	2	60105	650	380	0	0
49914	3	60105	650	460	0	0
49914	4	60105	650	540	0	0
49915	1	60105	650	300	0	0
49915	2	60105	650	380	0	0
49915	3	60105	650	460	0	0
49915	4	60105	650	540	0	0
49916	1	22041	630	480	0	0
49916	2	24009	610	160	0	0
49917	1	38144	390	320	0	0
49917	2	38145	550	380	0	0
49917	3	38146	210	380	0	0
49917	4	38147	90	200	0	0
49918	1	38145	550	360	0	0
49918	2	38144	610	380	0	0
49918	3	38146	350	340	0	0
49918	4	38147	290	340	0	0
49919	1	38163	1170	420	0	0
49921	1	15049	1990	300	0	0
49923	1	38161	2350	300	0	0
49923	2	38162	2250	360	0	0
49924	1	38166	570	980	80	3
49924	2	38166	1250	800	133	3
49924	3	38166	1730	980	46	1
49926	1	15050	910	960	0	0
49929	1	38159	1350	1780	0	0
49929	2	38159	1150	240	0	0
49930	1	38160	1150	220	0	0
49930	2	38160	130	940	0	0
49934	1	38158	690	1020	0	0
49934	2	38158	1570	960	0	0
49935	1	38164	590	340	64	3
49935	2	38164	870	340	69	1
49935	3	38164	1090	360	61	3
49935	4	38164	1390	340	65	3
49935	5	38164	1650	340	77	3
49935	6	38164	1930	340	78	3
49935	7	38164	2170	320	52	3
49936	1	15049	890	340	0	0
49938	1	38156	310	840	0	0
49938	2	38157	550	840	0	0
49939	1	38155	1350	200	0	0
49940	1	38154	410	340	0	0
49940	2	38155	350	360	0	0
49940	3	38156	490	360	0	0
49940	4	38157	290	380	0	0
49940	5	38158	550	380	0	0
49940	6	38159	290	460	0	0
49940	7	38160	550	460	0	0
49940	8	38161	330	540	0	0
49940	9	38162	510	540	0	0
49940	10	38163	410	580	0	0
49941	1	38140	450	540	0	0
49941	2	38139	890	540	0	0
49941	3	38141	1070	780	0	0
49941	4	38142	530	820	0	0
49941	5	38143	530	1200	0	0
49969	33	27001	962	535	0	0
54501	1	15281	610	1500	0	0
54501	2	15281	1150	200	0	0
54501	3	15281	2270	1500	0	0
54502	1	15281	310	160	0	0
54502	2	15281	330	1440	0	0
54502	3	15281	2290	840	0	0
54503	1	15281	1090	200	0	0
54503	2	15281	2290	1500	0	0
54503	3	15281	3070	260	0	0
54504	1	15281	330	1460	0	0
54504	2	15281	2310	2140	0	0
54504	3	15281	2270	840	0	0
54505	1	15281	570	280	0	0
54511	1	14259	410	420	0	0
54511	2	19026	310	480	0	0
54512	1	19026	1150	400	0	0
54512	2	14259	1350	400	0	0
54513	1	14259	1350	400	0	0
54513	2	19026	1150	400	0	0
54514	1	14259	1350	400	0	0
54514	2	19026	1150	400	0	0
54515	1	14259	1310	400	0	0
54515	2	19026	1390	480	0	0
54516	1	14259	570	840	0	0
54516	2	19026	630	900	0	0
54517	1	14259	1430	900	0	0
54517	2	19026	1490	960	0	0
54518	1	14259	570	820	0	0
54518	2	19026	630	880	0	0
54519	1	14259	1410	860	0	0
54519	2	19026	1470	920	0	0
54520	1	14259	570	820	0	0
54520	2	19026	630	860	0	0
54521	1	14259	1410	860	0	0
54521	2	19026	1470	920	0	0
54522	1	14259	550	820	0	0
54522	2	19026	610	880	0	0
54523	1	14259	1410	820	0	0
54523	2	19026	1470	880	0	0
54524	1	14259	1410	820	0	0
54524	2	19026	1470	880	0	0
54525	1	14259	1410	840	0	0
54525	2	19026	1470	900	0	0
54526	1	14259	1410	840	0	0
54526	2	19026	1470	900	0	0
54541	1	27148	410	280	423	3
54542	1	27148	410	320	420	1
54543	1	27148	410	320	424	1
54544	1	27148	410	320	428	1
54545	1	27148	410	320	427	1
54546	1	27148	410	320	426	1
54547	1	27148	410	340	424	1
54548	1	27148	410	240	428	3
54549	1	27148	410	300	426	3
54551	1	16047	290	140	0	0
54551	2	27149	230	200	0	0
54552	1	16047	170	260	0	0
54552	2	27149	170	340	0	0
54553	1	16047	210	360	0	0
54553	2	27149	250	420	0	0
54554	1	16047	470	140	0	0
54554	2	27149	530	140	0	0
54556	1	16047	530	440	0	0
54556	2	27149	590	440	0	0
54557	1	16047	590	100	0	0
54557	2	27149	650	160	0	0
54558	1	16047	690	280	0	0
54558	2	27149	690	360	0	0
54559	1	16047	670	320	0	0
54559	2	27149	630	420	0	0
54561	1	20002	210	280	0	0
54561	2	20002	650	280	0	0
54561	3	20002	330	960	0	0
54561	4	20002	1050	400	0	0
54562	1	20002	1210	320	0	0
54562	2	20002	530	280	0	0
54562	3	20002	210	400	0	0
54562	4	20002	530	700	0	0
54563	1	20002	1050	400	0	0
54563	2	20002	510	280	0	0
54563	3	20002	310	560	0	0
54563	4	20002	530	960	0	0
54564	1	20002	1190	320	0	0
54564	2	20002	610	280	0	0
54564	3	20002	210	400	0	0
54564	4	20002	310	960	0	0
54565	1	20002	1170	400	0	0
54565	2	20002	650	280	0	0
54565	3	20002	190	340	0	0
54565	4	20002	530	700	0	0
54566	1	38080	430	1840	0	0
54566	2	38080	1270	1840	0	0
54566	3	20002	1350	380	0	0
54566	4	20002	1130	840	0	0
54566	5	20002	1350	1340	0	0
54566	6	20002	210	940	0	0
54566	7	20002	530	1340	0	0
54567	1	38080	430	1840	0	0
54567	2	38080	1270	1840	0	0
54567	3	20002	1130	640	0	0
54567	4	20002	1370	1000	0	0
54567	5	20002	1150	1560	0	0
54567	6	20002	210	940	0	0
54567	7	20002	530	1320	0	0
54568	1	38079	410	1840	0	0
54568	2	38079	1270	1840	0	0
54568	3	20002	1150	620	0	0
54568	4	20002	1350	1000	0	0
54568	5	20002	1130	1600	0	0
54568	6	20002	210	920	0	0
54568	7	20002	530	1340	0	0
54569	1	38079	430	1840	0	0
54569	2	38079	1270	1840	0	0
54569	3	20002	1150	580	0	0
54569	4	20002	950	960	0	0
54569	5	20002	1350	1580	0	0
54569	6	20002	190	1040	0	0
54569	7	20002	310	1580	0	0
54570	1	38080	410	1840	0	0
54570	2	38080	1270	1840	0	0
54570	3	20002	530	640	0	0
54570	4	20002	310	1000	0	0
54570	5	20002	530	1620	0	0
54570	6	20002	1050	960	0	0
54570	7	20002	1350	1300	0	0
54571	1	38080	410	1840	0	0
54571	2	38080	1250	1840	0	0
54571	3	20002	310	640	0	0
54571	4	20002	650	960	0	0
54571	5	20002	330	1340	0	0
54571	6	20002	1450	1020	0	0
54571	7	20002	1150	1480	0	0
54572	1	38079	430	1840	0	0
54572	2	38079	1270	1840	0	0
54572	3	20002	310	660	0	0
54572	4	20002	670	980	0	0
54572	5	20002	310	1320	0	0
54572	6	20002	1450	920	0	0
54572	7	20002	1170	1360	0	0
54573	1	38079	430	1840	0	0
54573	2	38079	1270	1840	0	0
54573	3	20002	510	660	0	0
54573	4	20002	310	1000	0	0
54573	5	20002	510	1620	0	0
54573	6	20002	1050	940	0	0
54573	7	20002	1150	1600	0	0
54574	1	20002	510	640	0	0
54574	2	20002	330	1280	0	0
54574	3	20002	1070	1820	0	0
54574	4	20002	2170	1660	0	0
54574	5	20002	1990	1020	0	0
54574	6	20002	1010	280	0	0
54574	7	20002	1470	400	0	0
54574	8	20001	1250	340	0	0
54575	1	20002	530	660	0	0
54575	2	20002	310	1320	0	0
54575	3	20002	1170	1840	0	0
54575	4	20002	1970	1520	0	0
54575	5	20002	2190	1000	0	0
54575	6	20002	1050	400	0	0
54575	7	20002	1490	260	0	0
54575	8	20001	1250	340	0	0
54576	1	20002	310	640	0	0
54576	2	20002	530	1300	0	0
54576	3	20002	1450	1840	0	0
54576	4	20002	2170	1680	0	0
54576	5	20002	1970	1000	0	0
54576	6	20002	1010	280	0	0
54576	7	20002	1490	280	0	0
54576	8	20001	1250	340	0	0
54577	1	20002	530	660	0	0
54577	2	20002	330	1680	0	0
54577	3	20002	1330	1840	0	0
54577	4	20002	2170	1680	0	0
54577	5	20002	1970	1000	0	0
54577	6	20002	1050	400	0	0
54577	7	20002	1470	300	0	0
54577	8	20001	1250	340	0	0
54578	1	20002	530	680	0	0
54578	2	20002	310	360	0	0
54579	1	20002	310	980	0	0
54579	2	20002	530	660	0	0
54580	1	38078	1990	460	0	0
54580	2	38079	1930	380	0	0
54580	3	20001	2310	280	0	0
54580	4	20002	530	680	0	0
54580	5	20002	210	1120	0	0
54580	6	20002	770	960	0	0
54580	7	20002	1430	1040	0	0
54580	8	20002	1970	900	0	0
54580	9	20001	410	1040	0	0
54811	1	38038	210	3000	0	0
54811	2	38038	310	3100	0	0
54812	1	38038	190	3000	0	0
54812	2	38038	290	3120	0	0
54821	1	15285	2250	1680	0	0
54821	2	22031	1830	1860	0	0
54821	3	22061	2430	1320	0	0
54821	4	22058	490	1600	160	1
54821	5	22059	230	1160	183	1
54821	6	22060	730	1180	190	3
54821	7	22061	690	620	166	1
54821	8	22061	1030	1580	185	3
54821	9	22060	1650	1280	205	3
54821	10	22059	2010	760	170	3
54821	11	22058	1590	460	206	3
54821	12	22060	1110	580	165	1
54822	1	38021	2270	1240	0	0
54822	2	22058	1690	1160	193	1
54822	3	22059	490	1400	187	3
54822	4	22060	1050	1580	204	3
54822	5	22061	470	800	190	1
54822	6	22058	1110	540	168	1
54822	7	22059	1590	460	195	1
54822	8	22061	2010	760	177	3
54823	1	22058	1570	400	165	3
54823	2	22059	1690	1160	205	3
54823	3	22060	2050	760	157	3
54823	4	22061	1710	1520	182	1
54823	5	22058	1050	1580	182	3
54823	6	22059	510	1460	205	3
54823	7	22060	470	760	175	3
54823	8	22061	1110	540	178	3
54824	1	27001	370	360	0	0
54824	2	27002	310	460	0	0
54824	3	27003	370	560	0	0
54824	4	27031	430	340	0	0
54824	5	27080	630	500	0	0
54824	6	15171	550	400	0	0
54825	1	15231	810	400	0	0
54825	2	27011	490	720	0	0
54825	3	27011	730	880	0	0
54825	4	27011	990	660	0	0
54825	5	27011	710	720	0	0
54825	6	27011	1010	460	0	0
54825	7	27007	550	380	0	0
54825	8	15285	490	400	0	0
54825	9	15329	1210	560	0	0
54825	10	22059	310	860	0	0
54825	11	38020	370	640	0	0
54825	12	38021	410	620	0	0
54826	1	15421	210	220	0	0
54826	2	15422	1270	360	0	0
54826	3	15400	130	200	0	0
54826	4	15402	190	140	0	0
54827	1	38092	870	760	0	0
54827	2	38092	570	1000	0	0
54827	3	38092	1070	1040	0	0
54827	4	15421	50	860	0	0
54827	5	22039	430	680	0	0
54827	6	22033	370	740	0	0
54827	7	22035	490	640	0	0
54828	1	38091	510	1020	0	0
54828	2	38091	830	720	0	0
54828	3	38091	1030	1020	0	0
54828	4	15421	70	940	0	0
54828	5	22039	410	680	0	0
54828	6	22033	490	640	0	0
54828	7	22035	350	740	0	0
54829	1	38131	310	300	0	0
54829	2	38131	2190	300	0	0
54829	3	38131	2190	1380	0	0
54829	4	38133	1210	1260	258	3
54829	5	38133	750	760	199	1
54829	6	38130	1630	580	211	1
54829	7	38130	1850	1160	216	3
54829	8	38129	2090	1440	0	0
54829	9	38130	2050	1520	0	0
54829	10	38127	2150	1500	0	0
54830	1	18021	1170	800	0	0
54831	1	38127	550	480	0	0
54831	2	38128	590	420	0	0
54901	1	15283	1670	400	0	0
54901	2	15088	1170	340	0	0
54901	3	14366	1690	740	0	0
54901	4	11091	1730	760	0	0
54901	5	14240	1770	780	0	0
54901	6	13029	1810	800	0	0
54901	7	13038	1850	820	0	0
54901	8	11057	1890	840	0	0
54901	9	14256	1930	860	0	0
54901	10	11067	1970	880	0	0
54901	11	15168	1010	380	0	0
54901	12	12039	930	420	0	0
54902	1	15283	1670	400	0	0
54902	2	15088	1170	340	0	0
54902	3	14366	1690	740	0	0
54902	4	11091	1730	760	0	0
54902	5	14240	1770	780	0	0
54902	6	13029	1810	800	0	0
54902	7	13038	1850	820	0	0
54902	8	11057	1890	840	0	0
54902	9	14256	1930	860	0	0
54902	10	11067	1970	880	0	0
54902	11	15168	1010	380	0	0
54902	12	12039	930	420	0	0
54903	1	15283	330	520	0	0
54903	2	15088	510	340	0	0
54903	3	14366	590	320	0	0
54903	4	11091	650	320	0	0
54903	5	14240	710	320	0	0
54903	6	13029	770	340	0	0
54903	7	13038	830	360	0	0
54903	8	11057	890	380	0	0
54903	9	14256	950	420	0	0
54903	10	11067	990	480	0	0
54903	11	15168	170	700	0	0
54903	12	12039	250	800	0	0
54904	1	15283	330	520	0	0
54904	2	15088	490	320	0	0
54904	3	14366	610	320	0	0
54904	4	11091	670	320	0	0
54904	5	14240	730	340	0	0
54904	6	13029	790	360	0	0
54904	7	13038	850	380	0	0
54904	8	11057	910	400	0	0
54904	9	14256	950	440	0	0
54904	10	11067	990	480	0	0
54904	11	15168	170	700	0	0
54904	12	12039	250	800	0	0
54911	1	27052	1690	380	0	0
54912	1	27052	1690	380	0	0
54913	1	27052	1690	380	0	0
54921	1	27055	1870	480	0	0
54921	2	27054	1490	340	0	0
54921	3	38152	1490	400	0	0
54921	4	38153	1730	500	0	0
55001	1	15166	1050	400	0	0
55002	1	20001	290	360	0	0
55002	2	15087	330	440	0	0
55002	3	15050	370	340	0	0
55002	4	27012	570	380	0	0
55003	1	20001	590	340	0	0
55003	2	15049	410	320	0	0
55003	3	27133	270	380	0	0
56001	1	14259	150	720	0	0
56001	2	16023	190	680	0	0
56001	3	15158	270	400	0	0
56001	4	15247	470	440	0	0
56001	5	16043	1050	500	0	0
56101	1	14442	330	380	0	0
56101	2	17319	250	440	0	0
56101	3	14444	470	500	0	0
56101	4	14443	530	440	0	0
56101	5	14520	330	500	0	0
56101	6	28004	330	420	0	0
56102	1	20001	170	460	0	0
56102	2	14443	490	360	0	0
56103	1	14444	270	420	0	0
56104	1	20001	530	360	0	0
56501	1	20002	1170	380	0	0
56501	2	14215	1250	1240	0	0
56501	3	15049	1330	1560	0	0
56501	4	35004	2110	1960	0	0
56502	1	24001	390	500	0	0
56503	1	20001	2330	1180	0	0
56503	2	20002	970	1700	0	0
56504	1	20001	170	340	0	0
56505	1	20001	2310	900	0	0
56505	2	20002	1310	360	0	0
56507	1	20001	250	560	0	0
56508	1	20001	630	260	0	0
56509	1	24001	410	500	0	0
56510	1	20001	2330	1800	0	0
56510	2	20001	230	1200	0	0
56510	3	20002	2070	1060	0	0
56510	4	24001	1150	960	0	0
56510	5	24001	1230	1720	0	0
56511	1	20001	190	200	0	0
56512	1	20001	2330	900	0	0
56512	2	20002	290	1840	0	0
56512	3	24001	1330	1080	0	0
56513	1	20001	190	420	0	0
56514	1	20002	210	240	0	0
56515	1	20001	1470	520	0	0
56517	1	20001	630	260	0	0
56517	2	35004	310	240	0	0
56517	3	14215	630	440	0	0
56517	4	35008	250	280	0	0
56517	5	35008	370	220	0	0
56517	6	35008	450	220	0	0
56517	7	35008	210	340	0	0
56522	1	20001	450	240	0	0
56523	1	20001	410	140	0	0
56526	1	20001	650	260	0	0
56527	1	20001	210	560	0	0
56528	1	14444	2050	1140	0	0
56528	2	14443	2310	1040	0	0
56528	3	35009	2010	900	0	0
56529	1	20001	410	160	0	0
56531	1	20001	170	260	0	0
56532	1	20001	1510	1840	0	0
56532	2	14520	1070	280	0	0
56532	3	17316	1150	380	0	0
56532	4	17317	1230	300	0	0
56532	5	17315	1250	440	0	0
56533	1	20002	1470	260	0	0
56541	1	25127	1590	2260	0	0
56541	2	25127	1070	2520	0	0
56541	3	25127	1050	2500	0	0
56541	4	25127	1130	1620	0	0
56541	5	25127	990	1040	0	0
56541	6	25127	1010	1000	0	0
56541	7	25128	1270	940	0	0
56541	8	25129	1230	920	0	0
56541	9	25130	1250	960	0	0
56541	10	25130	2190	960	0	0
56541	11	25130	3230	920	0	0
56541	12	25130	3190	900	0	0
56541	13	25127	3170	2220	0	0
56541	14	25127	3150	2180	0	0
56541	15	25128	2990	2520	0	0
56541	16	25129	3030	2500	0	0
56541	17	25130	1990	2440	0	0
56541	18	25127	2890	880	0	0
56542	1	25127	590	240	0	0
56542	2	25127	550	220	0	0
56542	3	25128	190	520	0	0
56543	1	25127	590	220	0	0
56543	2	25127	630	240	0	0
56543	3	25129	190	520	0	0
56543	4	25128	230	240	0	0
56543	5	25128	270	220	0	0
56544	1	25127	610	240	0	0
56544	2	25127	570	200	0	0
56544	3	25128	190	520	0	0
56544	4	25128	230	500	0	0
56544	5	25129	630	520	0	0
56545	1	25127	1470	300	0	0
56545	2	25127	1430	260	0	0
56545	3	25127	1050	460	0	0
56545	4	25127	1130	980	0	0
56545	5	25127	1510	1600	0	0
56545	6	25127	1070	1840	0	0
56545	7	25127	1450	1580	0	0
56545	8	25127	2350	1840	0	0
56545	9	25127	2290	1860	0	0
56545	10	25127	2330	1580	0	0
56545	11	25127	1930	1580	0	0
56545	12	25127	3150	1140	0	0
56545	13	25127	3110	1180	0	0
56545	14	25127	2790	900	0	0
56545	15	25127	1950	260	0	0
56545	16	25127	1910	320	0	0
56545	17	25127	2210	960	0	0
56546	1	25128	2810	1560	0	0
56546	2	25128	2710	1620	0	0
56546	3	25128	3050	1880	0	0
56546	4	25128	2190	2440	0	0
56546	5	25128	1190	2380	0	0
56546	6	25128	1370	1620	0	0
56546	7	25128	1210	1020	0	0
56546	8	25128	1990	260	0	0
56546	9	25128	1950	320	0	0
56546	10	25128	2310	480	0	0
56546	11	25128	2290	1600	0	0
56546	12	25128	2230	1560	0	0
56546	13	25128	2310	1840	0	0
56546	14	25128	2810	980	0	0
56546	15	25128	3150	320	0	0
56546	16	25128	3090	300	0	0
56546	17	25128	3110	480	0	0
56547	1	25129	1510	1620	0	0
56547	2	25129	1470	1580	0	0
56547	3	25129	1050	1860	0	0
56547	4	25129	1130	260	0	0
56547	5	25129	1090	320	0	0
56547	6	25129	1490	440	0	0
56547	7	25129	1050	460	0	0
56547	8	25129	1930	280	0	0
56547	9	25129	1890	340	0	0
56547	10	25129	2310	460	0	0
56547	11	25129	3150	1160	0	0
56547	12	25129	3110	1180	0	0
56547	13	25129	3110	920	0	0
56547	14	25129	2750	1180	0	0
56547	15	25129	2350	1840	0	0
56547	16	25129	2290	1860	0	0
56547	17	25129	2330	1580	0	0
56547	18	25129	1930	1580	0	0
56547	19	25129	1870	1860	0	0
56547	20	25129	1370	960	0	0
56801	1	17312	2830	560	176	3
56801	2	17313	1990	540	194	3
56801	3	17312	2310	880	173	1
56801	4	17313	1030	920	165	1
56801	5	17312	530	560	171	3
56801	6	17312	1130	520	139	3
56802	1	17315	710	2100	259	1
56802	2	17314	1710	2000	310	1
56802	3	17315	1930	920	222	3
56802	4	17314	730	880	256	3
56802	5	17314	1210	1680	320	3
56803	1	46109	710	880	176	3
56803	2	46111	690	1680	184	3
56803	3	46109	1090	2100	180	3
56803	4	46111	1390	1620	201	3
56803	5	46111	1810	2100	192	3
56803	6	46109	1890	900	201	3
56811	1	17318	550	660	225	3
56811	2	17319	630	1060	201	3
56811	3	17319	990	620	190	1
56811	4	17318	990	1120	153	3
56812	1	22037	550	620	171	1
56812	2	22037	610	1640	193	1
56812	3	22037	530	2140	185	3
56812	4	22038	1050	780	155	3
56812	5	22038	1070	1620	170	3
57001	1	15176	330	380	0	0
57001	2	15177	690	560	0	0
57001	3	14446	470	440	0	0
57001	4	14446	590	500	0	0
57001	5	14446	510	620	0	0
57001	6	14446	350	600	0	0
57001	7	14446	410	720	0	0
57001	8	14446	530	740	0	0
57001	9	14446	690	700	0	0
57001	10	14446	290	760	0	0
57001	11	14446	370	880	0	0
57001	12	14446	610	860	0	0
57001	13	15218	30	60	0	0
57001	14	15217	1030	480	0	0
57001	15	16044	1130	580	0	0
57101	1	15172	330	480	0	0
57101	2	20001	330	360	0	0
57101	3	15175	630	540	0	0
57101	4	15173	450	460	0	0
57101	5	14409	330	560	0	0
57101	6	15322	490	600	0	0
57102	1	15173	570	380	0	0
57102	2	15172	510	560	0	0
57102	3	15177	630	440	0	0
57103	1	20001	530	360	0	0
57103	2	15174	310	380	0	0
57104	1	15175	290	380	0	0
57104	2	15239	590	420	0	0
57104	3	15240	510	380	0	0
57104	4	14412	490	520	0	0
57104	5	14411	390	520	0	0
57104	6	14413	350	580	0	0
57104	7	14410	450	580	0	0
57105	1	15218	470	360	0	0
57105	2	14436	630	520	0	0
57105	3	14437	310	400	0	0
57106	1	14252	530	380	0	0
57501	1	35003	570	640	0	0
57502	1	20001	470	480	0	0
57505	1	20001	430	280	0	0
57507	1	20001	130	420	0	0
57507	2	14437	190	420	0	0
57507	3	14438	250	420	0	0
57507	4	14414	190	280	0	0
57507	5	14414	310	320	0	0
57507	6	14416	130	320	0	0
57507	7	14416	250	280	0	0
57508	1	20001	450	360	0	0
57509	1	20001	410	200	0	0
57510	1	35003	850	960	0	0
57510	2	15223	1370	400	0	0
57511	1	20001	570	160	0	0
57511	2	35007	670	960	0	0
57511	3	35007	710	920	0	0
57511	4	35007	710	1000	0	0
57511	5	35003	310	240	0	0
57511	6	22004	430	160	0	0
57511	7	35007	250	320	0	0
57511	8	35007	330	340	0	0
57511	9	35007	410	300	0	0
57511	10	35007	430	220	0	0
57512	1	20001	650	520	0	0
57513	1	20001	670	320	0	0
57515	1	20001	450	140	0	0
57515	2	14439	430	200	0	0
57515	3	14440	350	280	0	0
57515	4	14441	430	300	0	0
57516	1	20001	150	480	0	0
57517	1	20001	630	500	0	0
57518	1	35003	30	80	0	0
57521	1	20002	1310	520	0	0
57521	2	20002	2030	1060	0	0
57521	3	24001	3050	1100	0	0
57521	4	20002	3810	1000	0	0
57522	1	15177	390	480	0	0
57523	1	20001	670	3100	0	0
57523	2	27042	670	2840	0	0
57523	3	15172	370	2900	0	0
57523	4	15174	390	2840	0	0
57523	5	15177	310	2860	0	0
57523	6	27048	30	3220	0	0
57523	7	27049	90	3220	0	0
57523	8	27050	150	3220	0	0
57523	9	27051	210	3220	0	0
57524	1	20002	610	500	0	0
57525	1	20001	250	560	0	0
57525	2	27041	270	240	0	0
57527	1	20001	650	1180	0	0
57527	2	27040	670	920	0	0
57528	1	20002	1930	260	0	0
57528	2	20001	3950	1840	0	0
57528	3	14435	2090	380	0	0
57528	4	14436	2010	400	0	0
57528	5	14415	1950	460	0	0
57528	6	14415	2030	500	0	0
57528	7	14417	2110	480	0	0
57528	8	14417	2170	420	0	0
57528	9	27039	3970	1560	0	0
57531	1	14416	670	240	0	0
57531	2	14416	670	380	0	0
57534	1	15322	2290	1460	0	0
57536	1	14409	3830	300	0	0
57536	2	14410	3950	220	0	0
57536	3	14411	3850	160	0	0
57536	4	14410	3750	180	0	0
57536	5	14411	3690	260	0	0
57536	6	14412	3970	320	0	0
57536	7	14413	3910	400	0	0
57536	8	14412	3810	420	0	0
57536	9	14413	3710	380	0	0
57536	10	35007	3570	260	0	0
57536	11	35007	3570	360	0	0
57536	12	35007	3430	260	0	0
57536	13	35007	3430	340	0	0
57536	14	35007	3290	260	0	0
57536	15	35007	3290	340	0	0
57536	16	40061	3830	300	0	0
57536	17	40062	3870	280	0	0
57536	18	40063	3850	240	0	0
57536	19	40062	3810	240	0	0
57536	20	40063	3910	280	0	0
57536	21	14409	1050	1680	0	0
57536	22	27146	3710	180	0	0
57541	1	20001	1470	240	0	0
57541	2	20001	2310	1160	0	0
57541	3	25136	1490	3100	0	0
57541	4	25136	1070	440	0	0
57541	5	25136	250	1200	0	0
57541	6	25136	530	880	0	0
57541	7	25136	1950	1160	0	0
57541	8	20001	2290	2180	0	0
57541	9	25136	1950	2440	0	0
57541	10	25136	230	2480	0	0
57542	1	20001	1450	260	0	0
57542	2	20001	230	1200	0	0
57542	3	25136	550	900	0	0
57542	4	25136	2290	280	0	0
57542	5	25136	2290	460	0	0
57542	6	20001	2270	1540	0	0
57543	1	20001	1210	340	0	0
57543	2	25136	250	1180	0	0
57543	3	20001	2290	1540	0	0
57543	4	25136	250	1820	0	0
57543	5	25136	1950	1560	0	0
57801	1	17285	470	460	0	0
57801	2	17285	590	440	0	0
57801	3	17285	390	580	0	0
57801	4	17285	490	660	0	0
57801	5	17285	630	660	0	0
57801	6	17285	690	560	0	0
57801	7	15218	870	260	0	0
57811	1	15175	1370	1800	0	0
57812	1	46110	3170	600	163	3
57812	2	46112	4610	500	130	3
57812	3	46110	630	900	176	3
57812	4	46112	1450	640	230	3
57812	5	46112	3530	900	154	3
57812	6	46112	2090	580	185	1
58000	1	35002	2410	200	0	0
58000	2	15052	2370	140	0	0
59001	1	27012	710	580	0	0
59001	2	27002	650	540	0	0
59011	1	27012	590	320	0	0
59101	1	27008	350	380	0	0
59101	2	27021	570	400	0	0
59102	1	27080	530	300	0	0
59102	2	27109	290	400	0	0
59102	3	27110	190	440	0	0
59102	4	27111	570	540	0	0
59102	5	27112	470	580	0	0
59131	1	27004	350	380	0	0
59131	2	27005	290	420	0	0
59131	3	27003	410	540	0	0
59131	4	27012	450	560	0	0
59301	1	27001	270	200	0	0
59301	2	27002	370	180	0	0
59301	3	27056	130	380	0	0
59301	4	27003	490	340	0	0
59301	5	15050	550	380	0	0
59301	6	15049	610	420	0	0
59301	7	27031	210	220	0	0
59301	8	27168	590	440	0	0
59301	9	27168	590	440	0	0
59301	10	27169	510	360	0	0
59301	11	15450	510	360	0	0
59301	12	27059	450	400	0	0
59401	1	27130	530	680	0	0
59401	2	27129	330	680	0	0
59401	3	15050	190	700	0	0
59401	4	15049	250	660	0	0
59401	5	27004	350	760	0	0
59401	6	27005	410	720	0	0
59401	7	27002	390	820	0	0
59401	8	27003	130	740	0	0
59401	9	27001	430	680	0	0
59401	10	27131	690	680	0	0
59401	11	27132	170	680	0	0
59401	12	27168	390	680	0	0
59401	13	27168	390	680	0	0
59401	14	27013	270	700	0	0
59401	15	27014	210	720	0	0
59401	16	27015	330	740	0	0
59401	17	27016	310	820	0	0
59411	1	27003	610	440	0	0
59411	2	27012	910	440	0	0
59411	3	15049	530	400	0	0
59411	4	15050	710	480	0	0
59422	1	27009	1210	560	0	0
59422	2	27010	530	800	0	0
59432	1	27007	550	380	0	0
59432	2	27011	410	300	0	0
59432	3	27011	270	400	0	0
59432	4	27031	150	200	0	0
59432	5	27158	210	140	0	0
59432	6	27004	450	340	0	0
59432	7	27008	410	360	0	0
59432	8	27002	370	380	0	0
59432	9	27003	330	400	0	0
59432	10	27034	330	300	0	0
59432	11	27175	250	280	0	0
59433	1	27011	970	140	0	0
59433	2	27031	830	140	0	0
59434	1	27006	550	420	0	0
59434	2	15171	650	320	0	0
59434	3	27157	810	80	0	0
59441	1	27168	1270	1740	0	0
59441	2	27168	1270	1740	0	0
59441	3	27013	1330	1640	0	0
59441	4	27014	1250	1660	0	0
59441	5	27015	1170	1720	0	0
59441	6	27016	1150	1800	0	0
59441	7	27017	1290	1500	0	0
59441	8	27017	1230	1520	0	0
59441	9	27018	1170	1540	0	0
59441	10	27018	1130	1580	0	0
59441	11	27019	1090	1620	0	0
59441	12	27019	1050	1660	0	0
59441	13	27020	1010	1700	0	0
59441	14	27020	990	1760	0	0
59451	1	27029	530	820	0	0
59451	2	15087	610	780	0	0
59451	3	27030	830	700	0	0
59452	1	27006	410	280	0	0
59452	2	15050	490	300	0	0
59452	3	15049	570	380	0	0
59452	4	24011	530	340	0	0
59452	5	27077	390	360	0	0
59452	6	27078	430	400	0	0
59452	7	27013	210	360	0	0
59452	8	27014	270	340	0	0
59452	9	27015	330	320	0	0
59452	10	27016	390	300	0	0
59452	11	27032	150	340	0	0
59453	1	27030	470	280	0	0
59453	2	15087	530	220	0	0
59454	1	15087	330	340	0	0
59454	2	27032	330	340	0	0
59454	3	27003	470	360	0	0
59454	4	27033	550	300	0	0
59801	1	27057	210	1040	0	0
59802	1	35035	170	2340	0	0
59811	1	35039	1250	300	0	0
59811	2	27058	1350	340	0	0
59811	3	27057	1110	320	0	0
59811	4	27003	1530	440	0	0
59811	5	27056	1470	520	0	0
59812	1	35036	170	2360	0	0
59821	1	27058	2290	1000	0	0
59822	1	35037	1550	420	0	0
59832	1	35038	1450	980	0	0
59841	1	27003	1150	880	0	0
59841	2	27012	1230	880	0	0
59841	3	27085	670	760	0	0
59841	4	27086	870	760	0	0
59841	5	27087	670	860	0	0
59841	6	27085	870	860	0	0
59841	7	27088	1010	780	0	0
59841	8	27081	1010	840	0	0
59841	9	27082	1090	780	0	0
59841	10	27088	150	240	0	0
59841	11	27081	110	320	0	0
59841	12	27082	290	260	0	0
59841	13	27003	330	380	0	0
59841	14	27086	890	480	0	0
59841	15	27085	1090	480	0	0
59841	16	27087	890	580	0	0
59841	17	27086	1090	580	0	0
59841	18	27087	210	660	0	0
59841	19	27086	410	660	0	0
59841	20	27085	210	780	0	0
59841	21	27087	410	780	0	0
59841	22	27012	1130	960	0	0
59842	1	27082	1170	560	0	0
59842	2	27081	910	460	0	0
59842	3	27003	990	560	0	0
59842	4	27032	830	660	0	0
59842	5	27014	770	620	0	0
59842	6	27013	890	620	0	0
59842	7	27016	890	700	0	0
59842	8	27015	770	700	0	0
59842	9	27083	730	500	0	0
59842	10	27084	650	540	0	0
59842	11	27084	670	460	0	0
59842	12	27084	810	460	0	0
59842	13	15171	950	420	0	0
59842	14	27022	1230	540	0	0
59842	15	27012	1050	580	0	0
59842	16	27017	750	560	0	0
60001	1	16046	770	180	0	0
60001	2	16047	330	660	0	0
60001	3	16049	430	560	0	0
60001	4	15086	1070	480	0	0
60001	5	15089	970	500	0	0
60001	6	15092	990	420	0	0
60001	7	27062	610	300	0	0
60001	8	27063	630	400	0	0
60001	9	15335	850	760	0	0
60001	10	27070	1010	800	0	0
60001	11	15138	790	820	0	0
60001	12	27076	890	860	0	0
60001	13	27076	930	900	0	0
60001	14	27076	990	900	0	0
60001	15	27076	870	840	0	0
60001	16	27076	910	880	0	0
60001	17	27076	950	900	0	0
60001	18	15071	330	220	0	0
60011	1	27065	710	420	0	0
60011	2	27066	590	540	0	0
60012	1	15361	230	820	0	0
60012	2	27089	90	780	0	0
60012	3	27063	270	840	0	0
60012	4	27065	150	740	0	0
60012	5	15362	510	140	0	0
60012	6	12100	450	240	0	0
60012	7	27062	290	160	0	0
60012	8	27063	350	120	0	0
60012	9	12166	370	760	0	0
60012	10	27059	410	660	0	0
60012	11	27060	290	700	0	0
60012	12	27061	450	820	0	0
60012	13	27065	530	840	0	0
60012	14	27065	450	880	0	0
60012	15	27067	290	640	0	0
60012	16	27068	210	680	0	0
60012	17	27089	490	720	0	0
60021	1	27061	350	300	0	0
60021	2	27067	450	320	0	0
60021	3	27068	390	380	0	0
60021	4	12166	250	240	0	0
60041	1	27068	430	500	0	0
60041	2	27068	1090	380	0	0
60101	1	27064	370	360	0	0
60105	1	15380	230	420	0	0
60105	2	27027	490	460	0	0
60301	1	27059	310	160	0	0
60301	2	27060	490	180	0	0
60301	3	27061	330	320	0	0
60301	4	27065	590	220	0	0
60301	5	27066	430	360	0	0
60301	6	27067	690	260	0	0
60301	7	27068	530	400	0	0
60301	8	27079	630	340	0	0
60301	9	27089	490	300	0	0
60301	10	15450	550	260	0	0
60302	1	27108	910	340	0	0
60302	2	27126	830	580	0	0
60302	3	27127	770	580	0	0
60302	4	27065	250	880	0	0
60302	5	27065	470	880	0	0
60302	6	27108	170	560	0	0
60302	7	27089	250	620	0	0
60302	8	27060	310	660	0	0
60302	9	27061	230	700	0	0
60303	1	27059	290	160	0	0
60303	2	27060	510	160	0	0
60303	3	27061	330	280	0	0
60303	4	27089	190	180	0	0
60303	5	27063	390	220	0	0
60303	6	27065	510	280	0	0
60303	7	40013	510	220	0	0
60303	8	40014	470	240	0	0
60303	9	15373	550	260	0	0
60303	10	15371	430	280	0	0
60303	11	15372	490	300	0	0
60304	1	27062	490	400	0	0
60304	2	27063	590	480	0	0
60304	3	27089	450	480	0	0
60304	4	40013	490	620	0	0
60304	5	40014	610	600	0	0
60304	6	15372	550	460	0	0
60304	7	15371	430	520	0	0
60304	8	15373	550	600	0	0
60401	1	16048	890	120	0	0
60401	2	27067	650	400	0	0
60401	3	27068	470	540	0	0
60401	4	14236	210	580	0	0
60401	5	27065	310	560	0	0
60401	6	27066	170	660	0	0
60401	7	15333	830	620	0	0
60401	8	15329	690	180	0	0
60401	9	15331	790	140	0	0
60401	10	27064	970	140	0	0
60401	11	15215	1170	260	0	0
60401	12	17488	1110	240	0	0
60401	13	12100	1210	380	0	0
60401	14	12099	1250	320	0	0
60411	1	15067	1070	440	0	0
60411	2	15154	910	520	0	0
60411	3	15155	950	560	0	0
60421	1	27065	790	380	0	0
60421	2	27066	650	480	0	0
60421	3	15334	570	220	0	0
60422	1	27060	730	440	0	0
60422	2	27065	810	460	0	0
60422	3	27066	750	500	0	0
60422	4	12166	630	340	0	0
60431	1	27077	430	240	0	0
60431	2	27108	370	360	0	0
60431	3	27089	310	440	0	0
60431	4	27060	270	480	0	0
60431	5	27061	350	480	0	0
60431	6	27065	230	400	0	0
60431	7	27065	410	440	0	0
60431	8	27135	550	440	0	0
60431	9	27136	130	320	0	0
60431	10	27137	430	240	0	0
60431	11	27138	250	580	0	0
60431	12	27138	370	580	0	0
60431	13	27139	310	580	0	0
60431	14	27139	430	580	0	0
60431	15	27059	490	240	0	0
60441	1	27078	790	600	0	0
60441	2	27077	850	540	0	0
60441	3	27089	930	520	0	0
60441	4	27157	330	560	0	0
60452	1	12166	210	300	0	0
60452	2	27161	230	440	0	0
60452	3	27089	170	440	0	0
60452	4	27065	290	540	0	0
60452	5	27066	230	540	0	0
60452	6	27067	170	540	0	0
60452	7	27068	110	540	0	0
60462	1	27125	610	180	0	0
60462	2	27108	470	260	0	0
60462	3	27062	390	300	0	0
60462	4	27063	410	340	0	0
60471	1	27107	1230	420	0	0
60471	2	27125	1050	360	0	0
60494	1	27154	710	700	0	0
60502	1	27070	190	1500	0	0
60502	2	27079	250	1600	0	0
60508	1	27035	190	980	0	0
60508	2	27036	150	920	0	0
60511	1	15021	1330	360	0	0
60511	2	27050	1350	480	0	0
60511	3	27050	1190	340	0	0
60511	4	27051	1130	440	0	0
60511	5	27051	1150	560	0	0
60511	6	27050	1310	580	0	0
60512	1	14561	290	180	0	0
60512	2	27065	210	140	0	0
60512	3	27066	290	100	0	0
60512	4	27062	430	140	0	0
60512	5	27063	510	180	0	0
60512	6	27059	490	120	0	0
60521	1	27108	1850	860	0	0
60521	2	27106	1630	860	0	0
60523	1	27105	1050	800	0	0
60523	2	27108	870	840	0	0
60801	1	27074	2950	360	0	0
60802	1	27074	350	800	0	0
60803	1	27074	1430	900	0	0
60804	1	27074	950	420	0	0
60806	1	27074	1030	360	0	0
60807	1	27071	1910	660	174	1
60807	2	27071	790	820	257	3
60807	3	27071	1210	1500	151	1
60807	4	27075	1870	1540	184	3
60807	5	27075	1050	1160	215	1
60808	1	27069	1230	580	134	3
60808	2	27069	550	760	167	1
60808	3	27073	650	540	140	1
60808	4	27073	1190	980	122	1
60809	1	27072	510	1600	135	3
60809	2	27076	1050	1560	147	3
60809	3	27076	550	540	149	1
60809	4	27072	1210	580	173	3
60809	5	27070	690	1240	0	0
60809	6	27076	750	1380	0	0
60809	7	27076	790	1360	0	0
60809	8	27076	830	1340	0	0
60809	9	15138	810	1380	0	0
60809	10	27076	790	1440	0	0
60809	11	27076	830	1420	0	0
60809	12	27076	870	1400	0	0
60809	13	14213	730	1360	0	0
60809	14	14213	770	1340	0	0
60809	15	14213	810	1320	0	0
60809	16	14213	810	1480	0	0
60809	17	14213	850	1460	0	0
60809	18	14213	890	1440	0	0
60809	19	14214	730	1220	0	0
60810	1	27070	1910	860	210	1
60810	2	27070	510	900	163	1
60810	3	27070	1450	800	243	3
60810	4	27074	1250	880	145	3
60810	5	27074	1770	700	196	1
60811	1	27100	970	1520	181	3
60811	2	27101	650	1340	189	3
60811	3	27100	510	560	149	3
60811	4	27101	1190	600	151	1
60821	1	27090	570	480	145	1
60821	2	27091	870	800	174	1
60821	3	27091	1590	880	165	1
60821	4	27090	1650	280	139	1
60821	5	27091	2870	380	166	3
60821	6	27090	2630	820	154	1
60821	7	27091	1970	680	155	3
60822	1	27092	830	1780	206	3
60822	2	27092	430	720	218	3
60822	3	27092	1210	440	188	3
60822	4	27093	930	520	200	1
60822	5	27093	870	1120	165	3
60822	6	27093	1230	2120	161	1
60823	1	27094	990	480	235	1
60823	2	27094	1090	1320	154	3
60823	3	27094	1910	1540	188	1
60823	4	27094	1910	600	138	3
60823	5	27095	1450	460	132	3
60823	6	27095	490	700	237	3
60823	7	27095	690	1140	124	1
60823	8	27095	1570	1300	163	1
60831	1	27096	590	860	217	3
60831	2	27096	2010	660	177	3
60831	3	27096	2610	900	128	1
60831	4	27096	3230	640	189	1
60831	5	27096	3650	620	169	1
60831	6	27097	3430	920	143	3
60831	7	27097	2910	880	164	3
60831	8	27097	2290	800	230	3
60831	9	27097	1930	920	133	1
60831	10	27097	910	740	163	1
61001	1	17639	410	600	0	0
61001	2	17639	610	680	0	0
61001	3	16053	1150	800	0	0
61001	4	14600	470	660	0	0
61001	5	14609	650	500	0	0
61001	6	17638	590	520	0	0
61001	7	17638	630	540	0	0
61001	8	14599	330	780	0	0
61001	9	14617	430	700	0	0
61001	10	17598	510	720	0	0
61001	11	17599	370	660	0	0
61001	12	14598	210	760	0	0
61002	1	15355	1150	520	0	0
61002	2	15354	1110	460	0	0
61002	3	16050	210	820	0	0
61002	4	16051	970	180	0	0
61002	5	16056	590	440	0	0
61002	6	14616	670	600	0	0
61002	7	14563	710	660	0	0
61002	8	14564	570	600	0	0
61002	9	17259	450	600	0	0
61002	10	17259	370	640	0	0
61002	11	15347	410	620	0	0
61002	12	14598	450	780	0	0
61002	13	14599	590	820	0	0
61002	14	14607	510	820	0	0
61002	15	14608	370	760	0	0
61002	16	27102	550	620	0	0
61002	17	27103	690	680	0	0
61011	1	17647	710	700	0	0
61011	2	17647	910	620	0	0
61011	3	17652	650	720	0	0
61011	4	16053	110	820	0	0
61011	5	15359	810	660	0	0
61011	6	17652	730	600	0	0
61011	7	17652	790	580	0	0
61011	8	31004	770	800	0	0
61011	9	31003	830	760	0	0
61011	10	31002	890	720	0	0
61011	11	31001	950	680	0	0
61011	12	14601	710	760	0	0
61011	13	14600	970	800	0	0
61011	14	17652	970	860	0	0
61011	15	17652	1050	820	0	0
61012	1	15347	430	740	0	0
61012	2	31002	470	720	0	0
61012	3	17641	770	480	0	0
61012	4	16050	1070	340	0	0
61012	5	16051	90	880	0	0
61012	6	15353	430	480	0	0
61012	7	15352	330	280	0	0
61012	8	16056	830	120	0	0
61012	9	14613	930	780	0	0
61012	10	14615	990	760	0	0
61012	11	14601	830	760	0	0
61012	12	14600	710	140	0	0
61012	13	14601	450	240	0	0
61012	14	17652	290	400	0	0
61012	15	17652	370	360	0	0
61012	16	17652	370	440	0	0
61021	1	15032	1070	500	0	0
61021	2	15209	610	320	0	0
61021	3	15342	950	780	0	0
61021	4	17647	830	700	0	0
61021	5	17647	1070	860	0	0
61021	6	15347	890	740	0	0
61021	7	15347	1010	820	0	0
61021	8	14600	850	880	0	0
61021	9	17640	830	820	0	0
61021	10	17640	910	880	0	0
61031	1	14620	1010	480	0	0
61031	2	14621	1050	320	0	0
61031	3	14622	990	300	0	0
61031	4	14618	990	440	0	0
61031	5	15374	350	380	0	0
61041	1	15441	1030	740	0	0
61041	2	15440	830	660	0	0
61041	3	15196	890	680	0	0
61041	4	15258	870	620	0	0
61041	5	15073	770	640	0	0
61041	6	15018	790	700	0	0
61041	7	15440	830	660	0	0
61041	8	15441	1030	740	0	0
61041	9	17769	770	660	0	0
61101	1	14609	550	360	0	0
61102	1	14601	350	360	0	0
61103	1	14600	170	380	0	0
61103	2	14615	430	360	0	0
61103	3	14601	470	380	0	0
61103	4	14613	310	460	0	0
61104	1	15342	670	380	0	0
61105	1	14620	390	360	0	0
61105	2	14622	290	380	0	0
61105	3	14618	350	400	0	0
61105	4	14621	510	380	0	0
61105	5	17641	310	400	0	0
61131	1	14599	370	360	0	0
61133	1	14605	350	300	0	0
61134	1	14602	530	340	0	0
61134	2	14603	590	380	0	0
61136	1	15343	370	340	0	0
61136	2	15363	270	360	0	0
61137	1	15376	350	380	0	0
61138	1	15442	330	400	0	0
61138	2	17769	530	380	0	0
61138	3	15441	510	480	0	0
61138	4	15440	290	420	0	0
61171	1	14607	350	300	0	0
61171	2	14608	430	280	0	0
61172	1	15344	450	360	0	0
61173	1	14606	410	300	0	0
61174	1	15289	470	340	0	0
61174	2	27128	570	420	0	0
61175	1	15014	430	320	0	0
61175	2	15343	550	360	0	0
61175	3	40011	230	320	0	0
61177	1	15375	490	380	0	0
61178	1	40061	610	440	0	0
61301	1	17650	290	500	0	0
61301	2	14598	410	380	0	0
61301	3	17650	690	520	0	0
61301	4	14607	790	360	0	0
61301	5	14608	690	380	0	0
61301	6	14562	470	520	0	0
61301	7	17607	530	540	0	0
61301	8	17608	430	560	0	0
61301	9	14598	450	460	0	0
61301	10	14607	530	480	0	0
61301	11	14608	570	540	0	0
61411	1	17652	650	980	0	0
61411	2	17652	1070	980	0	0
61411	3	14615	430	1180	0	0
61411	4	17652	290	1140	0	0
61411	5	17652	350	1260	0	0
61411	6	17652	310	1180	0	0
61411	7	17652	330	1220	0	0
61411	8	17651	430	1280	0	0
61411	9	17651	170	1160	0	0
61411	10	14600	230	1240	0	0
61411	11	14609	110	1180	0	0
61411	12	17651	490	1260	0	0
61411	13	17651	230	1140	0	0
61411	14	40004	770	780	0	0
61411	15	40004	930	780	0	0
61411	16	40003	690	880	0	0
61411	17	40003	850	920	0	0
61411	18	40003	1010	880	0	0
61411	19	40005	710	1020	0	0
61411	20	40005	990	1020	0	0
61411	21	14609	930	900	0	0
61411	22	14600	770	900	0	0
61411	23	14615	930	1040	0	0
61411	24	17652	150	1220	0	0
61411	25	17652	210	1200	0	0
61411	26	17652	270	1180	0	0
61411	27	17652	390	1240	0	0
61411	28	17652	450	1220	0	0
61411	29	14615	770	840	0	0
61421	1	14604	670	500	0	0
61431	1	28053	470	740	0	0
61431	2	28053	430	820	0	0
61431	3	15289	990	660	0	0
61431	4	15032	1110	620	0	0
61431	5	14602	790	720	0	0
61441	1	27146	610	560	0	0
61441	2	27015	830	700	0	0
61441	3	27146	1070	600	0	0
61528	1	14623	530	160	0	0
61528	2	14618	470	180	0	0
61528	3	14620	590	260	0	0
61528	4	14622	350	140	0	0
61528	5	28055	350	140	0	0
61531	1	14600	1250	1440	0	0
61531	2	40004	1170	1380	0	0
61531	3	40004	1350	1380	0	0
61531	4	40004	1230	1380	0	0
61531	5	40004	1290	1380	0	0
61531	6	14601	1250	1500	0	0
61531	7	17652	1170	1540	0	0
61531	8	17652	1230	1540	0	0
61531	9	17652	1290	1540	0	0
61531	10	17652	1350	1540	0	0
61531	11	14615	1250	1320	0	0
61531	12	14615	310	340	0	0
61531	13	14615	1150	380	0	0
61531	14	14615	1990	360	0	0
61532	1	14615	170	960	0	0
61533	1	14615	330	380	0	0
61534	1	14615	3150	300	0	0
61535	1	40008	1270	320	0	0
61535	2	14609	1350	460	0	0
61535	3	14600	1270	380	0	0
61535	4	14601	1390	420	0	0
61535	5	40010	990	360	0	0
61535	6	40010	1070	320	0	0
61535	7	40010	990	460	0	0
61535	8	40010	1070	420	0	0
61535	9	40010	1150	360	0	0
61535	10	14613	1410	320	0	0
61535	11	14614	1430	380	0	0
61535	12	40009	990	360	0	0
61535	13	40009	1070	320	0	0
61535	14	40009	1150	360	0	0
61535	15	40009	1070	420	0	0
61535	16	40009	990	460	0	0
61536	1	20002	170	980	0	0
61536	2	20002	670	980	0	0
61536	3	20002	710	1020	0	0
61536	4	20002	590	980	0	0
61536	5	20002	630	1020	0	0
61536	6	20002	710	960	0	0
61536	7	20002	710	1080	0	0
61536	8	20002	670	1040	0	0
61536	9	20002	630	960	0	0
61536	10	20002	130	1000	0	0
61536	11	20002	210	980	0	0
61536	12	20002	150	960	0	0
61536	13	20002	210	1020	0	0
61536	14	20002	170	1040	0	0
61536	15	20002	250	980	0	0
61537	1	20002	2290	460	0	0
61537	2	20002	2250	460	0	0
61537	3	20002	2390	460	0	0
61537	4	20002	2350	460	0	0
61537	5	20002	2370	480	0	0
61537	6	20002	2310	500	0	0
61537	7	20002	2270	420	0	0
61537	8	20002	2210	440	0	0
61537	9	15358	2310	320	0	0
61537	10	14615	2370	340	0	0
61537	11	14600	2070	380	0	0
61537	12	14614	2110	420	0	0
61537	13	14601	2010	480	0	0
61541	1	25190	570	1100	0	0
61541	2	25193	1930	960	0	0
61541	3	25197	1370	940	0	0
61542	1	25190	510	220	0	0
61542	2	25193	210	480	0	0
61542	3	25196	310	200	0	0
61543	1	25191	1110	980	0	0
61543	2	25194	1350	240	0	0
61543	3	25197	1330	1860	0	0
61544	1	25192	330	520	0	0
61544	2	25195	470	520	0	0
61544	3	25198	410	220	0	0
61545	1	25192	410	900	0	0
61545	2	25195	1270	1860	0	0
61545	3	25198	2090	1860	0	0
61545	4	25198	2110	260	0	0
61545	5	25195	1270	240	0	0
61545	6	25192	2210	960	0	0
61546	1	25190	410	520	0	0
61546	2	25193	510	220	0	0
61546	3	25196	350	220	0	0
61547	1	25191	1350	460	0	0
61547	2	25194	350	1220	0	0
61547	3	25197	2070	860	0	0
61548	1	25192	590	520	0	0
61548	2	25195	470	220	0	0
61548	3	25198	170	400	0	0
61549	1	25192	1290	880	0	0
61549	2	25195	430	2460	0	0
61549	3	25198	1290	1500	0	0
61552	1	15441	230	280	0	0
61552	2	15440	230	280	0	0
61555	1	15440	2330	260	0	0
61560	1	28070	450	240	0	0
61560	2	15441	450	240	0	0
61564	1	14409	3150	1560	0	0
61566	1	40061	470	240	0	0
61566	2	15440	650	380	0	0
61566	3	15441	610	400	0	0
61567	1	15442	230	280	0	0
61567	2	40061	230	280	0	0
61803	1	17650	530	1360	164	3
61803	2	17651	690	580	157	1
61803	3	17651	1090	1480	202	1
61803	4	17650	1530	540	167	3
61803	5	17651	1570	980	188	3
61803	6	17650	1710	1500	203	1
61803	7	17651	1970	620	190	3
61811	1	28051	610	620	172	3
61811	2	28052	1270	540	172	3
61811	3	28052	910	980	155	3
61811	4	28051	1510	940	155	3
61811	5	28052	2010	440	158	1
61811	6	28051	2790	920	177	3
61811	7	28052	3090	520	176	3
61811	8	28051	2110	880	0	0
61811	9	15343	2210	980	0	0
61812	1	17648	910	1520	168	3
61812	2	17649	610	900	185	1
61812	3	17649	1190	1100	154	3
61812	4	17648	1130	620	166	3
61812	5	40012	830	300	0	0
61822	1	28043	550	660	176	3
61822	2	28044	1070	1100	184	3
61822	3	28043	910	1540	173	3
61822	4	28044	530	1540	185	3
61822	5	28043	610	1080	167	3
61822	6	15343	1450	420	0	0
61822	7	28044	1310	480	0	0
61831	1	17642	810	460	143	1
61831	2	17643	610	860	152	1
61831	3	17642	1710	800	173	3
61831	4	17643	1850	380	154	1
61831	5	17642	2470	520	171	1
61831	6	17643	2890	760	146	1
61831	7	15164	2730	140	0	0
61832	1	17644	670	380	152	3
61832	2	17645	1130	360	184	3
61832	3	17645	830	760	178	3
61832	4	17644	1550	760	177	3
61832	5	17645	2090	600	174	3
61832	6	17645	1670	1200	185	3
61832	7	17644	2110	1400	164	3
61832	8	17645	950	1400	176	3
61832	9	17644	450	1440	151	3
61841	1	28049	510	480	136	3
61841	2	28050	830	800	186	1
61841	3	28049	1330	900	170	3
61841	4	28050	1930	960	157	3
61841	5	28049	2190	540	154	3
61841	6	28050	2450	940	169	3
61841	7	28049	3030	360	122	3
61842	1	17647	790	1520	152	3
61842	2	17647	550	1140	146	3
61842	3	17646	650	660	171	1
61842	4	17646	1230	560	180	1
61842	5	17647	1270	1100	200	1
61842	6	17646	1930	1120	182	3
61842	7	17647	1530	1580	180	1
61852	1	28047	670	1520	194	3
61852	2	28048	670	1040	179	3
61852	3	28047	690	580	188	3
61852	4	28048	1510	560	178	1
61852	5	28047	1970	640	168	3
61852	6	28048	1830	1120	181	1
61852	7	28047	1710	1520	176	3
61852	8	28047	250	300	0	0
61852	9	15343	370	380	0	0
61861	1	28054	1390	400	0	0
61861	2	28054	1450	340	0	0
61861	3	14618	1390	400	0	0
61861	4	14619	1450	340	0	0
61861	5	14620	1310	480	0	0
61871	1	28053	330	1100	0	0
61871	2	15196	390	1140	0	0
61871	3	15258	270	1140	0	0
61871	4	15018	390	1060	0	0
61871	5	15073	270	1060	0	0
61871	6	15441	330	1100	0	0
61871	7	15441	490	340	0	0
61871	8	28069	910	980	0	0
61871	9	28069	910	1060	0	0
61871	10	28069	970	1020	0	0
61871	11	28070	1370	360	0	0